Date,CDX.NA.IG
01/12/2015,80.55
02/12/2015,82.208
03/12/2015,83.482
04/12/2015,81.965
07/12/2015,83.474
08/12/2015,86.021
09/12/2015,85.98
10/12/2015,87.844
11/12/2015,96.325
14/12/2015,92.708
15/12/2015,90.545
16/12/2015,89.463
17/12/2015,94.419
18/12/2015,95.251
21/12/2015,95.088
22/12/2015,92.396
23/12/2015,89.959
24/12/2015,89.705
28/12/2015,90.538
29/12/2015,88.422
30/12/2015,88.428
31/12/2015,88.244
04/01/2016,90.503
05/01/2016,90.581
06/01/2016,92.702
07/01/2016,96.07
08/01/2016,98.652
11/01/2016,98.352
12/01/2016,98.706
13/01/2016,104.708
14/01/2016,103.685
15/01/2016,109.992
19/01/2016,110.452
20/01/2016,110.868
21/01/2016,108.587
22/01/2016,104.094
25/01/2016,106.757
26/01/2016,104.573
27/01/2016,104.729
28/01/2016,103.437
29/01/2016,101.98
01/02/2016,104.02
02/02/2016,108.652
03/02/2016,107.695
04/02/2016,109.574
05/02/2016,114.8
08/02/2016,120.244
09/02/2016,119.554
10/02/2016,121.563
11/02/2016,124.6
12/02/2016,121.962
16/02/2016,121.253
17/02/2016,116.818
18/02/2016,116.77
19/02/2016,118.128
22/02/2016,113.495
23/02/2016,115.725
24/02/2016,114.503
25/02/2016,112.628
26/02/2016,110.29
29/02/2016,107.456
01/03/2016,100.583
02/03/2016,100.125
03/03/2016,96.946
04/03/2016,94.368
07/03/2016,93.71
08/03/2016,98.167
09/03/2016,96.213
10/03/2016,90.813
11/03/2016,82.847
14/03/2016,85.126
15/03/2016,89.083
16/03/2016,85.711
17/03/2016,83.694
18/03/2016,85.154
21/03/2016,77.556
22/03/2016,80.855
23/03/2016,81.253
24/03/2016,83.415
28/03/2016,83.23
29/03/2016,82.52
30/03/2016,78.508
31/03/2016,78.592
01/04/2016,75.542
04/04/2016,76.27
05/04/2016,79.628
06/04/2016,77.678
07/04/2016,82.34
08/04/2016,82.331
11/04/2016,81.402
12/04/2016,79.519
13/04/2016,79.488
14/04/2016,78.99
15/04/2016,80.17
18/04/2016,77.921
19/04/2016,75.59
20/04/2016,72.744
21/04/2016,74.106
22/04/2016,73
25/04/2016,74.629
26/04/2016,74.497
27/04/2016,73.73
28/04/2016,76.481
29/04/2016,77.478
02/05/2016,77.965
03/05/2016,81.479
04/05/2016,83.346
05/05/2016,84.742
06/05/2016,85.265
09/05/2016,84.013
10/05/2016,80.507
11/05/2016,82.217
12/05/2016,81.288
13/05/2016,83.312
16/05/2016,81.535
17/05/2016,82.507
18/05/2016,83.727
19/05/2016,85.188
20/05/2016,83.749
23/05/2016,83.596
24/05/2016,79.573
25/05/2016,77.085
26/05/2016,77.036
27/05/2016,76.242
31/05/2016,76.668
01/06/2016,77.314
02/06/2016,77.124
03/06/2016,77.365
06/06/2016,74.393
07/06/2016,73.773
08/06/2016,73.594
09/06/2016,75.993
10/06/2016,78.775
13/06/2016,81.54
14/06/2016,84.093
15/06/2016,85.208
16/06/2016,82.717
17/06/2016,82.805
20/06/2016,80.12
21/06/2016,78.57
22/06/2016,78.91
23/06/2016,76.247
24/06/2016,86.963
27/06/2016,91.179
28/06/2016,84.598
29/06/2016,81.27
30/06/2016,76.984
01/07/2016,77.417
05/07/2016,78.993
06/07/2016,76.343
07/07/2016,76.72
08/07/2016,73.001
11/07/2016,72.307
12/07/2016,70.882
13/07/2016,71.345
14/07/2016,71.331
15/07/2016,72.844
18/07/2016,70.975
19/07/2016,71.254
20/07/2016,70.212
21/07/2016,71.342
22/07/2016,70.563
25/07/2016,73.451
26/07/2016,74.577
27/07/2016,73.45
28/07/2016,74.295
29/07/2016,72.025
01/08/2016,75.231
02/08/2016,76.833
03/08/2016,74.941
04/08/2016,73.22
05/08/2016,70.725
08/08/2016,71.34
09/08/2016,71.175
10/08/2016,72.138
11/08/2016,71.503
12/08/2016,71.597
15/08/2016,70.45
16/08/2016,71.07
17/08/2016,70.704
18/08/2016,69.572
19/08/2016,70.478
22/08/2016,71.891
23/08/2016,70.768
24/08/2016,71.762
25/08/2016,71.482
26/08/2016,72.017
29/08/2016,71.176
30/08/2016,71.258
31/08/2016,72.82
01/09/2016,73.885
02/09/2016,72.544
06/09/2016,71.162
07/09/2016,71.635
08/09/2016,71.652
09/09/2016,76.072
12/09/2016,73.257
13/09/2016,76.926
14/09/2016,77.31
15/09/2016,74.651
16/09/2016,75.958
19/09/2016,74.765
20/09/2016,81.698
21/09/2016,78.506
22/09/2016,76.015
23/09/2016,76.876
26/09/2016,79.113
27/09/2016,77.42
28/09/2016,75.365
29/09/2016,78.265
30/09/2016,75.132
03/10/2016,75.232
04/10/2016,75.705
05/10/2016,74.75
06/10/2016,74.257
07/10/2016,74.349
11/10/2016,75.753
12/10/2016,75.52
13/10/2016,76.053
14/10/2016,75.674
17/10/2016,76.078
18/10/2016,75.003
19/10/2016,73.725
20/10/2016,73.938
21/10/2016,73.799
24/10/2016,73.767
25/10/2016,74.537
26/10/2016,75.345
27/10/2016,76.257
28/10/2016,77.702
31/10/2016,78.708
01/11/2016,79.52
02/11/2016,79.977
03/11/2016,80.702
04/11/2016,80.967
07/11/2016,76.447
08/11/2016,75.757
09/11/2016,74.467
10/11/2016,75.447
14/11/2016,77.503
15/11/2016,73.988
16/11/2016,75.255
17/11/2016,74.932
18/11/2016,76.786
21/11/2016,75.733
22/11/2016,73.855
23/11/2016,73.979
25/11/2016,73.07
28/11/2016,73.845
29/11/2016,73.5
30/11/2016,72.751
01/12/2016,73.507
02/12/2016,72.921
05/12/2016,71.894
06/12/2016,69.54
07/12/2016,68.035
08/12/2016,68.895
09/12/2016,66.89
12/12/2016,68.095
13/12/2016,67.827
14/12/2016,69.43
15/12/2016,68.798
16/12/2016,68.945
19/12/2016,67.695
20/12/2016,66.512
21/12/2016,66.249
22/12/2016,66.113
23/12/2016,66.474
27/12/2016,66.753
28/12/2016,67.909
29/12/2016,68.109
30/12/2016,67.585
03/01/2017,65.669
04/01/2017,63.476
05/01/2017,63.743
06/01/2017,64.47
09/01/2017,65.451
10/01/2017,66.075
11/01/2017,65.942
12/01/2017,66.328
13/01/2017,65.82
17/01/2017,66.428
18/01/2017,65.719
19/01/2017,66.095
20/01/2017,65.879
23/01/2017,66.447
24/01/2017,65.415
25/01/2017,63.809
26/01/2017,63.988
27/01/2017,64.157
30/01/2017,65.788
31/01/2017,66.26
01/02/2017,65.83
02/02/2017,65.548
03/02/2017,63.605
06/02/2017,64.757
07/02/2017,65.54
08/02/2017,66.861
09/02/2017,64.712
10/02/2017,64.482
13/02/2017,63.268
14/02/2017,62.8
15/02/2017,62.979
16/02/2017,63.691
17/02/2017,63.517
21/02/2017,62.57
22/02/2017,62.583
23/02/2017,62.33
24/02/2017,62.558
27/02/2017,62.268
28/02/2017,62.577
01/03/2017,60.146
02/03/2017,60.373
03/03/2017,59.841
06/03/2017,60.6
07/03/2017,62.524
08/03/2017,63.894
09/03/2017,64.469
10/03/2017,64.547
13/03/2017,64.853
14/03/2017,65.803
15/03/2017,61.836
16/03/2017,61.895
17/03/2017,60.952
20/03/2017,68.385
21/03/2017,69.678
22/03/2017,68.342
23/03/2017,67.982
24/03/2017,67.014
27/03/2017,67.805
28/03/2017,67.18
29/03/2017,67.783
30/03/2017,66.813
31/03/2017,66.331
03/04/2017,66.702
04/04/2017,65.93
05/04/2017,65.897
06/04/2017,65.497
07/04/2017,65.447
10/04/2017,65.434
11/04/2017,66.385
12/04/2017,67.671
13/04/2017,67.915
17/04/2017,67.892
18/04/2017,68.794
19/04/2017,69.184
20/04/2017,67.497
21/04/2017,67.078
24/04/2017,64.238
25/04/2017,62.572
26/04/2017,63.361
27/04/2017,63.576
28/04/2017,63.978
01/05/2017,63.377
02/05/2017,62.882
03/05/2017,62.648
04/05/2017,63.253
05/05/2017,61.879
08/05/2017,62.316
09/05/2017,62.431
10/05/2017,61.62
11/05/2017,62.156
12/05/2017,62.618
15/05/2017,61.636
16/05/2017,61.693
17/05/2017,65.624
18/05/2017,64.541
19/05/2017,63.528
22/05/2017,62.2
23/05/2017,61.868
24/05/2017,61.893
25/05/2017,62.058
26/05/2017,62.2
30/05/2017,62.313
31/05/2017,61.585
01/06/2017,60.438
02/06/2017,59.826
05/06/2017,60.217
06/06/2017,60.735
07/06/2017,61.1
08/06/2017,61.078
09/06/2017,60.69
12/06/2017,59.994
13/06/2017,58.732
14/06/2017,58.735
15/06/2017,60.345
16/06/2017,61.502
19/06/2017,59.938
20/06/2017,61.554
21/06/2017,62.854
22/06/2017,61.442
23/06/2017,60.355
26/06/2017,59.593
27/06/2017,61.578
28/06/2017,60.219
29/06/2017,61.539
30/06/2017,60.519
03/07/2017,60.415
05/07/2017,61.222
06/07/2017,62.301
07/07/2017,61.644
10/07/2017,61.78
11/07/2017,61.788
12/07/2017,59.908
13/07/2017,58.768
14/07/2017,58.167
17/07/2017,57.477
18/07/2017,57.349
19/07/2017,56.972
20/07/2017,56.999
21/07/2017,56.9
24/07/2017,56.283
25/07/2017,56.283
26/07/2017,56.505
27/07/2017,57.426
28/07/2017,57.647
31/07/2017,57.226
01/08/2017,56.411
02/08/2017,56.295
03/08/2017,57.344
04/08/2017,57.715
07/08/2017,57.813
08/08/2017,59.185
09/08/2017,59.515
10/08/2017,62.176
11/08/2017,61.462
14/08/2017,59.632
15/08/2017,59.634
16/08/2017,59.628
17/08/2017,62.681
18/08/2017,62.35
21/08/2017,62.144
22/08/2017,60.299
23/08/2017,61.114
24/08/2017,60.185
25/08/2017,59.698
28/08/2017,59.519
29/08/2017,60.071
30/08/2017,59.073
31/08/2017,57.892
01/09/2017,57.116
05/09/2017,59.159
06/09/2017,58.618
07/09/2017,59.255
08/09/2017,60.274
11/09/2017,57.395
12/09/2017,56.164
13/09/2017,56.04
14/09/2017,56.695
15/09/2017,56.095
18/09/2017,55.859
19/09/2017,54.961
20/09/2017,58.719
21/09/2017,59.556
22/09/2017,59.906
25/09/2017,59.438
26/09/2017,58.712
27/09/2017,57.472
28/09/2017,56.615
29/09/2017,55.632
02/10/2017,54.628
03/10/2017,54.177
04/10/2017,54.471
05/10/2017,53.204
06/10/2017,54.244
10/10/2017,54.27
11/10/2017,54.761
12/10/2017,55.649
13/10/2017,54.574
16/10/2017,54.242
17/10/2017,53.936
18/10/2017,53.731
19/10/2017,53.37
20/10/2017,52.198
23/10/2017,52.924
24/10/2017,53.19
25/10/2017,54.201
26/10/2017,54.105
27/10/2017,52.762
30/10/2017,52.986
31/10/2017,52.15
01/11/2017,53.023
02/11/2017,52.98
03/11/2017,53.4
06/11/2017,53.152
07/11/2017,54.452
08/11/2017,55.011
09/11/2017,55.949
10/11/2017,56.042
13/11/2017,56.424
14/11/2017,57.397
15/11/2017,57.198
16/11/2017,54.993
17/11/2017,55.35
20/11/2017,54.725
21/11/2017,53.062
22/11/2017,52.507
24/11/2017,52.332
27/11/2017,53.532
28/11/2017,52.245
29/11/2017,52.908
30/11/2017,52.088
01/12/2017,52.389
04/12/2017,51.768
05/12/2017,51.968
06/12/2017,52.316
07/12/2017,51.607
08/12/2017,50.914
11/12/2017,50.262
12/12/2017,50.525
13/12/2017,50.339
14/12/2017,51.019
15/12/2017,50.341
18/12/2017,49.52
19/12/2017,49.758
20/12/2017,49.083
21/12/2017,48.55
22/12/2017,49.482
26/12/2017,49.007
27/12/2017,48.693
28/12/2017,49.43
29/12/2017,49.02
02/01/2018,48.455
03/01/2018,47.095
04/01/2018,45.877
05/01/2018,45.518
08/01/2018,45.382
09/01/2018,46.452
10/01/2018,46.777
11/01/2018,46.832
12/01/2018,47.068
16/01/2018,48.007
17/01/2018,47.998
18/01/2018,47.992
19/01/2018,47.515
22/01/2018,46.885
23/01/2018,46.07
24/01/2018,46.575
25/01/2018,46.21
26/01/2018,45.257
29/01/2018,46.543
30/01/2018,47.168
31/01/2018,47.28
01/02/2018,48.018
02/02/2018,50.38
05/02/2018,55.762
06/02/2018,52.982
07/02/2018,55.073
08/02/2018,60.101
09/02/2018,60.305
12/02/2018,57.531
13/02/2018,58.036
14/02/2018,56.17
15/02/2018,52.971
16/02/2018,51.382
20/02/2018,54.5
21/02/2018,55.68
22/02/2018,57.03
23/02/2018,55.314
26/02/2018,53.32
27/02/2018,55.277
28/02/2018,56.256
01/03/2018,57.787
02/03/2018,55.924
05/03/2018,55.361
06/03/2018,56.262
07/03/2018,56.77
08/03/2018,56.12
09/03/2018,54.339
12/03/2018,53.747
13/03/2018,54.339
14/03/2018,55.059
15/03/2018,54.901
16/03/2018,53.538
19/03/2018,54.876
20/03/2018,62.843
21/03/2018,61.6
22/03/2018,65.67
23/03/2018,68.982
26/03/2018,65.078
27/03/2018,67.376
28/03/2018,67.346
29/03/2018,65.557
02/04/2018,67.62
03/04/2018,66.447
04/04/2018,63.776
05/04/2018,63.193
06/04/2018,65.299
09/04/2018,64.932
10/04/2018,62.817
11/04/2018,63.385
12/04/2018,61.723
13/04/2018,61.339
16/04/2018,59.338
17/04/2018,59.264
18/04/2018,59.315
19/04/2018,60.125
20/04/2018,60.874
23/04/2018,61.76
24/04/2018,62.275
25/04/2018,61.533
26/04/2018,60.093
27/04/2018,60.154
30/04/2018,60.698
01/05/2018,60.792
02/05/2018,61.507
03/05/2018,62.349
04/05/2018,61.606
07/05/2018,62.035
08/05/2018,62.434
09/05/2018,61.252
10/05/2018,59.521
11/05/2018,59.294
14/05/2018,59.648
15/05/2018,61.275
16/05/2018,60.93
17/05/2018,60.906
18/05/2018,61.884
21/05/2018,61.792
22/05/2018,61.574
23/05/2018,61.933
24/05/2018,62.139
25/05/2018,63.221
29/05/2018,67.378
30/05/2018,65.181
31/05/2018,66.808
01/06/2018,65.14
04/06/2018,63.852
05/06/2018,64.169
06/06/2018,63.742
07/06/2018,66.779
08/06/2018,66.341
11/06/2018,64.51
12/06/2018,63.682
13/06/2018,63.535
14/06/2018,61.354
15/06/2018,60.48
18/06/2018,60.976
19/06/2018,62.951
20/06/2018,63.05
21/06/2018,64.969
22/06/2018,64.566
25/06/2018,66.754
26/06/2018,65.77
27/06/2018,68.096
28/06/2018,68.03
29/06/2018,67.595
02/07/2018,67.97
03/07/2018,67.351
05/07/2018,66.052
06/07/2018,63.998
09/07/2018,62.156
10/07/2018,62.294
11/07/2018,63.53
12/07/2018,61.585
13/07/2018,60.525
16/07/2018,60.945
17/07/2018,60.38
18/07/2018,60.715
19/07/2018,61.833
20/07/2018,61.638
23/07/2018,61.539
24/07/2018,60.928
25/07/2018,59.219
26/07/2018,57.673
27/07/2018,58.3
30/07/2018,58.993
31/07/2018,57.984
01/08/2018,58.563
02/08/2018,58.798
03/08/2018,58.988
06/08/2018,58.58
07/08/2018,58.115
08/08/2018,58.059
09/08/2018,59.269
10/08/2018,61.418
13/08/2018,62.107
14/08/2018,61.221
15/08/2018,62.506
16/08/2018,61.41
17/08/2018,60.994
20/08/2018,61.47
21/08/2018,60.274
22/08/2018,59.848
23/08/2018,60.713
24/08/2018,59.722
27/08/2018,58.453
28/08/2018,58.324
29/08/2018,58.526
30/08/2018,60.37
31/08/2018,59.94
04/09/2018,60.51
05/09/2018,60.218
06/09/2018,59.886
07/09/2018,59.846
10/09/2018,57.866
11/09/2018,58.074
12/09/2018,57.106
13/09/2018,55.54
14/09/2018,55.828
17/09/2018,56.83
18/09/2018,55.996
19/09/2018,56.215
20/09/2018,60.939
21/09/2018,61.535
24/09/2018,62.799
25/09/2018,62.256
26/09/2018,61.152
27/09/2018,59.42
28/09/2018,59.18
01/10/2018,58.074
02/10/2018,59.213
03/10/2018,59.267
04/10/2018,60.52
05/10/2018,61.398
09/10/2018,61.669
10/10/2018,65.742
11/10/2018,65.729
12/10/2018,64.198
15/10/2018,66.018
16/10/2018,63.426
17/10/2018,64.082
18/10/2018,67.416
19/10/2018,67.518
22/10/2018,67.969
23/10/2018,67.424
24/10/2018,69.702
25/10/2018,69.151
26/10/2018,69.981
29/10/2018,70.719
30/10/2018,69.207
31/10/2018,68.758
01/11/2018,66.916
02/11/2018,66.043
05/11/2018,65.14
06/11/2018,64.241
07/11/2018,62.476
08/11/2018,63.549
09/11/2018,66.64
13/11/2018,69.421
14/11/2018,71.685
15/11/2018,73.218
16/11/2018,74.272
19/11/2018,77.002
20/11/2018,79.158
21/11/2018,78.2
23/11/2018,80.281
26/11/2018,78.94
27/11/2018,78.455
28/11/2018,73.6
29/11/2018,74.509
30/11/2018,74.964
03/12/2018,74.514
04/12/2018,79.146
06/12/2018,79.273
07/12/2018,82.75
10/12/2018,81.388
11/12/2018,80.096
12/12/2018,77.914
13/12/2018,76.82
14/12/2018,79.33
17/12/2018,81.993
18/12/2018,81.719
19/12/2018,86.131
20/12/2018,89.626
21/12/2018,92.512
24/12/2018,94.912
26/12/2018,87.681
27/12/2018,89.401
28/12/2018,88.241
31/12/2018,87.749
02/01/2019,88.788
03/01/2019,90.171
04/01/2019,83.644
07/01/2019,81.38
08/01/2019,78.62
09/01/2019,79.109
10/01/2019,77.11
11/01/2019,77.521
14/01/2019,79.37
15/01/2019,76.393
16/01/2019,76.321
17/01/2019,73.555
18/01/2019,72.484
22/01/2019,75.574
23/01/2019,74.184
24/01/2019,74.101
25/01/2019,72.243
28/01/2019,73.138
29/01/2019,72.4
30/01/2019,69.142
31/01/2019,66.113
01/02/2019,66.861
04/02/2019,65.122
05/02/2019,64.202
06/02/2019,66.109
07/02/2019,68.498
08/02/2019,67.184
11/02/2019,67.84
12/02/2019,64.779
13/02/2019,65.2
14/02/2019,64.923
15/02/2019,62.515
19/02/2019,61.437
20/02/2019,60.471
21/02/2019,61.903
22/02/2019,61.381
25/02/2019,61.001
26/02/2019,60.559
27/02/2019,59.725
28/02/2019,60.159
01/03/2019,59.279
04/03/2019,59.823
05/03/2019,61.194
06/03/2019,62.89
07/03/2019,63.948
08/03/2019,63.637
11/03/2019,59.981
12/03/2019,59.58
13/03/2019,58.145
14/03/2019,58.428
15/03/2019,57.927
18/03/2019,57.185
19/03/2019,57.633
20/03/2019,65.788
21/03/2019,64.507
22/03/2019,68.131
25/03/2019,68.801
26/03/2019,68.181
27/03/2019,68.344
28/03/2019,66.275
29/03/2019,63.381
01/04/2019,61.614
02/04/2019,62.17
03/04/2019,61.938
04/04/2019,61.141
05/04/2019,60.038
08/04/2019,60.019
09/04/2019,60.754
10/04/2019,59.428
11/04/2019,58.8
12/04/2019,56.26
15/04/2019,56.426
16/04/2019,57.364
17/04/2019,57.643
18/04/2019,57.494
22/04/2019,57.973
23/04/2019,56.827
24/04/2019,58.148
25/04/2019,58.621
26/04/2019,57.146
29/04/2019,57.745
30/04/2019,57.401
01/05/2019,58.925
02/05/2019,58.859
03/05/2019,57.624
06/05/2019,58.589
07/05/2019,60.883
08/05/2019,62.229
09/05/2019,63.053
10/05/2019,60.607
13/05/2019,65.604
14/05/2019,63.39
15/05/2019,63.459
16/05/2019,62.288
17/05/2019,63.4
20/05/2019,64.064
21/05/2019,62.903
22/05/2019,63.346
23/05/2019,65.026
24/05/2019,64.75
28/05/2019,66.605
29/05/2019,67.209
30/05/2019,66.719
31/05/2019,70.189
03/06/2019,69.735
04/06/2019,65.449
05/06/2019,64.096
06/06/2019,63.74
07/06/2019,62.21
10/06/2019,60.301
11/06/2019,60.073
12/06/2019,61.544
13/06/2019,60.368
14/06/2019,61.451
17/06/2019,60.504
18/06/2019,57.568
19/06/2019,55.263
20/06/2019,53.77
21/06/2019,55.459
24/06/2019,55.604
25/06/2019,58.194
26/06/2019,57.325
27/06/2019,55.748
28/06/2019,54.149
01/07/2019,52.705
02/07/2019,52.13
03/07/2019,51.669
05/07/2019,53.176
08/07/2019,54.706
09/07/2019,53.846
10/07/2019,52.452
11/07/2019,53.42
12/07/2019,53.48
15/07/2019,53.438
16/07/2019,54.05
17/07/2019,54.659
18/07/2019,52.923
19/07/2019,53.981
22/07/2019,52.735
23/07/2019,50.764
24/07/2019,49.661
25/07/2019,51.145
26/07/2019,51.245
29/07/2019,52.646
30/07/2019,52.506
31/07/2019,55.175
01/08/2019,55.788
02/08/2019,56.644
05/08/2019,62.471
06/08/2019,59.525
07/08/2019,59.99
08/08/2019,58.178
09/08/2019,59.07
12/08/2019,61.751
13/08/2019,56.783
14/08/2019,62.394
15/08/2019,61.946
16/08/2019,58.193
19/08/2019,55.434
20/08/2019,56.977
21/08/2019,54.58
22/08/2019,54.61
23/08/2019,58.52
26/08/2019,56.298
27/08/2019,56.619
28/08/2019,55.153
29/08/2019,53.956
30/08/2019,54.055
03/09/2019,55.384
04/09/2019,53.883
05/09/2019,52.215
06/09/2019,51.233
09/09/2019,51.724
10/09/2019,52.06
11/09/2019,50.834
12/09/2019,50.098
13/09/2019,50.066
16/09/2019,51.039
17/09/2019,51.503
18/09/2019,50.828
19/09/2019,51.803
20/09/2019,59.723
23/09/2019,58.984
24/09/2019,60.968
25/09/2019,60.1
26/09/2019,60.845
27/09/2019,61.685
30/09/2019,59.8
01/10/2019,60.645
02/10/2019,63.389
03/10/2019,62.726
04/10/2019,60.242
07/10/2019,61.145
08/10/2019,63.091
09/10/2019,61.432
10/10/2019,59.973
11/10/2019,57.239
15/10/2019,56.236
16/10/2019,56.068
17/10/2019,55.63
18/10/2019,54.905
21/10/2019,53.798
22/10/2019,54.633
23/10/2019,54.144
24/10/2019,54.619
25/10/2019,53.598
28/10/2019,53.328
29/10/2019,54.488
30/10/2019,54.213
31/10/2019,55.056
01/11/2019,52.9
04/11/2019,51.466
05/11/2019,51.86
06/11/2019,51.883
07/11/2019,51.17
08/11/2019,51.299
12/11/2019,51.724
13/11/2019,52.221
14/11/2019,52.421
15/11/2019,51.26
18/11/2019,51.253
19/11/2019,52.143
20/11/2019,52.77
21/11/2019,52.891
22/11/2019,51.461
25/11/2019,50.028
26/11/2019,49.19
27/11/2019,49.565
29/11/2019,50.03
02/12/2019,51.546
03/12/2019,52.192
04/12/2019,50.395
05/12/2019,50.463
06/12/2019,49.205
09/12/2019,50.183
10/12/2019,49.875
11/12/2019,49.175
12/12/2019,47.802
13/12/2019,47.86
16/12/2019,46.135
17/12/2019,45.814
18/12/2019,45.773
19/12/2019,45.708
20/12/2019,45.116
23/12/2019,45.041
24/12/2019,44.599
26/12/2019,43.978
27/12/2019,43.948
30/12/2019,44.975
31/12/2019,45.266
02/01/2020,44.155
03/01/2020,45.835
06/01/2020,46.049
07/01/2020,46.665
08/01/2020,45.113
09/01/2020,43.844
10/01/2020,44.195
13/01/2020,44.133
14/01/2020,44.716
15/01/2020,44.715
16/01/2020,44.054
17/01/2020,44.053
21/01/2020,45.763
22/01/2020,45.071
23/01/2020,46.02
24/01/2020,47.025
27/01/2020,49.308
28/01/2020,46.646
29/01/2020,48.016
30/01/2020,47.535
31/01/2020,50.155
03/02/2020,50.075
04/02/2020,47.061
05/02/2020,44.855
06/02/2020,45.335
07/02/2020,46.129
10/02/2020,45.271
11/02/2020,44.834
12/02/2020,43.81
13/02/2020,43.75
14/02/2020,44.266
18/02/2020,44.674
19/02/2020,44.518
20/02/2020,45.356
21/02/2020,46.546
24/02/2020,53.071
25/02/2020,55.409
26/02/2020,57.685
27/02/2020,64.581
28/02/2020,66.478
02/03/2020,64.6
03/03/2020,71.326
04/03/2020,65.835
05/03/2020,73.253
06/03/2020,83.157
09/03/2020,110.94
10/03/2020,106.75
11/03/2020,117.418
12/03/2020,138.875
13/03/2020,107.488
16/03/2020,124.226
17/03/2020,123.233
18/03/2020,140.969
19/03/2020,141.838
20/03/2020,151.798
23/03/2020,121.563
24/03/2020,107.974
25/03/2020,103.168
26/03/2020,96.658
27/03/2020,111.889
30/03/2020,107.875
31/03/2020,113.051
01/04/2020,126.144
02/04/2020,123.313
03/04/2020,127.55
06/04/2020,116.969
07/04/2020,112.493
08/04/2020,104.886
09/04/2020,81.849
13/04/2020,83.14
14/04/2020,82.608
15/04/2020,87.416
16/04/2020,87.928
17/04/2020,86.968
20/04/2020,93.474
21/04/2020,98.063
22/04/2020,94.481
23/04/2020,93.689
24/04/2020,94.144
27/04/2020,93.168
28/04/2020,91.781
29/04/2020,86.885
30/04/2020,86.979
01/05/2020,90.4
04/05/2020,90.896
05/05/2020,90.065
06/05/2020,93.224
07/05/2020,92.169
08/05/2020,90.98
11/05/2020,92.61
12/05/2020,93.303
13/05/2020,96.709
14/05/2020,95.324
15/05/2020,95.806
18/05/2020,90.416
19/05/2020,90
20/05/2020,83.95
21/05/2020,85.958
22/05/2020,87.206
26/05/2020,83.124
27/05/2020,78.943
28/05/2020,77.946
29/05/2020,77.4
01/06/2020,78.851
02/06/2020,75.641
03/06/2020,73.04
04/06/2020,72.445
05/06/2020,64.961
08/06/2020,66.636
09/06/2020,72.358
10/06/2020,74.522
11/06/2020,81.615
12/06/2020,78.958
15/06/2020,69.889
16/06/2020,69.184
17/06/2020,71.435
18/06/2020,74.561
19/06/2020,78.551
22/06/2020,76.13
23/06/2020,74.946
24/06/2020,78.508
25/06/2020,78.226
26/06/2020,80.886
29/06/2020,78.949
30/06/2020,75.879
01/07/2020,74.928
02/07/2020,74.131
06/07/2020,71.498
07/07/2020,74.4
08/07/2020,72.448
09/07/2020,74.989
10/07/2020,73.688
13/07/2020,74.789
14/07/2020,74.16
15/07/2020,72.05
16/07/2020,72.731
17/07/2020,71.459
20/07/2020,70.063
21/07/2020,70.125
22/07/2020,69.169
23/07/2020,69.485
24/07/2020,70.4
27/07/2020,70.286
28/07/2020,71.763
29/07/2020,69.649
30/07/2020,69.949
31/07/2020,69.283
03/08/2020,67.8
04/08/2020,66.29
05/08/2020,64.998
06/08/2020,64.576
07/08/2020,64.896
10/08/2020,65.809
11/08/2020,66.635
12/08/2020,65.218
13/08/2020,67.044
14/08/2020,67.8
17/08/2020,66.561
18/08/2020,66.101
19/08/2020,67.594
20/08/2020,67.518
21/08/2020,67.538
24/08/2020,66.246
25/08/2020,65.981
26/08/2020,66.576
27/08/2020,67.62
28/08/2020,66.523
31/08/2020,65.061
01/09/2020,62.033
02/09/2020,62.001
03/09/2020,65.841
04/09/2020,66.703
08/09/2020,69.1
09/09/2020,66.039
10/09/2020,68.788
11/09/2020,69.82
14/09/2020,68.703
15/09/2020,67.735
16/09/2020,67.785
17/09/2020,69.725
18/09/2020,71.371
21/09/2020,52.383
22/09/2020,52.5
23/09/2020,57.519
24/09/2020,58.308
25/09/2020,59.118
28/09/2020,57.674
29/09/2020,60.319
30/09/2020,59.214
01/10/2020,58.643
02/10/2020,59.901
05/10/2020,56.63
06/10/2020,58.363
07/10/2020,55.853
08/10/2020,54.835
09/10/2020,53.205
13/10/2020,54.874
14/10/2020,56.145
15/10/2020,56.568
16/10/2020,56.591
19/10/2020,58.469
20/10/2020,57.84
21/10/2020,57.115
22/10/2020,57.203
23/10/2020,56.566
26/10/2020,58.775
27/10/2020,59.918
28/10/2020,63.845
29/10/2020,65.158
30/10/2020,65.463
02/11/2020,63.091
03/11/2020,59.913
04/11/2020,57.464
05/11/2020,53.463
06/11/2020,53.359
09/11/2020,52.223
10/11/2020,52.976
12/11/2020,54.964
13/11/2020,54.476
16/11/2020,52.078
17/11/2020,52.7
18/11/2020,54.513
19/11/2020,53.829
20/11/2020,56.344
23/11/2020,54.283
24/11/2020,51.669
25/11/2020,52.205
27/11/2020,51.175
30/11/2020,50.106
01/12/2020,49.959
02/12/2020,50.141
03/12/2020,49.823
04/12/2020,49.936
07/12/2020,50.855
08/12/2020,50.99
09/12/2020,52.203
10/12/2020,52.974
11/12/2020,53.846
14/12/2020,54.193
15/12/2020,52.619
16/12/2020,52.944
17/12/2020,52.515
18/12/2020,53.278
21/12/2020,55.2
22/12/2020,55.78
23/12/2020,54.248
24/12/2020,53.935
28/12/2020,52.126
29/12/2020,52.184
30/12/2020,51.138
31/12/2020,49.896
04/01/2021,52.465
05/01/2021,51.738
06/01/2021,51.613
07/01/2021,50.118
08/01/2021,49.653
11/01/2021,51.17
12/01/2021,51.549
13/01/2021,49.836
14/01/2021,50.073
15/01/2021,51.981
19/01/2021,50.539
20/01/2021,50.758
21/01/2021,50.751
22/01/2021,51.078
25/01/2021,51.75
26/01/2021,52.686
27/01/2021,55.695
28/01/2021,55.436
29/01/2021,56.051
01/02/2021,54.986
02/02/2021,52.77
03/02/2021,52.619
04/02/2021,51.343
05/02/2021,50.804
08/02/2021,50.205
09/02/2021,50.78
10/02/2021,50.287
11/02/2021,50.256
12/02/2021,50.42
16/02/2021,50.565
17/02/2021,50.279
18/02/2021,50.998
19/02/2021,51.621
22/02/2021,53.8
23/02/2021,52.821
24/02/2021,51.708
25/02/2021,56.225
26/02/2021,55.873
01/03/2021,52.711
02/03/2021,53.369
03/03/2021,54.595
04/03/2021,56.494
05/03/2021,53.645
08/03/2021,56.155
09/03/2021,55.12
10/03/2021,52.933
11/03/2021,52.569
12/03/2021,52.689
15/03/2021,51.607
16/03/2021,51.975
17/03/2021,50.892
18/03/2021,52.47
19/03/2021,52.106
22/03/2021,57.475
23/03/2021,57.967
24/03/2021,58.086
25/03/2021,57.644
26/03/2021,56.334
29/03/2021,56.168
30/03/2021,56.508
31/03/2021,53.985
01/04/2021,51.236
02/04/2021,50.713
05/04/2021,51.289
06/04/2021,51.619
07/04/2021,51.798
08/04/2021,50.985
09/04/2021,50.879
12/04/2021,50.98
13/04/2021,51.224
14/04/2021,51.146
15/04/2021,49.995
16/04/2021,50.32
19/04/2021,50.72
20/04/2021,52.091
21/04/2021,51.505
22/04/2021,52.047
23/04/2021,51.163
26/04/2021,51.143
27/04/2021,51.534
28/04/2021,50.806
29/04/2021,50.039
30/04/2021,50.432
03/05/2021,50.263
04/05/2021,50.789
05/05/2021,51.072
06/05/2021,51.279
07/05/2021,50.363
10/05/2021,51.861
11/05/2021,52.27
12/05/2021,53.792
13/05/2021,52.303
14/05/2021,50.67
17/05/2021,51.532
18/05/2021,52.536
19/05/2021,52.941
20/05/2021,52.265
21/05/2021,52.44
24/05/2021,51.371
25/05/2021,51.993
26/05/2021,51.65
27/05/2021,50.939
28/05/2021,50.621
01/06/2021,50.06
02/06/2021,50.078
03/06/2021,50.899
04/06/2021,50.174
07/06/2021,50.421
08/06/2021,50.447
09/06/2021,50.225
10/06/2021,48.912
11/06/2021,48.287
14/06/2021,48.62
15/06/2021,48.662
16/06/2021,49.323
17/06/2021,49.646
18/06/2021,50.932
21/06/2021,49.51
22/06/2021,49.055
23/06/2021,48.756
24/06/2021,47.99
25/06/2021,47.215
28/06/2021,47.842
29/06/2021,47.836
30/06/2021,47.681
01/07/2021,47.614
02/07/2021,46.888
06/07/2021,47.562
07/07/2021,47.938
08/07/2021,49.014
09/07/2021,48.004
12/07/2021,47.923
13/07/2021,48.585
14/07/2021,48.603
15/07/2021,49.35
16/07/2021,50.055
19/07/2021,52.285
20/07/2021,50.724
21/07/2021,48.886
22/07/2021,49.133
23/07/2021,48.416
26/07/2021,48.656
27/07/2021,49.616
28/07/2021,49.05
29/07/2021,48.995
30/07/2021,49.79
02/08/2021,49.845
03/08/2021,49.777
04/08/2021,50.439
05/08/2021,49.625
06/08/2021,49.021
09/08/2021,49.435
10/08/2021,50.339
11/08/2021,49.898
12/08/2021,49.04
13/08/2021,48.4
16/08/2021,48.822
17/08/2021,49.711
18/08/2021,50.543
19/08/2021,50.468
20/08/2021,49.653
23/08/2021,48.549
24/08/2021,48.486
25/08/2021,47.821
26/08/2021,48.478
27/08/2021,46.56
30/08/2021,46.181
31/08/2021,46.1
01/09/2021,46.083
02/09/2021,46.383
03/09/2021,46.861
07/09/2021,47.25
08/09/2021,46.716
09/09/2021,46.934
10/09/2021,47.299
13/09/2021,46.708
14/09/2021,46.918
15/09/2021,46.179
16/09/2021,46.134
17/09/2021,46.761
20/09/2021,53.749
21/09/2021,53.156
22/09/2021,51.429
23/09/2021,50.856
24/09/2021,50.966
27/09/2021,50.946
28/09/2021,52.085
29/09/2021,52.181
30/09/2021,53.249
01/10/2021,52.366
04/10/2021,53.315
05/10/2021,53.744
06/10/2021,53.742
07/10/2021,53.293
08/10/2021,53.893
12/10/2021,55.05
13/10/2021,54.124
14/10/2021,52.14
15/10/2021,52.159
18/10/2021,52.145
19/10/2021,51.491
20/10/2021,51.24
21/10/2021,51.651
22/10/2021,52.085
25/10/2021,51.36
26/10/2021,50.975
27/10/2021,51.588
28/10/2021,51.221
29/10/2021,52.283
01/11/2021,52.563
02/11/2021,51.976
03/11/2021,50.878
04/11/2021,50.353
05/11/2021,49.411
08/11/2021,49.468
09/11/2021,50.146
10/11/2021,51.374
12/11/2021,50.776
15/11/2021,50.764
16/11/2021,50.638
17/11/2021,50.973
18/11/2021,51.085
19/11/2021,51.76
22/11/2021,52.671
23/11/2021,53.01
24/11/2021,53.02
26/11/2021,57.454
29/11/2021,55.083
30/11/2021,57.687
01/12/2021,58.663
02/12/2021,57.333
03/12/2021,58.456
06/12/2021,56.101
07/12/2021,53.603
08/12/2021,53.569
09/12/2021,54.7
10/12/2021,53.368
13/12/2021,53.488
14/12/2021,53.991
15/12/2021,52.337
16/12/2021,52.409
17/12/2021,52.629
20/12/2021,53.328
21/12/2021,51.775
22/12/2021,50.763
23/12/2021,49.805
27/12/2021,48.849
28/12/2021,49.379
29/12/2021,49.489
30/12/2021,49.801
31/12/2021,49.571
03/01/2022,49.529
04/01/2022,49.555
05/01/2022,51.73
06/01/2022,51.736
07/01/2022,52.614
10/01/2022,52.51
11/01/2022,51.674
12/01/2022,51.25
13/01/2022,53.148
14/01/2022,53.418
18/01/2022,55.01
19/01/2022,55.774
20/01/2022,57.544
21/01/2022,58.44
24/01/2022,57.945
25/01/2022,58.973
26/01/2022,60.45
27/01/2022,62.445
28/01/2022,61.075
31/01/2022,60.146
01/02/2022,58.38
02/02/2022,59.769
03/02/2022,62.399
04/02/2022,63.704
07/02/2022,63.57
08/02/2022,62.959
09/02/2022,61.504
10/02/2022,65.58
11/02/2022,67.836
14/02/2022,67.535
15/02/2022,65.849
16/02/2022,65.255
17/02/2022,67.641
18/02/2022,68.898
22/02/2022,69.245
23/02/2022,70.661
24/02/2022,68.48
25/02/2022,66.444
28/02/2022,67.668
01/03/2022,71.934
02/03/2022,69.464
03/03/2022,71.014
04/03/2022,74.438
07/03/2022,77.806
08/03/2022,76.341
09/03/2022,71.791
10/03/2022,73.359
11/03/2022,74.846
14/03/2022,75.403
15/03/2022,72.825
16/03/2022,67.32
17/03/2022,65.313
18/03/2022,64.233
21/03/2022,72.083
22/03/2022,69.711
23/03/2022,71.915
24/03/2022,70.829
25/03/2022,72.085
28/03/2022,70.266
29/03/2022,66.043
30/03/2022,66.293
31/03/2022,67.238
01/04/2022,66.499
04/04/2022,63.834
05/04/2022,66.135
06/04/2022,67.456
07/04/2022,68.219
08/04/2022,70.6
11/04/2022,72.824
12/04/2022,72.818
13/04/2022,71.519
14/04/2022,72.864
18/04/2022,73.454
19/04/2022,74.268
20/04/2022,72.718
21/04/2022,75.92
22/04/2022,79.529
25/04/2022,76.863
26/04/2022,82.188
27/04/2022,82
28/04/2022,80.901
29/04/2022,83.649
02/05/2022,82.89
03/05/2022,80.421
04/05/2022,78.201
05/05/2022,83.45
06/05/2022,86.878
09/05/2022,89.205
10/05/2022,87.209
11/05/2022,87.789
12/05/2022,87.3
13/05/2022,85.39
16/05/2022,86.381
17/05/2022,83.844
18/05/2022,90.786
19/05/2022,89.806
20/05/2022,90.586
23/05/2022,88.255
24/05/2022,87.01
25/05/2022,82.644
26/05/2022,81.426
27/05/2022,78.983
31/05/2022,79.641
01/06/2022,80.788
02/06/2022,79.644
03/06/2022,81.597
06/06/2022,81.771
07/06/2022,81.298
08/06/2022,83.529
09/06/2022,87.389
10/06/2022,91.641
13/06/2022,98.5
14/06/2022,98.871
15/06/2022,95.16
16/06/2022,102.459
17/06/2022,100.018
21/06/2022,97.92
22/06/2022,99.935
23/06/2022,98.793
24/06/2022,94.149
27/06/2022,95.149
28/06/2022,99.32
29/06/2022,100.14
30/06/2022,101.159
01/07/2022,100.734
05/07/2022,99.095
06/07/2022,98.26
07/07/2022,92.995
08/07/2022,90.479
11/07/2022,92.228
12/07/2022,92.49
13/07/2022,94
14/07/2022,94.687
15/07/2022,90.53
18/07/2022,91.288
19/07/2022,85.743
20/07/2022,84.691
21/07/2022,83.78
22/07/2022,86.015
25/07/2022,85.765
26/07/2022,87.235
27/07/2022,83.389
28/07/2022,80.559
29/07/2022,80.434
01/08/2022,82.361
02/08/2022,84.615
03/08/2022,81.4
04/08/2022,80.913
05/08/2022,80.65
08/08/2022,80.935
09/08/2022,83.03
10/08/2022,76.308
11/08/2022,77.484
12/08/2022,73.539
15/08/2022,74.323
16/08/2022,75.829
17/08/2022,78.169
18/08/2022,77.28
19/08/2022,81.016
22/08/2022,84.443
23/08/2022,84.691
24/08/2022,82.695
25/08/2022,80.873
26/08/2022,86.01
29/08/2022,88.255
30/08/2022,91.119
31/08/2022,92.37
01/09/2022,90.4
02/09/2022,91.966
06/09/2022,91.029
07/09/2022,85.496
08/09/2022,83.72
09/09/2022,80.98
12/09/2022,79.148
13/09/2022,85.991
14/09/2022,85.258
15/09/2022,89.239
16/09/2022,89.17
19/09/2022,86.798
20/09/2022,98.471
21/09/2022,100.584
22/09/2022,102.421
23/09/2022,105.909
26/09/2022,109.693
27/09/2022,111.153
28/09/2022,106.114
29/09/2022,107.335
30/09/2022,108.024
03/10/2022,104.326
04/10/2022,97.983
05/10/2022,97.158
06/10/2022,98.738
07/10/2022,101.445
11/10/2022,103.325
12/10/2022,102.465
13/10/2022,101.159
14/10/2022,104.063
17/10/2022,98.396
18/10/2022,94.316
19/10/2022,96.406
20/10/2022,99.101
21/10/2022,94.239
24/10/2022,93.644
25/10/2022,92.758
26/10/2022,92.363
27/10/2022,93.196
28/10/2022,87.525
31/10/2022,90.269
01/11/2022,88.751
02/11/2022,91.288
03/11/2022,94.037
04/11/2022,90.028
07/11/2022,88.517
08/11/2022,88.794
09/11/2022,92.236
10/11/2022,83.17
14/11/2022,83.383
15/11/2022,82.96
16/11/2022,82.943
17/11/2022,83.254
18/11/2022,81.856
21/11/2022,81.453
22/11/2022,79.806
23/11/2022,77.49
25/11/2022,78.02
28/11/2022,82.126
29/11/2022,81.011
30/11/2022,75.638
01/12/2022,77.035
02/12/2022,77.814
05/12/2022,80.034
06/12/2022,82.869
07/12/2022,82.069
08/12/2022,81.644
09/12/2022,80.395
12/12/2022,78.011
13/12/2022,75.815
14/12/2022,75.988
15/12/2022,80.549
16/12/2022,83.306
19/12/2022,85.037
20/12/2022,86.466
21/12/2022,81.246
22/12/2022,82.653
23/12/2022,80.849
27/12/2022,80.753
28/12/2022,84.111
29/12/2022,81.71
30/12/2022,82.024
03/01/2023,80.267
04/01/2023,78.525
05/01/2023,78.626
06/01/2023,74.566
09/01/2023,74.626
10/01/2023,74.723
11/01/2023,72.349
12/01/2023,70.82
13/01/2023,70.483
17/01/2023,71.983
18/01/2023,73.903
19/01/2023,76.077
20/01/2023,74.083
23/01/2023,71.943
24/01/2023,71.564
25/01/2023,71.587
26/01/2023,71.482
27/01/2023,71.474
30/01/2023,73.651
31/01/2023,71.383
01/02/2023,68.521
02/02/2023,67.198
03/02/2023,69.044
06/02/2023,70.166
07/02/2023,68.711
08/02/2023,69.863
09/02/2023,70.934
10/02/2023,72.821
13/02/2023,71.253
14/02/2023,71.078
15/02/2023,70.965
16/02/2023,73.174
17/02/2023,72.805
21/02/2023,77.036
22/02/2023,76.14
23/02/2023,74.364
24/02/2023,76.874
27/02/2023,75.506
28/02/2023,76.383
01/03/2023,75.536
02/03/2023,74.835
03/03/2023,70.849
06/03/2023,70.654
07/03/2023,73.18
08/03/2023,74.265
09/03/2023,78.786
10/03/2023,83.034
13/03/2023,90.914
14/03/2023,85.003
15/03/2023,88.395
16/03/2023,82.791
17/03/2023,87.87
20/03/2023,88.504
21/03/2023,80.229
22/03/2023,83.25
23/03/2023,86.153
24/03/2023,84.817
27/03/2023,83.093
28/03/2023,83.866
29/03/2023,79.307
30/03/2023,77.75
31/03/2023,75.858
03/04/2023,76.286
04/04/2023,78.344
05/04/2023,80.716
06/04/2023,79.294
07/04/2023,77.906
10/04/2023,78.282
11/04/2023,76.63
12/04/2023,77.395
13/04/2023,74.988
14/04/2023,73.964
17/04/2023,73.604
18/04/2023,73.565
19/04/2023,75.22
20/04/2023,76.991
21/04/2023,76.051
24/04/2023,75.583
25/04/2023,78.06
26/04/2023,79.046
27/04/2023,76.143
28/04/2023,75.765
01/05/2023,77.533
02/05/2023,79.763
03/05/2023,81.619
04/05/2023,83.231
05/05/2023,80.551
08/05/2023,81.378
09/05/2023,82.32
10/05/2023,80.535
11/05/2023,80.92
12/05/2023,80.985
15/05/2023,80.899
16/05/2023,83.52
17/05/2023,80.431
18/05/2023,79.618
19/05/2023,79.492
22/05/2023,76.816
23/05/2023,78.484
24/05/2023,79.523
25/05/2023,77.268
26/05/2023,75.375
30/05/2023,74.355
31/05/2023,75.632
01/06/2023,73.752
02/06/2023,71.288
05/06/2023,71.943
06/06/2023,71.204
07/06/2023,71.89
08/06/2023,70.706
09/06/2023,70.628
12/06/2023,70.586
13/06/2023,70.045
14/06/2023,71.205
15/06/2023,70.395
16/06/2023,69.369
20/06/2023,70.053
21/06/2023,70.993
22/06/2023,71.16
23/06/2023,72.468
26/06/2023,73.913
27/06/2023,71.111
28/06/2023,69.619
29/06/2023,68.994
30/06/2023,66.22
03/07/2023,66.446
05/07/2023,68.821
06/07/2023,70.803
07/07/2023,70.031
10/07/2023,68.054
11/07/2023,65.898
12/07/2023,63.565
13/07/2023,65.008
14/07/2023,67.114
17/07/2023,66.169
18/07/2023,65.345
19/07/2023,65.738
20/07/2023,65.73
21/07/2023,65.16
24/07/2023,64.815
25/07/2023,64.694
26/07/2023,63.559
27/07/2023,64.96
28/07/2023,62.571
31/07/2023,62.901
01/08/2023,64.351
02/08/2023,66.484
03/08/2023,67.144
04/08/2023,68.173
07/08/2023,66.723
08/08/2023,67.718
09/08/2023,67.358
10/08/2023,66.798
11/08/2023,66.096
14/08/2023,65.69
15/08/2023,67.563
16/08/2023,69.009
17/08/2023,70.436
18/08/2023,70.621
21/08/2023,69.556
22/08/2023,69.069
23/08/2023,65.188
24/08/2023,67.643
25/08/2023,65.205
28/08/2023,64.011
29/08/2023,62.703
30/08/2023,62.611
31/08/2023,63.523
01/09/2023,63.29
05/09/2023,64.29
06/09/2023,64.637
07/09/2023,64.233
08/09/2023,64.335
11/09/2023,63.343
12/09/2023,64.292
13/09/2023,63.414
14/09/2023,62.29
15/09/2023,63.009
18/09/2023,63.101
19/09/2023,63.203
20/09/2023,70.27
21/09/2023,72.785
22/09/2023,72.541
25/09/2023,73.015
26/09/2023,74.485
27/09/2023,73.945
28/09/2023,72.975
29/09/2023,73.927
02/10/2023,74.704
03/10/2023,77.957
04/10/2023,76.921
05/10/2023,78.359
06/10/2023,75.28
10/10/2023,74.343
11/10/2023,73.548
12/10/2023,74.841
13/10/2023,76.88
16/10/2023,74.674
17/10/2023,75.404
18/10/2023,78.155
19/10/2023,81.56
20/10/2023,81.326
23/10/2023,79.128
24/10/2023,77.342
25/10/2023,80.87
26/10/2023,80.911
27/10/2023,81.732
30/10/2023,81.22
31/10/2023,79.509
01/11/2023,75.937
02/11/2023,72.164
03/11/2023,69.978
06/11/2023,71.31
07/11/2023,69.636
08/11/2023,69.478
09/11/2023,70.445
10/11/2023,68.019
13/11/2023,67.418
14/11/2023,64.698
15/11/2023,65.376
16/11/2023,65.329
17/11/2023,64.4
20/11/2023,63.733
21/11/2023,63.88
22/11/2023,62.611
24/11/2023,63.178
27/11/2023,63.791
28/11/2023,63.058
29/11/2023,62.995
30/11/2023,62.413
01/12/2023,61.214
04/12/2023,62.17
05/12/2023,62.76
06/12/2023,62.989
07/12/2023,62.378
08/12/2023,61.55
11/12/2023,61.393
12/12/2023,59.842
13/12/2023,55.554
14/12/2023,56.704
15/12/2023,57.504
18/12/2023,57.833
19/12/2023,56.898
20/12/2023,58.685
21/12/2023,55.422
22/12/2023,56.127
26/12/2023,55.838
27/12/2023,55.242
28/12/2023,55.881
29/12/2023,56.696
02/01/2024,58.46
03/01/2024,60.56
04/01/2024,59.971
05/01/2024,59.397
08/01/2024,56.908
09/01/2024,56.524
10/01/2024,55.248
11/01/2024,54.491
12/01/2024,54.757
16/01/2024,56.026
17/01/2024,56.69
18/01/2024,55.351
19/01/2024,54.689
22/01/2024,55.165
23/01/2024,55.307
24/01/2024,55.753
25/01/2024,54.598
26/01/2024,54.419
29/01/2024,53.944
30/01/2024,54.318
31/01/2024,56.614
01/02/2024,55.079
02/02/2024,54.609
05/02/2024,55.323
06/02/2024,55.659
07/02/2024,55.557
08/02/2024,55.243
09/02/2024,54.136
12/02/2024,53.619
13/02/2024,55.056
14/02/2024,54.015
15/02/2024,52.343
16/02/2024,53.184
20/02/2024,52.981
21/02/2024,52.524
22/02/2024,50.878
23/02/2024,51.569
26/02/2024,52.48
27/02/2024,51.865
28/02/2024,53.066
29/02/2024,52.413
01/03/2024,51.499
04/03/2024,51.154
05/03/2024,51.725
06/03/2024,50.607
07/03/2024,50.074
08/03/2024,49.641
11/03/2024,49.541
12/03/2024,48.434
13/03/2024,48.087
14/03/2024,49.3
15/03/2024,49.988
18/03/2024,49.047
19/03/2024,48.22
20/03/2024,51.363
21/03/2024,50.911
22/03/2024,52.34
25/03/2024,52.515
26/03/2024,53.246
27/03/2024,51.302
28/03/2024,51.489
01/04/2024,52.031
02/04/2024,52.721
03/04/2024,52.017
04/04/2024,53.756
05/04/2024,52.536
08/04/2024,51.194
09/04/2024,50.886
10/04/2024,53.03
11/04/2024,52.78
12/04/2024,54.559
15/04/2024,57.47
16/04/2024,57.891
17/04/2024,57.877
18/04/2024,57.432
19/04/2024,56.815
22/04/2024,54.21
23/04/2024,52.395
24/04/2024,53.418
25/04/2024,53.502
26/04/2024,51.904
29/04/2024,51.831
30/04/2024,53.829
01/05/2024,53.026
02/05/2024,51.528
03/05/2024,50.513
06/05/2024,50.181
07/05/2024,50.213
08/05/2024,50.375
09/05/2024,50.178
10/05/2024,50.617
13/05/2024,50.929
14/05/2024,50.37
15/05/2024,49.008
16/05/2024,49.4
17/05/2024,48.802
20/05/2024,48.601
21/05/2024,48.902
22/05/2024,49.684
23/05/2024,50.463
24/05/2024,49.225
28/05/2024,49.898
29/05/2024,50.79
30/05/2024,50.657
31/05/2024,49.845
03/06/2024,49.503
04/06/2024,50.679
05/06/2024,49.894
06/06/2024,50.326
07/06/2024,50.013
10/06/2024,50.107
11/06/2024,50.566
12/06/2024,49.321
13/06/2024,51.197
14/06/2024,53.828
17/06/2024,53.032
18/06/2024,52.18
20/06/2024,53.369
21/06/2024,53.196
24/06/2024,53.275
25/06/2024,53.985
26/06/2024,54.357
27/06/2024,53.451
28/06/2024,53.452
01/07/2024,52.388
02/07/2024,50.733
03/07/2024,50.034
05/07/2024,49.797
08/07/2024,49.008
09/07/2024,49.423
10/07/2024,48.979
11/07/2024,48.64
12/07/2024,48.2
15/07/2024,48.523
16/07/2024,48.028
17/07/2024,49.121
18/07/2024,50.494
19/07/2024,50.83
22/07/2024,49.243
23/07/2024,49.604
24/07/2024,51.618
25/07/2024,52.348
26/07/2024,51.048
29/07/2024,51.778
30/07/2024,52.52
31/07/2024,51.809
01/08/2024,54.609
02/08/2024,58.268
05/08/2024,60.777
06/08/2024,60.375
07/08/2024,61.12
08/08/2024,57.793
09/08/2024,57.718
12/08/2024,59.51
13/08/2024,57.63
14/08/2024,55.24
15/08/2024,52.186
16/08/2024,50.979
19/08/2024,50.79
20/08/2024,51.213
21/08/2024,50.548
22/08/2024,51.198
23/08/2024,49.208
26/08/2024,49.464
27/08/2024,49.238
28/08/2024,49.9
29/08/2024,49.63
30/08/2024,49.259
03/09/2024,52.108
04/09/2024,51.969
05/09/2024,51.75
06/09/2024,54.02
09/09/2024,51.645
10/09/2024,53.036
11/09/2024,51.824
12/09/2024,50.888
13/09/2024,49.823
16/09/2024,49.299
17/09/2024,49.53
18/09/2024,49.162
19/09/2024,47.691
20/09/2024,52.23
23/09/2024,52.986
24/09/2024,52.561
25/09/2024,53.178
26/09/2024,52.31
27/09/2024,52.571
30/09/2024,52.705
01/10/2024,54.341
02/10/2024,53.348
03/10/2024,54.074
04/10/2024,52.783
07/10/2024,53.818
08/10/2024,52.834
09/10/2024,52.283
10/10/2024,52.224
11/10/2024,51.725
15/10/2024,51.617
16/10/2024,51.209
17/10/2024,51.598
18/10/2024,51.194
21/10/2024,51.959
22/10/2024,52.358
23/10/2024,53.28
24/10/2024,52.544
25/10/2024,52.87
28/10/2024,51.965
29/10/2024,52.21
30/10/2024,52.84
31/10/2024,53.85
01/11/2024,53.016
04/11/2024,53.82
05/11/2024,51.907
06/11/2024,48.894
07/11/2024,48.035
08/11/2024,47.214
12/11/2024,48.061
13/11/2024,48.364
14/11/2024,48.986
15/11/2024,49.438
18/11/2024,49.039
19/11/2024,48.929
20/11/2024,48.993
21/11/2024,48.882
22/11/2024,48.59
25/11/2024,48.028
26/11/2024,48.206
27/11/2024,48.156
29/11/2024,47.611
02/12/2024,47.263
03/12/2024,47.445
04/12/2024,47.592
05/12/2024,47.288
06/12/2024,47.073
09/12/2024,47.459
10/12/2024,47.339
11/12/2024,46.859
12/12/2024,47.567
13/12/2024,47.812
16/12/2024,47.516
17/12/2024,47.77
18/12/2024,50.423
19/12/2024,51.405
20/12/2024,49.293
23/12/2024,49.613
24/12/2024,48.688
26/12/2024,48.255
27/12/2024,49.258
30/12/2024,50.205
31/12/2024,49.843
02/01/2025,49.325
03/01/2025,48.655
06/01/2025,48.476
07/01/2025,49.466
08/01/2025,50.114
09/01/2025,50.356
10/01/2025,51.501
13/01/2025,51.789
14/01/2025,50.749
15/01/2025,48.718
16/01/2025,49.348
17/01/2025,48.863
21/01/2025,47.503
22/01/2025,48.248
23/01/2025,47.734
24/01/2025,48.073
27/01/2025,48.757
28/01/2025,48.187
29/01/2025,48.36
30/01/2025,48.139
31/01/2025,48.656
03/02/2025,48.738
04/02/2025,48.077
05/02/2025,47.87
06/02/2025,47.99
07/02/2025,48.529
10/02/2025,47.946
11/02/2025,47.95
12/02/2025,47.58
13/02/2025,46.86
14/02/2025,46.748
18/02/2025,46.583
19/02/2025,46.64
20/02/2025,46.754
21/02/2025,48.47
24/02/2025,48.748
25/02/2025,48.609
26/02/2025,48.692
27/02/2025,50.022
28/02/2025,49.2
03/03/2025,50.275
04/03/2025,49.684
05/03/2025,49.834
06/03/2025,51.926
07/03/2025,51.482
10/03/2025,54.557
11/03/2025,55.529
12/03/2025,55.495
13/03/2025,57.332
14/03/2025,55.127
17/03/2025,53.946
18/03/2025,54.275
19/03/2025,52.52
20/03/2025,58.239
21/03/2025,59.545
24/03/2025,57.165
25/03/2025,56.862
26/03/2025,58.052
27/03/2025,59.165
28/03/2025,61.175
31/03/2025,61.451
01/04/2025,60.785
02/04/2025,59.695
03/04/2025,67.153
04/04/2025,72.201
07/04/2025,76.52
08/04/2025,81.052
09/04/2025,67.982
10/04/2025,74.8
11/04/2025,72.978
14/04/2025,70.99
15/04/2025,69.824
16/04/2025,71.758
17/04/2025,70.019
21/04/2025,73.755
22/04/2025,72.265
23/04/2025,68.808
24/04/2025,66.419
25/04/2025,66.417
28/04/2025,67.295
29/04/2025,66.99
30/04/2025,67.118
01/05/2025,67.49
02/05/2025,64.328
05/05/2025,63.693
06/05/2025,64.764
07/05/2025,63.414
08/05/2025,61.368
09/05/2025,61.858
12/05/2025,55.483
13/05/2025,54.078
14/05/2025,55.75
15/05/2025,54.994
16/05/2025,54.708
19/05/2025,54.98
20/05/2025,55.292
21/05/2025,58.441
22/05/2025,57.939
23/05/2025,59.526
27/05/2025,55.708
28/05/2025,56.082
29/05/2025,56.131
30/05/2025,56.16
02/06/2025,55.341
03/06/2025,54.959
04/06/2025,55.16
05/06/2025,55.661
06/06/2025,54.006
09/06/2025,53.913
10/06/2025,53.087
11/06/2025,53.267
12/06/2025,53.846
13/06/2025,55.892
16/06/2025,54.284
17/06/2025,56.819
18/06/2025,56.101
20/06/2025,56.013
23/06/2025,54.692
24/06/2025,52.799
25/06/2025,53.402
26/06/2025,52.492
27/06/2025,51.991
30/06/2025,51.058
01/07/2025,50.559
02/07/2025,50.178
03/07/2025,49.305
07/07/2025,50.89
08/07/2025,51.234
09/07/2025,50.05
10/07/2025,49.847
11/07/2025,50.536
14/07/2025,50.943
15/07/2025,52.14
16/07/2025,51.95
17/07/2025,50.658
18/07/2025,50.805
21/07/2025,50.99
22/07/2025,51.105
23/07/2025,50.115
24/07/2025,50.139
25/07/2025,50.044
28/07/2025,50.25
29/07/2025,50.934
30/07/2025,50.837
31/07/2025,51.339
01/08/2025,53.94
04/08/2025,51.886
05/08/2025,52.519
06/08/2025,52.03
07/08/2025,51.977
08/08/2025,51.044
11/08/2025,51.492
12/08/2025,50.104
13/08/2025,49.718
14/08/2025,49.961
15/08/2025,50.036
18/08/2025,50.035
19/08/2025,50.388
20/08/2025,50.752
21/08/2025,51.588
22/08/2025,49.065
25/08/2025,49.644
26/08/2025,49.65
27/08/2025,50.3
28/08/2025,50.12
29/08/2025,50.958
02/09/2025,51.023
03/09/2025,50.9
04/09/2025,49.542
05/09/2025,49.9
08/09/2025,49.997
09/09/2025,49.539
10/09/2025,48.988
11/09/2025,47.709
12/09/2025,47.849
15/09/2025,46.994
16/09/2025,47.453
17/09/2025,47.76
18/09/2025,46.95
19/09/2025,47.262
22/09/2025,51.721
23/09/2025,52.152
24/09/2025,52.631
25/09/2025,53.495
26/09/2025,52.826
29/09/2025,52.215
30/09/2025,52.07
01/10/2025,52.098
02/10/2025,51.646
03/10/2025,51.489
06/10/2025,50.904
07/10/2025,51.425
08/10/2025,51.866
09/10/2025,52.597
10/10/2025,56.702
14/10/2025,53.369
15/10/2025,52.788
16/10/2025,54.866
17/10/2025,53.644
20/10/2025,52.158
21/10/2025,52.853
22/10/2025,53.048
23/10/2025,52.078
24/10/2025,51.531
27/10/2025,50.222
28/10/2025,50.74
29/10/2025,51.083
30/10/2025,51.795
31/10/2025,52.591
03/11/2025,53.279
04/11/2025,53.834
05/11/2025,52.686
06/11/2025,53.54
07/11/2025,53.485
10/11/2025,51.818
12/11/2025,52.177
13/11/2025,53.645
14/11/2025,53.384
17/11/2025,54.398
18/11/2025,55.278
19/11/2025,53.875
20/11/2025,55.983
21/11/2025,54.508
24/11/2025,53.037
25/11/2025,52.437
26/11/2025,51.748
28/11/2025,51.121
01/12/2025,51.267
02/12/2025,51.045
03/12/2025,51.025
04/12/2025,50.783