,BTC-USD,ETH-USD,BNB-USD,SOL-USD,XRP-USD,SHIB-USD,DOGE-USD
2023-08-02,2.835934772937806,-0.49795470247994256,-1.812106416358179,-0.6681866432352238,0.9530556289345143,-0.5313892783144389,0.7206466385154636
2023-08-03,2.5497193368505786,-0.02568290660912702,-1.7305747587342242,-0.7396224060825486,0.868476998747132,-0.5350592673963845,0.6127430032245738
2023-08-04,2.7013553579919587,-0.2042802271872361,-1.7522285336463952,-0.6838789812884027,0.8343806395078459,-0.5359803879335808,0.6406321325558103
2023-08-07,3.1986950948780972,-0.25005628750377284,-2.6678527724768495,-0.6691923024160931,0.9254277707956448,-0.30160323715785964,0.7645817338808333
2023-08-08,3.7451687315038993,-0.19444447734045894,-3.382116366338623,-0.6869636688601631,0.9741478028821198,-0.3060648869051272,0.850272865058353
2023-08-09,3.9928312653714864,-1.061210599316416,-3.1566142407955833,-0.5801157842668881,1.0040593598714995,0.006547518254943354,0.794502480880958
2023-08-10,4.575963170595902,-1.2314649992511997,-3.969067532216299,-0.6590956268608078,1.2141976969650026,0.06799733852734799,1.0014699522400543
2023-08-11,4.7688649905344,-0.9137833932184014,-4.558864281672129,-0.626981151321797,1.2413565978387961,0.009721386197927258,1.0796858516412036
2023-08-14,5.534891889619488,-2.0333603398942772,-4.603501505883545,-0.5903633507345238,1.3571440745649117,0.15466113803219336,1.1805280942957532
2023-08-15,5.365718072923576,-2.3051154913142504,-4.087961545062269,-0.5178622195217639,1.2964462267397399,0.162062869849931,1.0867120863850368
2023-08-16,5.711890400460363,-2.5184838546198653,-3.992445083272896,-0.6608236698851048,1.3442727806617376,0.05434072831555465,1.061248698340211
2023-08-17,5.72096671506799,-1.7787313298424443,-3.88855401322455,-0.7354043408738047,1.3584900658030943,-0.6360517580960512,0.9592846611657658
2023-08-18,9.229381481635409,-2.0817624083162394,-6.606208750780307,-0.985969041362277,2.1227602143099182,-1.792416070021228,1.114214574534725
2023-08-21,9.234496032354134,-2.865521212636964,-7.232772661967923,-0.8850922220596135,2.1609594201453115,-0.8862256951425337,1.4741563393075894
2023-08-22,9.14036177993953,-3.287089682386571,-6.875717451654187,-0.7928908917699717,2.1804385926940726,-1.0132791682675166,1.648176821444643
2023-08-23,4.861135751862163,-1.2053258681802845,-3.4053287273088033,-0.5946241954820797,1.0693401976937713,-0.5375755836973269,0.8123784251125603
2023-08-24,6.88455368253074,-0.9416371088299333,-6.469588663012497,-0.5902582784926322,1.5667584420188065,-0.8275367673777507,1.377708693163267
2023-08-25,6.424652181759083,-1.4608981483160977,-5.329038807593871,-0.5860653390080509,1.4291086066722927,-0.6961467652937188,1.2183882717803622
2023-08-28,6.072496677019786,-1.4608486282682835,-4.887171900812544,-0.5987763193259048,1.3731382646232568,-0.6603590679381964,1.1615209747018855
2023-08-29,7.054591284296399,-1.9272802007515224,-5.485206447466663,-0.5711161821360468,1.524202966380683,-0.9709486454981614,1.3757572251753107
2023-08-30,4.1799148545387395,-0.6790850371133295,-3.1241149812625664,-0.4145308648311998,0.8169564231461723,-0.5400284878721563,0.7608880933943403
2023-08-31,4.850612921905513,-1.1668824494468593,-3.539776260754559,-0.4708575344598404,0.9297839692193878,-0.48913329091247415,0.8862526444488327
2023-09-01,5.294238958241885,-1.2462851402335031,-4.1394882106392155,-0.5185442987203023,1.0689428810190917,-0.5232167689765234,1.0643525793085677
2023-09-05,5.65816279459148,-1.6278415487264688,-4.292417937043536,-0.5233990146941094,1.1201726013952222,-0.5092328660523865,1.1745559705297992
2023-09-06,6.053335823837698,-2.140488530036702,-4.408085440821133,-0.3964598212688409,1.1875900144609859,-0.5150956127246055,1.2192035665525973
2023-09-07,5.634727529397191,-1.9458912943341737,-3.9737143223246956,-0.4402972916398434,1.092790526749614,-0.4860256247355314,1.118410476887439
2023-09-08,4.403356203111481,-1.925598022515179,-2.176586206071124,-0.3661231717780465,0.7090301232621198,-0.3743932085592494,0.7303142825499981
2023-09-11,5.6254821372998896,-2.5314827061416856,-3.1909170521434316,-0.4274870397410675,0.890055093167991,-0.3431678364875148,0.9775174040458192
2023-09-12,6.318147334225718,-2.8186935196273994,-3.465527571801908,-0.5535690842194356,0.9476928457785667,-0.5327726614908187,1.1047226571352764
2023-09-13,6.790068215273867,-2.773606721156148,-4.007727994651504,-0.6290954287211455,1.1075306375547982,-0.7641570538177316,1.2769883455178643
2023-09-14,6.448314529333412,-2.2457847446438133,-4.076082392947635,-0.7679656998721509,1.1619643273629545,-0.8343308780161878,1.3138848587834202
2023-09-15,4.72754268718211,-1.6254339830206874,-2.666692962969678,-0.4875662114676626,0.7303296291775614,-0.49589416894214844,0.8177150100405048
2023-09-18,4.823394854300443,-1.9976517262882378,-2.4329617253225053,-0.4406029567949235,0.7056609835813349,-0.43788426230712274,0.7800448328310117
2023-09-19,4.0183327227474885,-1.0449858873460611,-2.287674746638264,-0.47805311612229956,0.6398498183129078,-0.5187444591547655,0.671275668200994
2023-09-20,4.067384562215931,-0.7556435666953958,-2.5444633472790437,-0.4572462944972888,0.5857219171607889,-0.5681015654322146,0.6723482945272227
2023-09-21,3.9772129985740428,-0.5039079056446158,-2.7217049990677133,-0.4794042540751443,0.5115521302209932,-0.47050654794944197,0.6867585779418794
2023-09-22,3.8509816160418056,-0.27863649033316706,-2.6382581997019674,-0.4811259248337086,0.38793267057114267,-0.47253242349921737,0.6316387517551124
2023-09-25,3.351962879840983,0.3468349401882564,-2.7355097898676006,-0.5376705170329895,0.3804463508229831,-0.36469877963914554,0.5586349156875128
2023-09-26,4.043549392247657,0.5950580911931469,-3.5209268314412965,-0.5789897333442054,0.2784507505011312,-0.57351681648616,0.7563751473297265
2023-09-27,3.608886076918359,0.7593718436756266,-2.981954975960434,-0.6352571287654637,0.20242720916184875,-0.5051855593741489,0.551712534344213
2023-09-28,3.665237402797919,0.4241671981467848,-2.862573379070992,-0.6191662816306347,0.28337087261658184,-0.4765749371690566,0.585539124309398
2023-09-29,3.440379964791918,0.4507260915464429,-2.6677758549913086,-0.5500283742331504,0.2849948497273389,-0.49499778012400997,0.5367011032827693
2023-10-02,3.716645585813101,0.9763063382864039,-3.5321219463904674,-0.6174311067611516,0.35345334172211373,-0.5797798314166775,0.6829276187466776
2023-10-03,4.553384223217137,0.820856378097676,-4.360011973260383,-0.415083637371886,0.252911482916456,-0.6812878986647966,0.8292314250657965
2023-10-04,4.716938447315446,0.7560395599357402,-4.563256482873212,-0.3753034899963866,0.3437579337680891,-0.6806370808197431,0.8024611126700658
2023-10-05,4.878115527378054,0.6600889754840835,-4.732411428374259,-0.39034377712469953,0.39036804426627336,-0.6776294830205165,0.8718121413910643
2023-10-06,6.226808372402344,1.104428222244994,-6.409323569564287,-0.44843840872043533,0.4995966351815438,-1.0433848262440473,1.0703135746998875
2023-10-09,5.437295676645192,0.8893992271728264,-5.465528412582855,-0.397660414168167,0.3682354813719021,-0.7204911127092459,0.8887495542703472
2023-10-10,5.760828936775918,0.10756323508845003,-5.093092664441265,-0.3687151075757131,0.33785879590789214,-0.6120676856158463,0.8676244898605642
2023-10-11,5.258275963558259,-0.027490182675429915,-4.291375695961357,-0.3369761271459894,0.1969013596811006,-0.5843572356199694,0.7850219181633864
2023-10-12,4.6624342439069215,0.31096926263578556,-4.099971122371248,-0.3515279364624095,0.1825720564713721,-0.43522168001964845,0.7307451758392264
2023-10-13,4.780277521608974,0.15097124158423825,-4.1004292783192815,-0.3294079590734988,0.20948831535309864,-0.4137207789747311,0.7028209378212013
2023-10-16,4.829743732689975,0.03429539573398057,-4.086475677273343,-0.3026509438928414,0.21046358574782142,-0.4217162921512714,0.7363401991456789
2023-10-17,4.556652495448199,-0.20295853633633676,-3.5796994774800415,-0.18345187812452532,0.18691513682480856,-0.43653732341108376,0.6590795830789802
2023-10-18,4.960427993901175,-0.8328460379600113,-3.5050890733828677,-0.10852503989087489,0.17873028809976427,-0.393314105930449,0.7006159751632647
2023-10-19,5.249886398246292,-0.9530153439852073,-3.758965507751019,-0.16119794349643132,0.2446626938870994,-0.35292755419288685,0.731557257292152
2023-10-20,5.305134053676049,-1.1479571981144134,-3.7628689388262435,-0.05424296887911783,0.3207002252787252,-0.37100102767936366,0.7102358545443642
2023-10-23,5.41633358506508,-1.1040158019284165,-3.9832630167373573,0.06706577981144918,0.294896054536548,-0.4315204802342712,0.740503879486968
2023-10-24,4.770289332874779,-1.0556973476788842,-3.2171878762702955,0.10424117979872488,0.22292736399429725,-0.44369086154537196,0.6191182088267498
2023-10-25,4.773546695514991,-1.117528211327178,-3.114248583077462,0.04350533753784749,0.21426266272554828,-0.4011704839346169,0.6016325825608695
2023-10-26,5.439553076473691,-1.9411488180851117,-3.4552653237072817,0.16646455731542478,0.27063268274512403,-0.17500893947188143,0.6947727647300355
2023-10-27,6.234627680436315,-2.815346736589449,-3.7417836483544713,0.1929538389026234,0.3645523638443325,-0.0940692171739124,0.859065718934562
2023-10-30,6.77616887876874,-3.5782676765383687,-3.4102110482755967,0.2644085254130696,0.43607482260691577,-0.13760044138383692,0.649426939409077
2023-10-31,6.332039739427721,-3.1869073683343796,-3.2099976015128444,0.31836041602751053,0.42957598362192323,-0.18103199105513243,0.4979608218252027
2023-11-01,7.871834967136613,-3.926002797698092,-4.1960383239076116,0.5555203915350106,0.5548267501761475,-0.3593054877875952,0.499164500545527
2023-11-02,10.687683333803804,-2.4606867853928924,-6.749719233424017,0.9463297067477187,0.9660579256754205,0.20383708664759673,-2.59350203405763
2023-11-03,10.039244332390567,-2.36319206193614,-5.4866043911989415,0.8980929780158847,0.9702955738231795,0.03504405078926597,-3.0928804818838156
2023-11-06,9.508613922324,-1.5224386869063293,-5.920320743080088,0.8448844082974893,0.9529268657393121,0.08619507431788698,-2.949860840692272
2023-11-07,6.647170468419418,-1.7634489617815523,-3.618597333905536,0.5913009555011552,0.8957502387636455,-0.16065983275262014,-1.5915155342445115
2023-11-08,10.102930962845303,-3.131423160329139,-5.797156064839176,0.9729426069062298,1.1730355616511459,-0.2885730558970241,-2.0317568503373393
2023-11-09,9.078963295571587,-3.1923074105069054,-5.241357795297645,0.9672582568715835,1.0685993165329823,-0.2405849921914377,-1.4405706709801638
2023-11-10,5.548074206954596,0.684124247197364,-5.474240210185192,0.6821113896647244,0.6487878210383677,-0.08913680325082048,-0.9997206514190398
2023-11-13,3.648536543036839,0.13735637758759647,-3.2447469456383695,0.8380440773298143,0.39124206707366266,-0.08187927098926041,-0.6885528484002824
2023-11-14,5.822680242876327,-0.2620310910479156,-5.150246763745284,1.0756690507188078,0.6318085578675504,0.013453490173927721,-1.1313334868434133
2023-11-15,6.170538978740117,-1.0558117865508225,-4.747953226693352,1.4088301306241473,0.5753033716218678,-0.29992684721173063,-1.0509806205302272
2023-11-16,4.97503098441713,-0.9498768287879669,-3.6780185572989317,1.3085333110709563,0.44515162028459176,-0.031774381600038676,-1.0690461480857414
2023-11-17,6.084425796028956,-1.2806814992248632,-4.704991687251724,1.5636305584736612,0.4799401085619631,-0.26582282512994865,-0.8765004514580447
2023-11-20,5.245232537622742,-1.2021129154931494,-4.123898708092219,1.2731681856901171,0.41115451890406185,-0.07769718263723188,-0.5258464359943219
2023-11-21,4.476003044831878,-0.6941889942434822,-3.2242994888052166,1.1002812471836023,0.3242498231947338,-0.23013764402699952,-0.7519079881345154
2023-11-22,6.267456157602324,-0.8101408564031379,-5.284245279880654,1.6081659685188632,0.464361182516272,-0.20709200210897738,-1.0385051702446901
2023-11-24,4.111026208126913,-0.0957420523865734,-3.676570693929674,1.1638691317092573,0.27978185071107387,-0.16259241965563703,-0.619772024575359
2023-11-27,4.9477173977317035,0.11168138684676066,-4.764886893392458,1.3912103386295458,0.33645436324427636,-0.37163746225296035,-0.6505391308068682
2023-11-28,9.04753493746836,0.0955619133080186,-9.696298378736094,1.9582144732170992,0.6887046308210253,-0.3062924050592242,-0.7874251710191842
2023-11-29,9.903515633950652,-0.20473297885764252,-9.99411266866044,2.2190886310386166,0.6206272140266771,-0.2743857609007859,-1.270000070597077
2023-11-30,9.310076306919456,-0.13029682020406066,-9.082568035752178,2.1606782861195684,0.6546104781981293,-0.22549782617691766,-1.6870023891039982
2023-12-01,10.429971959515143,-0.5005995240503402,-9.926494987741723,2.4902717108835053,0.7247378975008798,-0.20292721432785446,-2.0149598417796106
2023-12-04,11.47918432769427,-1.2024464667973966,-10.32896055176959,2.6081101909697,0.8221304491647998,-0.13699817532093742,-2.241019773940847
2023-12-05,8.286713199202536,-0.8485196336790322,-7.343038413767851,1.7646532622947881,0.5499876398912455,-0.06565342825506623,-1.3441426256866207
2023-12-06,8.291329753339491,-1.0564835355824456,-7.097049317298584,1.6139760693272642,0.5355217913825266,-0.05936295266470979,-1.227931808503543
2023-12-07,7.8607270822670765,-1.1460276437130128,-6.721659719217362,1.5077468843874027,0.5697234439464867,0.14072073267140633,-1.2112307803419975
2023-12-08,7.482070089462385,-0.088036334740434,-7.490743389758704,1.761355748474379,0.5366039608802987,0.09889996280120038,-1.3001500371191255
2023-12-11,6.652181230232144,-0.2747158797814472,-6.616097598113639,1.7222498232032513,0.4749034737394818,-0.032785432739027474,-0.9257356165407632
2023-12-12,7.522857778362599,-1.1632379744173198,-6.589631572500492,2.187364563366644,0.4897196289183958,0.13888562056460815,-1.5859580442944357
2023-12-13,6.102396961469716,-1.2344584307386546,-4.719252052490265,1.6582369663778365,0.3947982030676917,0.08151163856757762,-1.283233286253902
2023-12-14,5.714202416760169,-1.3011683019010885,-4.318092344410333,1.538338772817848,0.3455962510683744,0.015110808198655975,-0.9939876025336252
2023-12-15,5.589590946560225,-1.239533574712142,-4.345297831838046,1.6579648532933893,0.3302120941394958,-0.006141692898289993,-0.9867947945446327
2023-12-18,6.113945468329612,-1.4876250496869519,-4.726886410873673,1.7631436055016607,0.393142983806393,0.04660256262712073,-1.1023231597041616
2023-12-19,5.5103563095148305,-1.3268357329026796,-4.109010739754771,1.5269751755548682,0.3333730956897412,-0.00046708375410759747,-0.9343910243478823
2023-12-20,3.681086317543274,-1.0818725250486014,-2.210160699729212,1.067268336531776,0.2156586906895954,0.018482371569023923,-0.690462491555856
2023-12-21,4.189270604729814,-1.3997465991859324,-2.7186937595316096,1.2278704617407625,0.2571103650260358,-0.021748608787015802,-0.5340624639920548
2023-12-22,4.689233942337593,-1.7729271261988333,-3.118035803128072,1.563823290651974,0.27752155910497606,-0.018631475949317848,-0.6209843868183198
2023-12-26,4.123859540480902,-1.350739913203307,-2.943725617540027,1.4878479816413641,0.24239484154699095,0.08091194257813068,-0.6405487755040543
2023-12-27,3.7536126070926716,-1.7323251492637117,-2.0414007437841173,1.6205130767942442,0.2165401836614081,0.07899274885160712,-0.8959327233521022
2023-12-28,2.4404024236184934,-0.8513385952425777,-1.0598674970726394,1.0450937043013964,0.12047886112133312,0.00890869491166934,-0.703677591637675
2023-12-29,2.4130769688895373,-0.8565764482202095,-1.0950264235856015,1.097972840420662,0.09278854338041712,-0.0009904870261639848,-0.6512449938586413
2024-01-02,2.536809743912235,-0.9301926607447378,-1.3551075499441187,1.3685823831125496,0.08494510830256588,-0.11384097541485858,-0.5911960492236352
2024-01-03,2.733056027104865,-1.074964939100543,-1.4098447139712975,1.3046351127572287,0.12126875185461118,-0.040434251375095244,-0.6337159872697694
2024-01-04,2.853413405939568,-1.3241508526517765,-1.1102952781065403,1.3024303938395188,0.10509323529923144,-0.10045964810626531,-0.7260312562137361
2024-01-05,2.7636004860860877,-1.264101383860883,-1.0271528933677214,1.2277811237341487,0.09341907697134277,-0.11148198346192643,-0.6820644261010482
2024-01-08,3.425857485977453,-1.5671706790566844,-1.4811421880824314,1.4252130122203206,0.13038082656097918,-0.07160412012853401,-0.8615343374911031
2024-01-09,3.4892619193327707,-1.537310831815477,-1.523711126807768,1.329322558559835,0.14394181133494216,-0.0749776139924995,-0.8265267166118034
2024-01-10,3.7094950078049584,-1.5508430687814128,-1.7839220699876588,1.5257294571337685,0.13705244878108802,-0.060036759070721146,-0.9774750158800223
2024-01-11,3.1593909700393543,-0.6641745284461937,-1.8865014492091916,1.3302821026852238,0.14469389239677152,-0.16484831561756422,-0.9188426718484005
2024-01-12,3.0550729326303974,-0.5031941155525388,-1.9552847347000244,1.3701467268317422,0.14463227352611185,-0.16298080695277709,-0.9483922757829111
2024-01-16,3.7434889432035967,-0.3955324368670187,-3.0613214700474707,2.0736279880872375,0.14108985527943277,-0.10853928025192308,-1.3928135994038546
2024-01-17,3.0048584775920206,-0.12082257176356406,-2.547857889873011,2.06396217052684,0.10796544585122134,-0.11766768084346889,-1.3904379514900378
2024-01-18,3.489755854695045,-0.03925373388407733,-3.2287045047724385,2.6316780473790984,0.12677526877173867,-0.23736429976436918,-1.7428866324249974
2024-01-19,3.4228579574388314,-0.07570738734578261,-2.7871573731139345,2.4836483925722774,0.1362666284813034,-0.47814047282598365,-1.7017677452067113
2024-01-22,2.743067556420098,0.08384967049226748,-2.170440015534608,2.146024308772627,0.05404373623642614,-0.47413300562091093,-1.3824122507658998
2024-01-23,4.1337790021461105,-0.8259203895109026,-3.1334033839193656,2.9128403307928807,0.0897611201493443,-0.8154774319883393,-1.361579247669728
2024-01-24,5.3684802622188466,-1.5614896040896535,-3.754663848416664,3.351909645648565,0.1639573717580558,-0.8504517330088301,-1.7177420941103194
2024-01-25,6.506405917133296,-1.2202240492941978,-5.733118624582976,5.146718634964402,0.047821487533421775,-1.1729694373025161,-2.57463392845143
2024-01-26,5.096909575180865,-0.45295484319426893,-5.232166838958122,4.5949513939860545,0.03145382561550225,-0.8016109445174485,-2.236582168112582
2024-01-29,5.283028119181088,-1.0504046965852134,-4.360857890518887,3.9442256948660335,0.075431316145618,-0.9753233812551751,-1.916099161833464
2024-01-30,4.677243665875858,-1.008671140090698,-3.6578819722342577,3.534522793182277,0.04606673662320108,-0.9023795061032995,-1.688900577253082
2024-01-31,5.035321852441571,-0.4336736638439449,-4.6035550734242445,4.2433326942339304,-0.0686079912545343,-1.0193756594241017,-2.153442158728676
2024-02-01,5.662163230830885,-0.558041922001528,-5.103012444658334,4.443028965627623,0.056199703092972106,-1.0228729002205639,-2.4774646326710545
2024-02-02,7.149983460490312,-0.2779574438193709,-6.602438791840301,5.740183381019156,0.06384904781021218,-1.0973574962564712,-3.976262157403538
2024-02-05,8.452666834806065,-0.8834756484096761,-7.833290872182785,6.816575755817087,0.09050611927994513,-1.2936956933536066,-4.3492864959570285
2024-02-06,9.863722231902127,-1.1514611673968789,-9.485697153345525,7.732557740809787,0.13003563332824197,-1.5099279455250019,-4.579229339772752
2024-02-07,13.916583376904352,-0.5338639537016948,-13.992932524617663,10.77035281238751,0.10568118200041603,-2.823939422117567,-6.441881470855353
2024-02-08,8.77183979690799,-0.36624334045996376,-8.343860032140652,6.813889785883963,0.044677258160618696,-2.481150097872433,-3.4391533704795214
2024-02-09,8.57664735615834,-1.327815479800987,-6.822094784752418,5.859160210556748,0.07337056807606437,-2.1152507252109336,-3.2440171450268136
2024-02-12,6.563263262958884,-1.0988730079738895,-4.890509961321722,4.2637109636520005,0.04048158447749208,-1.6523950489450743,-2.22567779284769
2024-02-13,3.5712139043852744,-0.2746053671575915,-2.734866538925979,2.447284796847716,-0.04534790874680202,-0.656092567277172,-1.3075863191254455
2024-02-14,3.8906728018185373,-0.00030338223336084003,-3.115663832804194,2.7880011628192585,-0.10137437263160055,-1.1052256397315239,-1.3561067372371167
2024-02-15,2.817000002793131,0.1189431999114532,-2.157315313277416,1.987474233586393,-0.0623508609013337,-0.624851561541259,-1.0788997005709682
2024-02-16,2.394556721471067,0.001333504300461251,-1.364003254105786,1.5349653529785097,-0.015082554415755213,-0.6088696377919804,-0.9429001324365163
2024-02-20,2.6800580512955703,-0.09851549508495516,-1.5315191707026619,1.7220017136969796,0.006742835102780298,-0.7198780076332342,-1.0588899266744787
2024-02-21,2.038000050181836,0.4498065470021961,-1.4526876330631118,1.5447020827755882,-0.02189424196833608,-0.595469682299553,-0.962457122628619
2024-02-22,1.8214904283414888,0.2763139668799596,-0.9365285855733073,1.3664205658191073,-0.03121120472619666,-0.5135136828874696,-0.982971487853582
2024-02-23,1.6297159586103853,0.38943940664781085,-0.7771547932139012,1.1524602185602397,-0.030795846159394194,-0.47969562336633637,-0.8839693210788041
2024-02-26,1.742737343919098,0.3912915826959368,-0.9269415549787892,1.2568407705046638,-0.04972960790150947,-0.5076491877193815,-0.906549346520019
2024-02-27,1.579244146118738,0.31392754007926243,-0.6837893584808252,1.0671223582218954,-0.05530956765450611,-0.4810764266896558,-0.7401186915949086
2024-02-28,1.615874986375242,0.10910456174579938,-0.6943496663774158,0.8519180949671775,-0.018635730097188503,-0.3910739366429827,-0.47283830997063203
2024-02-29,1.618502218658081,-0.09723790822672376,-0.6377274762203348,0.7937244329890011,-0.05265774319244383,-0.3675048890219969,-0.2570986349855827
2024-03-01,1.556408980154703,-0.06337549037839266,-0.788595534581914,0.9073945893037899,-0.0531095340954547,-0.2530445702170967,-0.3056784401856347
2024-03-04,1.33088987286893,-0.18783699614056892,-0.733656357808382,0.8093312857576216,-0.056082370005820184,-0.04875353451071578,-0.11389190016106458
2024-03-05,1.2202683082936012,-0.2357648809463597,-0.6836890861018633,0.711850954550766,-0.04004689085789552,0.13261010371941942,-0.10522850865766809
2024-03-06,1.1219758280741368,0.04300449808543828,-0.7515527119374688,0.7507580865125675,-0.07941087672967884,0.20585927136927837,-0.2906340953742732
2024-03-07,0.8846955193407726,0.15106400693063263,-0.5385344593045013,0.6597909647010561,-0.0805828126518723,0.15486041364720798,-0.23129363266329575
2024-03-08,0.8030836495266693,0.08575560630765326,-0.35571057418301216,0.6467042172893015,-0.09359610029704057,0.14005357451141454,-0.22629037315498596
2024-03-11,0.7988341916653693,0.038804096261671334,-0.3430425847879058,0.6723195406877229,-0.1269548767119876,0.1308809288477951,-0.1708412959626653
2024-03-12,0.7765455676739444,0.015468759827811545,-0.24153716327859012,0.5295058761292953,-0.07959927182763671,0.09059611280637608,-0.09097988133120048
2024-03-13,0.8129468309173922,-0.02167533670550421,-0.1663207615743714,0.4992698441152139,-0.07964722454501051,0.09359883197172594,-0.1381721841794459
2024-03-14,0.7549795581021478,-0.09552340297313838,0.006212132418135356,0.46950378543013943,-0.07899508081942867,0.09282227354855391,-0.14899926570640926
2024-03-15,0.7258965839414764,-0.12740435454405527,-0.041252601183828085,0.5545328844241608,-0.09160345974453006,0.09540280937520862,-0.11557186226843229
2024-03-18,0.6436673258797037,-0.13889535387266205,0.005742449848033024,0.6105535384156305,-0.10276508456818335,0.10760041395903008,-0.12590328966155184
2024-03-19,0.7392298722424567,-0.1581676297791459,-0.19214020991081557,0.7716507510284123,-0.09705096071033566,0.11447102206019531,-0.17799284493076747
2024-03-20,0.8173763604787008,-0.32924918529501984,-0.271946174297292,0.967408609235201,-0.10836335163414233,0.16653860336575319,-0.24176486185320076
2024-03-21,0.6119129706463694,-0.14887342177399315,-0.21652282170434692,0.8670268630440868,-0.1223866706990322,0.14813658627598192,-0.1392935057890659
2024-03-22,0.5802119353424899,-0.13106946038792322,-0.19108721204511117,0.9133267696891159,-0.20112491169434704,0.13277872265391139,-0.10303584355813603
2024-03-25,0.5901480650866702,-0.2176367766011319,-0.1269550477693564,0.8893645306263841,-0.1732424105432909,0.11662635444788157,-0.07830471524715633
2024-03-26,0.6356843579635428,-0.2645386076108226,-0.11094243072071368,0.8612313374741289,-0.1831343420903698,0.11470176051334106,-0.05300207552910665
2024-03-27,0.593172991679691,-0.2271443194109932,-0.14271028940815916,0.8698125179255322,-0.18532139007360815,0.10695287453536662,-0.014762385247829217
2024-03-28,0.5655422428429161,-0.22878841311367662,-0.1000598656226375,0.8880339031385117,-0.27792775192745517,0.10384152571297905,0.0493583589693624
2024-04-01,0.6124090186915084,-0.33865800655698747,-0.0988461761018409,0.8876710652917481,-0.3090042436573198,0.08498104715785022,0.16144729517504125
2024-04-02,0.5469000440485083,-0.2960199985453201,-0.09633548011496598,0.9607979197323382,-0.34717131078294955,0.0707968529670646,0.16103197269532457
2024-04-03,0.6123608940641487,-0.4198038245586288,-0.14232416710257775,1.0947055522327485,-0.36721144805820344,0.07664282014157552,0.14563017328093733
2024-04-04,0.6137531749460367,-0.4020943468842804,-0.08615296484067868,1.0744131827791605,-0.36614386608309296,0.09539616403765937,0.07082865604519557
2024-04-05,0.8772621768296262,-0.4499608371423437,0.0811776870084824,0.8629524558477301,-0.22615918222380776,0.17135218974606137,-0.31662449006574844
2024-04-08,0.926267518121652,-0.5165229236568292,0.08852191930298313,0.8578848607191458,-0.22924665043584003,0.16527745466666444,-0.2921821787177762
2024-04-09,0.8103519859248544,-0.35354927484476745,-0.002521348517095146,0.8174140730019065,-0.24389735514306501,0.129400342893564,-0.15719842331539718
2024-04-10,0.8053228122693941,-0.4329059853293106,0.01168542229131343,0.8509526701294171,-0.2452907866512178,0.11446904209919816,-0.10423317480879436
2024-04-11,0.659719408166405,-0.4244390514084973,0.05984733316627692,0.8855989893195451,-0.2705613818664947,0.11086975272927986,-0.0210350501065149
2024-04-12,0.6363746853882113,-0.3777936539559761,0.06053372686907961,0.867405387085533,-0.26888989035855865,0.1198891929518776,-0.037519447980166744
2024-04-15,0.8549165446996084,-0.6027192337124574,0.17058311473068632,0.808812818249409,-0.27060900885365974,0.11744323736535628,-0.0784274724789429
2024-04-16,1.051809153338098,-0.7731707418596611,0.11495406264052928,0.9176284144758987,-0.3246123121000352,0.12827724989311073,-0.1148858263879403
2024-04-17,1.311449896350474,-0.9852893579157727,0.09121983981225118,0.9244303841635509,-0.3134696602779087,0.154228013507418,-0.18256911564001263
2024-04-18,1.4631228051481402,-1.0321309988396035,0.04917931455848754,0.9213995353799237,-0.2754481901443278,0.17295670256115078,-0.2990791686637708
2024-04-19,1.401172703762356,-0.9998892851440272,0.061182083482831065,0.9615164626699791,-0.3028163858048197,0.1606535367546669,-0.28181911572098656
2024-04-22,1.2061261502757963,-0.7900329894412874,0.08690789806168764,0.8648459722040092,-0.26789169373938626,0.14572985450450132,-0.24568519186532056
2024-04-23,1.1958134274219958,-0.8337161730151507,0.15194712613216443,0.7964034870759196,-0.21476603461040306,0.1467500076940624,-0.24243184069858872
2024-04-24,1.1123059450966872,-0.6928735891999811,0.08707094691910018,0.780633765611734,-0.21336234841426951,0.1506671703600263,-0.22444189037329712
2024-04-25,1.072991356716625,-0.6552062638093911,0.0941832811685441,0.817260817245465,-0.2369097213285909,0.16643936315026858,-0.25875883314292053
2024-04-26,1.0260757772807054,-0.6184707400869994,0.10184171890789356,0.8216813212341549,-0.2455489089515901,0.1738178924811397,-0.2593970608653042
2024-04-29,1.002964690972539,-0.6227920703686126,0.1021467617000463,0.83661908929,-0.2373267200188497,0.1699684935597689,-0.2515802451348917
2024-04-30,0.8941844060798511,-0.48209398402352666,0.11038099260976626,0.8340596471696768,-0.24932341826554727,0.178964292515788,-0.28617193608600816
2024-05-01,0.9642869647638475,-0.5835776961960518,0.19556590929451098,0.8113722934803448,-0.2513712195555792,0.18534736786368888,-0.32162361965076136
2024-05-02,0.9394325072031952,-0.5347035513240564,0.06884346112722199,0.9239816471939215,-0.24019055742335527,0.20334522333375066,-0.3607087301106779
2024-05-03,0.9310056852586652,-0.597882481789221,0.10690268589429575,0.9367141256727586,-0.24131363093414457,0.20026804031299414,-0.3356944244153482
2024-05-06,1.001095150473963,-0.6778287049673285,0.1063480674968678,0.8942301440776855,-0.23410090495484515,0.17500321695773144,-0.2647469690840739
2024-05-07,0.9615520537266197,-0.7408264247550924,0.08165058280142055,0.9636499351708484,-0.2528042136023832,0.15292747306797513,-0.1661494064093881
2024-05-08,1.1543547009658472,-0.9842783299274614,0.11932995014396523,0.9919930814103799,-0.25031928240957985,0.1667620767178855,-0.1978421969010368
2024-05-09,1.0111543179842657,-0.7876248307739432,0.15125518751729314,0.8799665313610057,-0.21229972129672275,0.1669357226762987,-0.209387207468197
2024-05-10,1.018324210981927,-0.7934904118146346,0.13805839308349815,0.8848531133643097,-0.2215563385231749,0.15172110021992036,-0.17791006731184583
2024-05-13,1.0620740949605278,-0.8637440622119763,0.15580426652190332,0.9169831390084402,-0.23058824680515635,0.16285356222287808,-0.20338275369661687
2024-05-14,1.1057502909379007,-0.8266357798161863,0.15175985505649042,0.8393664130620756,-0.21570203660721407,0.1487736230254356,-0.20331236565850191
2024-05-15,1.215033729781967,-0.9022029112712963,0.11368479252543497,0.8482582025813366,-0.21892152597545822,0.158363817072744,-0.21421610471472824
2024-05-16,1.2147597657672171,-0.8812910059975596,0.07103992828086109,0.8548019814522224,-0.21661556303629154,0.15466237671650732,-0.1973574831829567
2024-05-17,1.3095236470172946,-0.9812745219503948,0.07271239472609088,0.901915850667188,-0.23123081679305377,0.1696645290483446,-0.24131108271546942
2024-05-20,1.1888980817496608,-0.8151004146574404,0.053270576228254894,0.8986240907529895,-0.24384591901216854,0.16622233886230617,-0.24806875392360256
2024-05-21,0.9227348670752467,-0.38083989994513934,-0.005355485447853519,0.8354888551439045,-0.2780678607229984,0.14330928098367068,-0.23726975708683065
2024-05-22,0.7219249732381965,-0.2358655824063731,0.05319042726250239,0.8059499913027464,-0.2939783258838051,0.13843009590362096,-0.18965157941688812
2024-05-23,0.7140588894245335,-0.2609667752358014,0.045814701482748056,0.8571214523412122,-0.30387001348235665,0.13720064960353037,-0.18935890413386625
2024-05-24,0.6658696228006021,-0.20249694151596076,0.0075412622497584535,0.8999976103034316,-0.30922515882077073,0.1541813338251111,-0.2158677288421716
2024-05-28,0.7628747501048524,-0.2694622134354907,0.021318180736389036,0.8110208556277647,-0.28056007914381176,0.11710387173340649,-0.16229536562311028
2024-05-29,0.6598451192445066,-0.1735215518995094,0.02893858729033021,0.8181960233215709,-0.29074358543784073,0.14549297750703638,-0.1882075700260942
2024-05-30,0.670459957812548,-0.21755876185859324,0.025906951280957,0.8616334269061383,-0.3135862441147352,0.1596578753155259,-0.1865132053418408
2024-05-31,0.7459899374946831,-0.26088253836423386,0.0506671833633414,0.8442099586657024,-0.34656059913381615,0.15264614093012385,-0.18607008295580085
2024-06-03,0.7085274971307643,-0.22198774431346208,0.05722246782740484,0.8355424274855539,-0.34623368247993697,0.14033546685303794,-0.17340643250336188
2024-06-04,0.7694065001081117,-0.26940445285613085,0.13439593407317188,0.7506441860169791,-0.3096443991617466,0.15246044810118686,-0.22785821628157213
2024-06-05,0.7740817237332064,-0.3208288102207629,0.22131248026564967,0.7132060872148801,-0.31122281066771473,0.13279522185384773,-0.20934389217910637
2024-06-06,0.7073005264143721,-0.2880714958169329,0.31762447989963355,0.613757620112348,-0.29026893004613047,0.1327376778040981,-0.19307987836738807
2024-06-07,0.6588547788731521,-0.30737728112536705,0.376763853255144,0.6474544406935749,-0.30443355043853365,0.1475490196565999,-0.21881126091457037
2024-06-10,0.6887426764603447,-0.3473319286940881,0.4280818739739648,0.636388807692296,-0.30480292194295583,0.13975891729488554,-0.2408374247844474
2024-06-11,0.7916910434557567,-0.3466027540776979,0.3172107492817954,0.6662645186368907,-0.3118194532972343,0.13911462786146891,-0.2558587318609795
2024-06-12,0.8220000570369699,-0.39617384839723907,0.31781769194426573,0.7493459598996971,-0.34582950017893327,0.1533338503102121,-0.3004942106149725
2024-06-13,0.5039017122196543,-0.3152528263537855,0.44404131832482036,0.7606217634900868,-0.36393774297933457,0.1389479053812349,-0.1683221300826765
2024-06-14,0.5534478780241783,-0.3232376137462525,0.3760347120438398,0.8078914398976318,-0.3797629050753968,0.14219602572161444,-0.17656953686561516
2024-06-17,0.5170228873668015,-0.22152881534403013,0.3781726087482545,0.745296436216794,-0.3376475449357137,0.13483947840894112,-0.21615505046104727
2024-06-18,0.5223381499170494,-0.20256773515531576,0.38961153651180813,0.7188128666901044,-0.29766283837560165,0.13968042888701382,-0.2702124084750585
2024-06-20,0.5028946596175276,-0.18810966488706365,0.39595471291239015,0.7380429863058646,-0.3024575943734418,0.14821551429930183,-0.2945406138745785
2024-06-21,0.37665554780241234,-0.13648735333094278,0.4192736359593928,0.76561088678767,-0.3243251661637895,0.15485459553014952,-0.25558214658489237
2024-06-24,0.25631391592442665,-0.14101309792510033,0.47266493627377415,0.8366082734940213,-0.34396338658459713,0.14966488576061457,-0.23027552694313924
2024-06-25,0.08245568929215802,-0.13645390897426182,0.5494395942099167,0.9435180162293937,-0.37386541874017765,0.15964008396860505,-0.224734055985634
2024-06-26,0.052147945154714125,-0.12899199416082202,0.5549010252186377,0.9490877440572625,-0.3774563729333968,0.16841728525608896,-0.21810563259248422
2024-06-27,-0.036045000201970455,-0.11594087042943156,0.5780588928167231,0.97892052747262,-0.38110966371903376,0.14865582919482545,-0.17253971513373256
2024-06-28,-0.09326131059794723,-0.11256648269870141,0.5868867768166615,1.0224896582511107,-0.39357135083494266,0.15788063419357085,-0.16785792512975176
2024-07-01,-0.1291040327050369,-0.0711308348373758,0.5912821732332413,0.9857386065760833,-0.3703334972476415,0.17411863655049162,-0.18057105156976222
2024-07-02,0.008869185036293777,-0.1005780428218213,0.5730180165187861,0.9039900441854852,-0.35020463508468513,0.16627015797318384,-0.2013647258072424
2024-07-03,0.0667735020779856,-0.19242585889557143,0.5694693320695636,0.9400493818794698,-0.3446460062815316,0.14918867588686902,-0.18840902673678528
2024-07-05,0.06387898459532208,-0.19619434037483224,0.5751772843720443,0.992620801941908,-0.37673273771979593,0.16559956537858617,-0.22434955819323238
2024-07-08,0.16131632690797718,-0.3116863519790732,0.5540832748123555,1.1143593485744259,-0.41126431613534653,0.22649108157625764,-0.33329936375659647
2024-07-09,0.10425694542999447,-0.24035181444181125,0.5808910849757571,1.03221302217388,-0.38379354320267317,0.22295128411901016,-0.316166979054157
2024-07-10,0.18268765454441022,-0.23925595712010783,0.571370126784781,0.9583237571771731,-0.36410885244991736,0.21758313330521845,-0.3265998622415573
2024-07-11,0.14069738203091964,-0.20703603956759264,0.5337566893365878,1.0096255898601212,-0.3892442258817628,0.1846473103871479,-0.272446706165421
2024-07-12,0.1288822472754151,-0.16858327038344859,0.5425375142233078,0.9520357262862801,-0.3588577069913293,0.19088827664881494,-0.28690278705904015
2024-07-15,0.14746401402258028,-0.18551300152340863,0.5566704565327764,0.9086144783351034,-0.31850932782935404,0.18293001629971498,-0.29165663583741225
2024-07-16,0.9992984177727918,0.0005646378844868791,1.1618794737309655,1.300937946738543,-2.651035977769831,0.27814981679185785,-0.08979431514881384
2024-07-17,0.969278361921079,-0.15044127338606436,0.9431871933064268,1.0968313494086006,-1.9443407393759302,0.2417399403522929,-0.15625483222640432
2024-07-18,0.8778243033680375,-0.1437651423863542,0.8817464626362768,0.9648040594757862,-1.5611875924482739,0.2505225210493537,-0.26994461169482603
2024-07-19,0.9496137175819384,-0.09349538454519132,1.0005528161851114,1.1198766877366713,-2.0187975717911155,0.24247379478225922,-0.20022405994967368
2024-07-22,1.0506771739368597,-0.06472147466109004,1.0292011356279718,1.0888697476354607,-2.140076423972147,0.2505935382021633,-0.21454369676921856
2024-07-23,1.0484384573489298,-0.2775493722732483,0.9236324768736184,1.1766488025860722,-2.0052828716164464,0.20389515913184433,-0.06978265205077011
2024-07-24,0.9280341558546631,-0.11343704188440026,0.9135653567858478,1.147619025774933,-1.9156870325861577,0.22129771610757012,-0.181392180052456
2024-07-25,0.9138864331473955,-0.26960728616076296,0.8031370588009894,1.1234173648855739,-1.5049431163270826,0.21618384114250597,-0.28207429548861934
2024-07-26,1.1756088235030349,-0.40211382570957405,0.824299794188481,1.054483292510344,-1.4388149776882602,0.23580826972320218,-0.4492713765272278
2024-07-29,1.1813209299672007,-0.409800760378638,0.8221826233368774,1.0359383149901216,-1.5017506763400572,0.2181069381911512,-0.3459973697666556
2024-07-30,1.109430600018861,-0.29942508242234805,0.793742029826711,1.0526293006704504,-1.4897879666744867,0.23457935122935022,-0.4011682326485383
2024-07-31,1.0524479885933904,-0.3539765155480045,0.8096449531937997,1.0019249151032403,-1.3149125725132917,0.2168489748730302,-0.41197774370216417
2024-08-01,0.9785789354477227,-0.31263817701818125,0.8002780763465358,1.0363641033198012,-1.2754173403373485,0.23517236429229676,-0.46233796205082683
2024-08-02,1.086734156382208,-0.3344082453479116,0.8082219938842194,1.0638338988730283,-1.3916458117379147,0.2472619528941292,-0.4799979449477583
2024-08-05,1.1300006507352474,-0.43398237769137515,0.8914843108048832,1.174912285755092,-1.5646984820607515,0.2546204865021141,-0.45233687404521045
2024-08-06,1.6947424024940279,-1.064533800524387,1.0935180893301109,1.7332928031105068,-2.2260528740201675,0.35338643075816034,-0.5843530511482514
2024-08-07,1.6389336307514764,-1.0645100569308814,0.9979412320242822,1.6259709695204778,-1.9429463685757147,0.27751454149593197,-0.5329039482855723
2024-08-08,1.3418878644309002,-1.2089761931220924,0.7472581367892943,1.3825957276975924,-0.9248476604929017,0.24314342487800708,-0.5810613001808
2024-08-09,1.3294185941715886,-1.027124093232143,0.7027425999043124,1.2578732176245018,-0.9583970048912709,0.18672055310258806,-0.49123386667957697
2024-08-12,1.487548415947606,-1.1119797875677722,0.7483200436672439,1.2569829814117732,-1.0559189029405287,0.20207567643523766,-0.5270284269535604
2024-08-13,1.1546274465846034,-0.8378227261136078,0.8437113847721687,1.2048805361174497,-1.1206324474028542,0.1975682301594451,-0.4423324241172048
2024-08-14,1.2370033242690495,-0.8721326295643116,0.8295606744948212,1.1202166409423817,-1.038713658608302,0.19107458524495088,-0.46700893677858957
2024-08-15,1.1645750538995756,-0.8548834358438385,0.8948904102972383,1.1476233230259003,-1.074716588200795,0.21045399890253685,-0.4879427620806177
2024-08-16,1.1140864183047927,-0.9678467965443448,0.9241901453312366,1.2258365323621614,-1.0719113371811715,0.1742216778107845,-0.3985766400834592
2024-08-19,1.1402206379815925,-0.9575232586828304,0.8639559061636185,1.1205939910946652,-0.963195799337308,0.17797613060356968,-0.3820276078233073
2024-08-20,0.944092837973588,-0.7989059058959544,0.7941335390019115,0.8575567082698573,-0.5811964317114886,0.15390340503731106,-0.36958415267522443
2024-08-21,1.0206291027863574,-0.8332586781367763,0.8085988111334017,0.8187193972298965,-0.5693589894093031,0.13821704498898563,-0.3835466885925621
2024-08-22,1.0772058263312618,-0.840862235135654,0.8374598700215029,0.7838479548996783,-0.6351773426807482,0.15910028791669842,-0.3815743613527393
2024-08-23,0.9839590598144607,-0.786949782109817,0.8619187337519743,0.8103267201459463,-0.6388965718857373,0.1662171036365288,-0.3965752633533556
2024-08-26,1.0635184264959519,-0.7910647048935594,0.8056336197611594,0.781183384255823,-0.6424206864173964,0.16301805188939691,-0.37986809109137565
2024-08-27,1.1372951458055822,-0.8104430064306292,0.7186378692868032,0.8809257210740749,-0.6640189263156236,0.18131851692955642,-0.44371532034976385
2024-08-28,1.221175391675679,-0.9751240740889503,0.8022053814655008,0.9656594087629036,-0.7440527591578322,0.19104552770732472,-0.4609088763646252
2024-08-29,1.1055961430590624,-0.8583708504195754,0.8014379850380562,0.9444293019210014,-0.7255094905672907,0.1937706005099598,-0.4613536895412135
2024-08-30,1.1083469512384545,-0.9016625365749564,0.8577885260794057,0.9855997584135883,-0.7958974256682945,0.21438772623364744,-0.4685629997218448
2024-09-03,1.064856401460059,-0.883772461345363,0.8309293266322895,0.9749189846310856,-0.744021780703123,0.20120246778901482,-0.44411293846396316
2024-09-04,1.1987717004938083,-0.912948948649947,0.7828365280101114,0.8791963219222607,-0.6636612517266904,0.1702975693069491,-0.4544919193564921
2024-09-05,1.1537802903438703,-0.8709393863259761,0.7370894677893851,0.9058925664955795,-0.6300809583420215,0.18590892398330477,-0.48165090394414195
2024-09-06,1.1928934317472626,-0.9593451190749394,0.798250720109222,0.929727963848563,-0.7105795586125225,0.16865919438676885,-0.41960663240435453
2024-09-09,1.2487113962349154,-1.081390819416453,0.8447489642121963,1.0312762445372006,-0.7760027086627492,0.19529028096119166,-0.46263335786630166
2024-09-10,1.1488929051658492,-1.0507162764300055,0.8550159093703847,1.023046094555747,-0.7868975081575459,0.17957021817547852,-0.3689113426799083
2024-09-11,1.1910400635621525,-1.005372163911229,0.8214952984551657,0.980161231520821,-0.7609421036983813,0.17741836304136235,-0.4038006889698912
2024-09-12,1.0449078076925005,-0.9280401417827511,0.831764314927668,0.9420143951782042,-0.6684365896701644,0.18150627495161067,-0.4037160612970677
2024-09-13,0.982409240232713,-0.945685802487412,0.8378769709962204,0.9548645637681439,-0.6129666519454975,0.20075283061827118,-0.4172511511824391
2024-09-16,1.0076627848722657,-0.9244090426818993,0.8148521596157575,0.905276111660878,-0.5995292309114532,0.1842997755613866,-0.3881525581169354
2024-09-17,1.0500864561656769,-1.020083798177919,0.8284315610504565,0.9061654111975614,-0.5174133711796399,0.1905384266064027,-0.4377246856625386
2024-09-18,1.161975484551981,-1.0298625732396998,0.8218556443126351,0.8511380728346528,-0.5488650445689808,0.18252800010987624,-0.43876958400046456
2024-09-19,1.167088416571061,-1.0191757349619497,0.8271931065528499,0.8264423509085307,-0.5612702576019531,0.1903691111512242,-0.43064699261976336
2024-09-20,1.1085675037164617,-0.9555831364467995,0.8304231852538603,0.8651923221562655,-0.605256212415255,0.19508360888612014,-0.43842727115065305
2024-09-23,1.0272878431643204,-0.837942427841405,0.8362264753097658,0.8674155571903885,-0.6453199977908765,0.19773053318126968,-0.4453979832134628
2024-09-24,0.9042533295082213,-0.7380536624946629,0.8695655890506385,0.8115672007768424,-0.6151832837540725,0.18193462519276157,-0.4140837982797288
2024-09-25,0.9276433936044992,-0.7674549433516753,0.8643856473687578,0.8360543871495918,-0.6274008882952615,0.19353899859097135,-0.426766595066883
2024-09-26,0.9799126305884283,-0.8203735354093145,0.8510790688345756,0.8381931752386007,-0.6237697293177149,0.19380379407335058,-0.4188454040079256
2024-09-27,0.9754659803981585,-0.8428063710602222,0.8280630401939421,0.858734316066926,-0.6329016247205378,0.22253435591940682,-0.4090896967976735
2024-09-30,0.9120070840959591,-0.8176517496599625,0.8481268463013625,0.8628920783169028,-0.6558106809906856,0.22535887198260968,-0.374922450046186
2024-10-01,0.9156085010244691,-0.8643097433394913,0.7922094117474704,0.9067638820057214,-0.5514302557586013,0.2288534591532846,-0.427695254832853
2024-10-02,1.0501967601494633,-0.9960503565748651,0.8354405509743987,0.9334659447128444,-0.5947600847300452,0.22544543211061419,-0.45373824664241014
2024-10-03,1.1593029609732852,-1.0550598665820226,0.9045182532728195,0.9021540521304642,-0.6962656802874883,0.23595254602210888,-0.45060226552916727
2024-10-04,1.2637431415807885,-1.109763744574793,0.9777032207989772,0.9172333402011463,-0.8657600345581273,0.2385343004803157,-0.4216902239283077
2024-10-07,1.1390688141567886,-1.0462234118607858,0.9667724638271366,0.9457710781517296,-0.83831199882677,0.24585228132585327,-0.41292922677395233
2024-10-08,1.108884810129239,-0.9905252243872454,0.9602808048982071,0.9158213657631272,-0.8106928451091019,0.23961292892633554,-0.42338184022056136
2024-10-09,1.0674235923011055,-0.9844299516681883,1.0097546772143386,0.8980407277039941,-0.8005031043354944,0.2495434401246415,-0.43982938134039695
2024-10-10,0.9176292183454259,-0.975940621427841,1.0399907803220965,0.9392330123626307,-0.7917411107104654,0.2392318257162625,-0.3684031046081092
2024-10-11,0.9087992516695268,-0.911369776319675,0.9742448531269658,0.9272612899645366,-0.7359199632716494,0.24363388446311895,-0.40664953963282385
2024-10-14,0.9893980811972577,-0.9270858191828105,0.9181762257027556,0.8655755193676674,-0.6825397223270094,0.22700046538045246,-0.3905247501383131
2024-10-15,0.9267359073261815,-0.8036246056597636,0.8513622924866131,0.8634150007239907,-0.669170469445082,0.2169013476550446,-0.3856194730869843
2024-10-16,1.028444104751503,-0.8564274178106283,0.8579836342126043,0.8172520744868964,-0.6791747978569257,0.19865230660849392,-0.36672990439194353
2024-10-17,0.9600578112253397,-0.8869240427032038,0.8980870225779719,0.8321637711554292,-0.7154619262806565,0.20650518999813267,-0.29442782597301315
2024-10-18,0.9212305531482256,-0.868982401589178,0.8919318769562125,0.8267201998321345,-0.739364933430248,0.17648094120956828,-0.20801623612671472
2024-10-21,0.8882718243065792,-0.8865774956047369,0.8905816266510026,0.8531307078818713,-0.756593126360637,0.17176073159457914,-0.16057426846865855
2024-10-22,0.7887725627983536,-0.9000446332879236,0.9773942884533043,0.9730132962051089,-0.9516681060602198,0.161722423397512,-0.04918983150613559
2024-10-23,0.8104801247770668,-0.9362100863569737,1.0159356376862014,0.9606673616719488,-0.9524566304513516,0.17756231540470868,-0.07597872273160045
2024-10-24,0.8120166321961755,-1.1052661434016862,1.1352101540457422,1.0792331617913948,-1.063949102355186,0.22244269132035446,-0.07968739359679479
2024-10-25,0.6907065496956043,-1.1776421780635173,1.2353649449901916,1.2247252309679002,-1.1769755220037894,0.22287050656218615,-0.019049532148575365
2024-10-28,0.8315001168066107,-1.220102636630937,1.3058054968958837,1.1687265947300218,-1.233379130045248,0.2087218973190077,-0.06127233907533892
2024-10-29,0.8537978764799177,-1.250357797865566,1.2462910191736376,1.1320530041855255,-1.2192504895295586,0.16513645282896022,0.07232993472708377
2024-10-30,0.8681779916535264,-1.2647831307979236,1.158154893525756,1.1223998114432456,-1.2346634068749403,0.12394380228108537,0.2267700387692505
2024-10-31,0.9702376582383656,-1.2223905949190776,1.1940055833177332,1.0740865277572005,-1.339236562794468,0.1333788549530928,0.18991853344715345
2024-11-01,1.1151960391102984,-1.3930465114206936,1.3320446489494044,1.054859609439446,-1.5084976713390204,0.15056861755766246,0.24887526770290289
2024-11-04,1.0630201479438735,-1.3898757586595183,1.4022597013030342,1.023805296410898,-1.5286634247858026,0.1675552214328715,0.261898816354644
2024-11-05,1.183378423917104,-1.5331960995455511,1.3853951686849875,1.1061299522234789,-1.6569763257325774,0.141417999855693,0.37385088059686483
2024-11-06,1.2617389338977114,-1.670787706268808,1.385126754504119,1.1415764001500917,-1.67087404211673,0.13072848697778933,0.42249117285582666
2024-11-07,1.8928093394254841,-1.6990937388131337,1.2504070887705072,1.294054848521543,-2.292110366261788,0.16144079036003814,0.39249203799734966
2024-11-08,1.3814172373970572,-1.3121592923969285,1.2223032129695401,1.2451449714385117,-2.0457162131128817,0.16035621371366604,0.348653869991035
2024-11-11,1.3282559998940584,-1.2628768967870139,1.216186118020509,1.2949486676764066,-2.123851130366905,0.15682828626604928,0.3905089552968957
2024-11-12,1.4951239624241308,-1.7875185177062063,1.3028403725628879,1.28347194920197,-2.0372530662626858,0.1202864865118933,0.6230488132680102
2024-11-13,1.3599866999494024,-1.8047409960689227,1.0376544410131918,0.9816482916966972,-1.3140231580677195,0.011760940896299447,0.7277137805810514
2024-11-14,1.5805659280577407,-1.9726027238523394,1.046206399329423,1.0851582861920113,-1.4540212312864957,-0.01931387185297252,0.7340072134126326
2024-11-15,1.2460756709258907,-1.624991262346088,0.8947653169024313,0.7292649090615752,-0.723336698379458,-0.015198281564801058,0.49342034540045016
2024-11-18,1.1881291851262448,-1.5214127888992373,0.7588291582152132,0.589491613195992,-0.4338841450218073,-0.01881106540462006,0.4376580427882144
2024-11-19,0.7923122112274859,-1.1404894232510148,0.5621180091540813,0.576372787323749,-0.019068881124764892,0.029747747863510924,0.19900754880695262
2024-11-20,0.9003187554008875,-1.1921981237347783,0.5473629509353433,0.5633807843533968,-0.022577468300731988,0.007474299106277384,0.1962388022396051
2024-11-21,0.9638831216466749,-1.3726285152582245,0.5047677737128725,0.6610051018292905,-0.029731659313093635,0.011180017054536695,0.26152416032794334
2024-11-22,0.7513516776853727,-1.0939225058512492,0.5197742508457216,0.5625588760341169,0.0739144011700007,-0.0037225526693371084,0.19004585278537406
2024-11-25,0.7401636219978156,-1.1534343359933559,0.5364953562593129,0.5017364074860531,0.1729643069723656,-0.006505033114189484,0.2085796763919982
2024-11-26,0.470083378397431,-0.9979108214244827,0.6512124114037416,0.4824392544614136,0.16043113167463838,0.02122722163321648,0.21251742385404176
2024-11-27,0.4791226420020858,-0.992796529094706,0.6245997233491207,0.49434967061656715,0.17495472080529234,0.015229682284756667,0.20454009003688325
2024-11-29,0.41833059388453103,-0.8193922043695875,0.6085071245674615,0.4223631430095118,0.1830945273814197,0.030267652115293666,0.1568291634113698
2024-12-02,0.4021444665358417,-0.812651618959366,0.6013366810277201,0.36247192891130997,0.2707463901858843,0.02103534340286224,0.1549168088957477
2024-12-03,0.39297700202708824,-0.7751310550806484,0.5679531655148335,0.2996484204511739,0.37610248680976094,0.03625213780137775,0.10219784247641393
2024-12-04,0.3205368813381453,-0.7960886556202809,0.6786408833912511,0.30570207366508645,0.35257843992219706,0.0420846840652069,0.09654569323839411
2024-12-05,0.20858528606038929,-0.757115072523073,0.720377325159107,0.31500564662924885,0.3381652340563998,0.061199814339642895,0.11378176627828529
2024-12-06,-0.032347581119090696,-0.7808756474752904,0.7814793136988201,0.4285347911453799,0.36777688502413297,0.0638270780512473,0.17160516067480092
2024-12-09,0.023573587090621954,-0.6680194065659264,0.7385929684003191,0.3630893254764033,0.3536203888305156,0.036918701102387694,0.15222443566567873
2024-12-10,0.33331578347966356,-0.8594679075138625,0.7372313992255618,0.2636970833276269,0.346937612847439,0.013857349617086335,0.16442867901648495
2024-12-11,0.38977718711187026,-0.8429561887114727,0.7243881721730508,0.20985685809528448,0.3664363385253974,0.026171133625218695,0.12632649918065086
2024-12-12,0.49481639677433126,-0.7577239926104431,0.5923945672035137,0.2057834181791355,0.3504393679928287,0.011225343834248832,0.10306489862638507
2024-12-13,0.42660310884826824,-0.7079518588621224,0.5590817828458248,0.24519098693284125,0.35311725186372817,0.007032725079292102,0.11692600329216782
2024-12-16,0.38951195642788794,-0.7183109905704345,0.6202820933103141,0.22021167875745457,0.3604327341349219,0.018498693954313895,0.10937383398554214
2024-12-17,0.6008682859736086,-0.7162600631135619,0.577602965713827,0.11010162430093803,0.35172161994016343,0.0051833995383107215,0.07078216764671426
2024-12-18,0.5903754335106993,-0.7140838551831529,0.567012238701393,0.1331101507734647,0.35497848315910757,-0.008024571862487303,0.07663212090097567
2024-12-19,0.5535001030262522,-0.7669895287057285,0.6444749943536908,0.12062571173958335,0.3569298232327892,-0.005185584022078541,0.09664448037549163
2024-12-20,0.6537558061586145,-0.7933536928926755,0.5941615029390576,0.11661535483221507,0.3674792080782976,-0.0064682698867945,0.06781009077128547
2024-12-23,0.6226571509840059,-0.7471254336434737,0.6213662973164025,0.05246714939296252,0.3764341232521133,-0.006386143246581419,0.08058685594457089
2024-12-24,0.6391192574150469,-0.7464818377704681,0.6684313063828767,-0.041652510896116206,0.3889750597520392,-0.003610006219011907,0.09521873133563323
2024-12-26,0.7690232009994449,-0.8079213835140633,0.6481918264051367,-0.07201485331742247,0.3862567055439065,-0.0254577649010836,0.1019222687840813
2024-12-27,0.9618143675198413,-0.7766454501898538,0.5770481712675477,-0.20354835571259744,0.37843441147920065,-0.032799556553038116,0.09569641218889985
2024-12-30,0.977214815453119,-0.86888344099249,0.5490088729023347,-0.14586243267738422,0.4007735570268739,-0.02918299587018925,0.11693162415773595
2024-12-31,0.8853497329943153,-0.8679326365553897,0.5612128420738546,-0.06491699367171133,0.38459007583334714,-0.04154180394668321,0.1432387832722672
2025-01-02,0.9246701348286563,-0.8315319205263317,0.5772983654765886,-0.1377683640023935,0.3776472707361094,-0.02431941130101289,0.11400392478838386
2025-01-03,0.7244578626469896,-0.8439582648800045,0.6083238959183106,-0.054721735522013676,0.4333303294520566,-0.037138780351830845,0.1697066927364922
2025-01-06,0.6152532669894039,-0.7609852721671222,0.5060245408077055,0.006370484345903682,0.4461582500850181,-0.05260253550466338,0.2397812654437545
2025-01-07,0.6915500100746518,-0.7504680303026443,0.5062712350834223,-0.05723083934326468,0.43351034285116596,-0.05241018292232803,0.22877746455899695
2025-01-08,0.7043998768309343,-0.8765947558635948,0.5575275503408539,-0.022669596436267064,0.45209967219506,-0.05413124303038989,0.23936849596340345
2025-01-10,0.36858263186422674,-0.95058942599554,0.7419535907363349,0.05532773196216045,0.5161682419777458,-0.060955684861052364,0.32951291431612434
2025-01-13,0.5198161092874289,-0.9736533561120635,0.7427565394665006,-0.037584371901974514,0.5027344193152012,-0.05019739059654781,0.296128050541455
2025-01-14,0.757582854447033,-1.2559712792452165,0.7860473619437575,-0.03976844267338057,0.5119372566476916,-0.04777109669679369,0.28794334557690865
2025-01-15,0.7869857098641462,-1.258771200645068,0.7457473816958484,-0.015253257331826486,0.5131531783848373,-0.043898862599219726,0.27203705063128225
2025-01-16,0.8742141697165728,-1.156031468353647,0.6132104021106275,0.02287142138869581,0.4910519976406,-0.061387356018785554,0.2160708335159365
2025-01-17,0.9933693585659098,-1.2371692031336587,0.565185123498978,0.015345047546870758,0.5121888108491625,-0.06648356069823269,0.21756442337097037
2025-01-21,1.009958071626621,-1.1364049446538762,0.5410808866306278,-0.05209347882052022,0.48972336411799205,-0.06767670619306677,0.21541280729222226
2025-01-22,1.1307817938396016,-1.2193285381336552,0.4146113476822119,0.10838442532224882,0.4667425642962801,-0.05794932008417892,0.1567577270774916
2025-01-23,1.0612181869138557,-1.2841766594396384,0.45153177794927585,0.17086850177576926,0.48742739407379854,-0.06047541514197095,0.17360621386891012
2025-01-24,1.0488575740211161,-1.0945062080916836,0.377061612573371,0.1725943528995957,0.4491100891503526,-0.0503152187587797,0.097197798206028
2025-01-27,1.0192650909606187,-1.0647762677889867,0.3792372591174668,0.16262877297810016,0.4516916282667525,-0.053922140895352785,0.10587565736140123
2025-01-28,1.043543898863319,-1.0651605261121242,0.4398843564098173,0.08209551740871782,0.45533176033655054,-0.05385773964480641,0.09816273273852576
2025-01-29,1.091682395240648,-1.0894459065111521,0.42190693709249644,0.07912091201443151,0.4619965596767077,-0.05955358163185628,0.09429268411872477
2025-01-30,1.1047799824967364,-1.08580875638216,0.4188738968883411,0.0568586885352549,0.4643835056197382,-0.060158901380662225,0.1010715842227517
2025-01-31,1.031411914179989,-1.0317069812642834,0.42261993821669724,0.04125089770576746,0.47958894915484607,-0.05236362366331889,0.10919890567030241
2025-02-03,0.9747689727126596,-1.0128265010707795,0.4550227558058192,0.018869200059755724,0.4929387897569258,-0.05480278707075072,0.12602956980636995
2025-02-04,1.169481924086582,-1.1192243184168278,0.4120023743960309,0.027202315225099107,0.473719341674275,-0.05516991110233195,0.0919882741371729
2025-02-05,1.2423021955658682,-1.20001151413887,0.3833869774578002,0.04005760109169996,0.4913609304800419,-0.055694425968741836,0.0985982355122016
2025-02-06,1.2547339761960152,-1.1221469908569113,0.38637852996212513,-0.03354138746046337,0.4748183579721542,-0.05070303556370636,0.09046054975078621
2025-02-07,1.3046791050500453,-1.166571330294883,0.3875729383602513,-0.016527754739792552,0.46397471941870255,-0.057776065316454454,0.0846483875221311
2025-02-10,1.327475889776154,-1.2555421913293536,0.41936618519756935,-0.0034485676280633986,0.478079104609028,-0.05511539742825719,0.08918497680292288
2025-02-11,1.2419731218818426,-1.2776283628811798,0.49858040365858225,0.0058867561424652635,0.4783815429506821,-0.04226994732406754,0.09507648557167506
2025-02-12,1.1814935258361567,-1.3133907852004885,0.5492749049079627,0.010639188035001721,0.4962111193739602,-0.04050640934012802,0.11627845638753513
2025-02-13,1.0750063691322909,-1.271768454638104,0.639793393508383,-0.028281831513320446,0.4940328350410473,-0.030178655767588273,0.12139634423729173
2025-02-14,1.042535722386925,-1.458516826417486,0.7060751160886578,-0.010675541668078692,0.571487334687957,-0.06850354308790622,0.21759773800993112
2025-02-18,1.0093452233039133,-1.4358692279332828,0.6781868889184853,-0.003782503799505616,0.5898786636252905,-0.04238981382689598,0.2046307697119951
2025-02-19,1.1444362518913882,-1.4585686467073866,0.7218595257302951,-0.1548264633314577,0.6036597730064543,-0.07377499590995952,0.21721455532066627
2025-02-20,1.1883511288558668,-1.4722016098439947,0.6551504272403208,-0.13558440453663212,0.6180367880546948,-0.07986610181601496,0.22611377204575947
2025-02-21,1.1840020610285231,-1.4625097049495903,0.6157389657272762,-0.07463327342563239,0.5993120639216977,-0.06104204061013279,0.19913192830785867
2025-02-24,1.3001276427892057,-1.7189375265831432,0.7177221110953704,-0.04158622489172824,0.6018914236363834,-0.05882276681705289,0.19960534077096515
2025-02-25,1.5091163847195752,-1.7555977187478962,0.6464270143129719,-0.15145350837646626,0.6200589038398231,-0.05688254696807148,0.1883314712200637
2025-02-26,1.4197083839756233,-1.8389403978425887,0.687871116495251,-0.08647082367232718,0.6553570390775999,-0.06062990033170814,0.2231045822981499
2025-02-27,1.4147492269695536,-1.9608733129738498,0.7759861586991763,-0.09515833586821554,0.6746744526004227,-0.05108050164785286,0.24170231222076566
2025-02-28,1.5058215106281165,-2.2913735872156553,0.8416558865458221,-0.09507980113854363,0.7708980642777491,-0.04137703197653632,0.30945495887904745
2025-03-03,1.4388012710383253,-2.5191403806984276,0.9200561949676102,0.085516747010185,0.7922336745515415,-0.03577155746981427,0.31830405060057987
2025-03-04,1.458393112243838,-2.567005937378979,0.9373951129740082,0.04102423011640652,0.8861489647472564,-0.03121682513141571,0.2752613424288852
2025-03-05,1.4960207218018255,-2.2825831029655164,0.9137690715769163,-0.0831263685202171,0.7911522308585497,-0.05675981622804568,0.22152726347648738
2025-03-06,1.5886154343493497,-2.014535343027015,0.8137615940074576,-0.129142209883003,0.7161151279036841,-0.10095371995506401,0.12613911660459073
2025-03-07,1.564941129258372,-1.9026772299540924,0.9476992831569402,-0.013157730403014519,0.8469297281339512,-0.861581187007043,0.4178460068148866
2025-03-10,1.5693417681128774,-2.0011016915685436,1.019110451487673,-0.011913060949602648,0.804122976321245,-0.9372706290856997,0.5577101856820504
2025-03-11,2.0625843921777687,-2.6858417483776105,1.1223382054929367,-0.0688104514959611,0.941924457148726,-0.919418177282255,0.5472233223363949
2025-03-12,2.2348784278883045,-2.6408322880071116,0.9635881811985496,-0.14048082428604264,0.9441949819957803,-0.9081850780560495,0.5468365992665696
2025-03-13,2.214371181167339,-2.6719698651473465,1.0004999663114715,-0.12110035395970163,0.996705145953914,-1.0339598404492367,0.61545376612356
2025-03-14,2.1889003024021347,-2.8548190313703343,1.1319091330542495,-0.10772077516413604,1.0488745520860177,-1.026530731005843,0.6193865499979118
2025-03-17,2.201506632305294,-2.8204449081011163,0.9781771835199224,-0.08231538960496823,1.0531796096924482,-0.939254091769257,0.6091509639576769
2025-03-18,2.3324241605582747,-2.838104688901893,0.9260192702816287,-0.20884693596342632,1.1057878837054973,-0.9725415326855683,0.6552618430054867
2025-03-19,2.1979921835956513,-2.348684814689287,0.9021572147952699,-0.3800159393851581,0.9779131008456563,-0.7980342276001674,0.44867248243803515
2025-03-20,2.354248459746006,-2.1274880796547757,0.5525563550925221,-0.4577093043577625,1.02233034691948,-0.821085358875522,0.4771475811300522
2025-03-21,2.0406647603684673,-1.9254835807859056,0.8588520512533921,-0.6117986274030304,0.8814128867226317,-0.6705883119765167,0.4269408218209614
2025-03-24,1.8031865843814876,-1.6544661567344827,0.8214566006236019,-0.47130631852371746,0.7594736206009042,-0.5935208054338792,0.33517647508608583
2025-03-25,1.930939781332651,-1.81044814713745,0.7554319407605966,-0.46605797870449506,0.8516334433512182,-0.6392720533985957,0.37777301379607514
2025-03-26,1.992285757303673,-1.8592663940397172,0.6997639499601295,-0.3841895336840442,0.8069797418514741,-0.6131470435805505,0.3575735221890354
2025-03-27,2.0669589728668494,-1.8255823129530815,0.6267143191341181,-0.4315577039261497,0.8014430506302634,-0.5935393529743582,0.35556302722235844
2025-03-28,2.052537448804587,-1.9477005715343125,0.7387694664599441,-0.431535550409439,0.8595509705512946,-0.6325752678474168,0.3609535039753429
2025-03-31,2.0985874776222637,-1.957770175582013,0.7981120471423265,-0.4641613558695999,0.8643846774357827,-0.7051617423960121,0.3660090716472521
2025-04-01,2.111924221501793,-1.9009752684531924,0.7793268541328244,-0.45143641898957837,0.8451391177017769,-0.6729391532320781,0.2889606473384545
2025-04-02,2.0915522604502073,-1.6964746878148766,0.681454319655747,-0.45129413873393914,0.7843285222767071,-0.5588816815068083,0.14931540567296256
2025-04-03,2.199833446472167,-1.7807483534457857,0.6897436156418981,-0.5373527612648867,0.7992474534554566,-0.5392323277463777,0.1685089268875285
2025-04-04,2.107442919603416,-1.5968677051359488,0.6215419166234283,-0.524265522502046,0.7270022447650405,-0.4684435186288489,0.13358966527495905
2025-04-07,2.143769453937048,-1.7126776765312086,0.6235207875267633,-0.5240575755253797,0.7818557549887005,-0.533342336674764,0.2209315922788402
2025-04-08,2.403470503956411,-1.9905601976411058,0.6406829171114162,-0.5760395924759142,0.8612980807017175,-0.6121149383814896,0.2732632267289651
2025-04-09,2.3809118631904393,-2.2005554799710527,0.7500634501671274,-0.4900164677765697,0.8697330556354743,-0.5698083628971181,0.2596719416516995
2025-04-10,2.2165862653075967,-2.1258025647873904,0.7786225625502803,-0.36156214430169653,0.8331593897156588,-0.5181034504147126,0.17709994193026357
2025-04-11,2.252367543542692,-2.2105697400323576,0.7951629716632501,-0.35876204993924166,0.817855542997724,-0.4692287234291023,0.17317445519703528
2025-04-14,2.3200695340097175,-2.1925613152505523,0.6931075229215071,-0.3031381215079181,0.8192745093363164,-0.49456847842863794,0.1578163489195673
2025-04-15,2.253424454085403,-2.1099420363850627,0.6419365873068522,-0.2495114444280713,0.8296462078676756,-0.5190248217010093,0.15347105325421262
2025-04-16,2.207176846761074,-2.0799317998985867,0.5772163066543721,-0.20653782971393278,0.8394513292823681,-0.47563710699498035,0.1382622539096856
2025-04-17,1.9765015575388467,-1.9481056845898115,0.6185217336648964,-0.09857063877196165,0.7418747970103,-0.36367968788685023,0.07345792303458017
2025-04-21,1.8835336493108263,-1.9589739635070131,0.7004201701180311,-0.055384503704737235,0.7344378728983315,-0.4268221552449112,0.12278893012947246
2025-04-22,1.927961925019254,-1.8655844082558488,0.6246732127593398,-0.07074567320945402,0.6753192607450029,-0.3966623113660671,0.1050379943077732
2025-04-23,1.8887096202484013,-1.711263279655618,0.5191014492207083,-0.11535413965171719,0.6637875049166418,-0.3368107990218128,0.09182964394339652
2025-04-24,1.9156501242031219,-1.682645026231171,0.4541778793048036,-0.1068233940570297,0.6798324428544978,-0.34028513202242106,0.08009310594819848
2025-04-25,2.145839755364237,-1.8514608213832615,0.38531186298073433,-0.14071261885593778,0.7496438801524,-0.4855108524512079,0.1968887941930359
2025-04-28,2.1724205010766546,-1.8261460538625836,0.3552160757260717,-0.14597804291451472,0.7376324667775032,-0.477428380835475,0.18428343403234376
2025-04-29,2.1578422675110445,-1.7438472374059,0.30551748688564234,-0.1569396009312708,0.7255222984179162,-0.4509101179443456,0.1628149034669131
2025-04-30,2.195783344512506,-1.7733992242409318,0.28687805640607866,-0.1323962188721973,0.7468386275875964,-0.5162918525652544,0.1925872671722024
2025-05-01,2.1351924160395783,-1.7752595202944461,0.3213561238777742,-0.08391903266777617,0.7130620952847152,-0.479257507253585,0.16882542501373957
2025-05-02,2.141561709240854,-1.8332890933695813,0.32432025309679113,-0.06804267377229456,0.7109031088347308,-0.47090219137602546,0.19544888734552532
2025-05-05,2.1018382658190635,-1.7185273566787214,0.28031998821285353,-0.0712478027176814,0.6666370744572968,-0.4269900632703125,0.1679698941775018
2025-05-06,2.1149146879701117,-1.5714807765920111,0.32088718911650527,-0.17109287998144462,0.5903546197246051,-0.41000272152207234,0.12641988128430592
2025-05-07,2.110854564301108,-1.5552058203833967,0.335490344854072,-0.19075340174158067,0.5813185591698665,-0.3966810115677927,0.11497676536772362
2025-05-08,2.1394262103647566,-1.6056594776322706,0.33248318066727856,-0.18046607621455188,0.6065833253631399,-0.4025131332932155,0.11014597074486301
2025-05-09,1.9317584918815336,-1.127885723969099,0.1726892935157718,-0.2450444999127897,0.5999888838613849,-0.4444317643405061,0.1129253189637041
2025-05-12,1.6618306908366072,-1.0535550782775938,0.2805199335655334,-0.18181639366933117,0.586386105098694,-0.40434546656078857,0.11098020900687902
2025-05-13,1.6716790773647923,-1.0532424393474296,0.15497647446163834,-0.18875862788874256,0.6714425358888564,-0.48841288324157434,0.2323158627624593
2025-05-14,1.6191783464457314,-0.9542032323072014,0.1185998149862515,-0.20964479076050102,0.7009663416746875,-0.5191471729782497,0.24425069293928162
2025-05-15,1.6628667554442351,-0.9189915948387405,0.07957963874194142,-0.23144634168530553,0.6720956048641828,-0.470391716182606,0.20628765365629262
2025-05-16,1.6880089079440928,-0.9217498642275073,0.11146591808370426,-0.24469204534794498,0.6696705778863685,-0.5116648990867434,0.20896140474803016
2025-05-19,1.6314580590625565,-0.8995597714904072,0.1617911716983305,-0.2306158486631583,0.6414175741695302,-0.5111108229876635,0.20661963821081192
2025-05-20,1.6555968693153817,-0.9258505452885611,0.2002415682357172,-0.2931500192697032,0.6778601721356418,-0.5623299012823557,0.24763185615387928
2025-05-21,1.6506876314588783,-0.8809155320590834,0.21104580359704894,-0.3149299261534875,0.6476652642275749,-0.5677415064751595,0.2541882654042283
2025-05-22,1.661885684605288,-0.9188723138440947,0.2526905973035053,-0.33521976506910384,0.6383173981802013,-0.5427447366850967,0.24394313550930052
2025-05-23,1.7321760338717223,-1.230467181123497,0.3871579382118044,-0.33196986205866175,0.6905539130516729,-0.5566400439458975,0.3091892019928568
2025-05-27,1.9101648277621486,-1.3872682859343144,0.30063128193149824,-0.2535385864179032,0.7075504028851831,-0.5576374665932654,0.28009782636665337
2025-05-28,1.7910298632320694,-1.2364419856162727,0.335024535407243,-0.2683752397738361,0.6613461720870966,-0.5210101411921554,0.23842679585585536
2025-05-29,1.7657783544086465,-1.2228249582037074,0.38969145095389607,-0.2924847108019679,0.6316647095482872,-0.5111847459371155,0.23935990003196117
2025-05-30,1.762837623215309,-1.2514998160401756,0.37881328820493587,-0.27620373078521826,0.6507622267383345,-0.48636373542136263,0.22165414408817724
2025-06-02,1.8815254647688628,-1.278846304660053,0.3994065326027415,-0.2991828402951164,0.6510467993431927,-0.6054057398647141,0.25145608810508635
2025-06-03,1.8436039393500423,-1.1704332116950307,0.39756639849798164,-0.3199936058874836,0.6310607873996379,-0.6282088512408027,0.2464045435756551
2025-06-04,1.830072887539086,-1.19278685034111,0.3937314951887679,-0.3244780892781288,0.6531922166639708,-0.6031865405234832,0.2434548807508974
2025-06-05,1.8248470117303037,-1.1652137189403113,0.38816077096141394,-0.32794765238297874,0.6282213886388944,-0.5456524036574509,0.19758460365012886
2025-06-06,1.9700045532113928,-1.266725912508244,0.3200672568520702,-0.33897530387141045,0.6733920836217595,-0.5667544224856106,0.2089917451800422
2025-06-09,2.1500643864288653,-1.2792057702376278,0.1646361978706599,-0.3841769243219433,0.7319496691415758,-0.6466255764976704,0.26335801761614036
2025-06-10,2.1198241164591183,-1.2057247657634893,0.10725605014355243,-0.35422213016677995,0.7188377292517307,-0.6458410494388792,0.25987004951474707
2025-06-11,2.0997453547994342,-1.137662220061031,0.034562935186735096,-0.34269691971368266,0.7435831078213353,-0.682433126423716,0.284900868390925
2025-06-12,2.0154688695983887,-1.1315116299979826,0.08282997503005128,-0.33388656055666543,0.7418800929642512,-0.6712077303615532,0.29642698332351025
2025-06-13,1.8390012299875746,-1.1599663240188942,0.2962204013127315,-0.31614160788434165,0.7059478750640832,-0.6498046095405149,0.28474303507936116
2025-06-16,1.7915774808887948,-1.1283566408805925,0.31951257393803345,-0.29716676906154754,0.6607814598644858,-0.6001370630616069,0.25378895831243264
2025-06-17,1.8443419195476514,-1.1222800760366094,0.2744365231645493,-0.2995754919168503,0.6594314715995645,-0.5431060461500755,0.18675169979176995
2025-06-18,1.7660091654804204,-1.1259279738731496,0.3222074884237661,-0.27093371062392224,0.6455654317813394,-0.513304172746888,0.17638377155843382
2025-06-20,1.8069806303732663,-1.1571636459281502,0.27892233695202767,-0.26532994468735793,0.6500087410231379,-0.5012371682670431,0.18781905053411957
2025-06-23,1.8386372527564117,-1.2252175657371318,0.31671799550691127,-0.2738901100115112,0.646285329881272,-0.5211322952551232,0.21859939285917115
2025-06-24,1.7936484330593268,-1.2407194552919465,0.30817248688349996,-0.22201218762663877,0.6080111241466848,-0.41008735550418196,0.16298695433325586
2025-06-25,1.7719176779708405,-1.2397251281965431,0.3105942432646962,-0.18678846809616792,0.5994647725375528,-0.40113179361624046,0.14566869613586175
2025-06-26,1.8067805820503071,-1.214238821733222,0.30696419411338427,-0.2157105290280818,0.5712936674298759,-0.37842742320644157,0.12333833037417813
2025-06-27,1.8279933390684007,-1.0705838087670825,0.28017983107314376,-0.26906772788069117,0.5096570147326873,-0.36285535288922877,0.08467670466277084
2025-06-30,1.8195703121951559,-1.070788795046737,0.2857896825071564,-0.26275391755103966,0.5289812731858159,-0.38757791919559464,0.08677936390524296
2025-07-01,1.7417848640409384,-1.0802321414796328,0.2994225830389133,-0.20301531679533716,0.5322839123622246,-0.378373010021495,0.08812910885438856
2025-07-02,1.8317146683634355,-1.061994331246797,0.2992358985707534,-0.3056600046736262,0.5353446118986227,-0.3762464966150129,0.07760565370262457
2025-07-03,1.754720402678106,-0.9986446389183269,0.2766003319082087,-0.2732945223463843,0.5066753569158091,-0.32032717891196644,0.05427024867455382
2025-07-07,1.7547701457027922,-1.016454723827455,0.2850985967045463,-0.298047836539198,0.5302004295543655,-0.33634168187760033,0.08077507028254927
2025-07-08,1.7965191459254,-0.9762839795521489,0.2744411810662172,-0.3567318887879193,0.5184314213454839,-0.31142106644146383,0.05504518644443114
2025-07-09,1.7197435298428885,-0.9468908724228049,0.27535329479878556,-0.3023044455058369,0.507304664692143,-0.3054010224488467,0.052194851043671484
2025-07-10,1.5304994549442559,-0.783468114015247,0.35604921572087234,-0.31626176341378226,0.46874438016075926,-0.3194096870954007,0.06384651369854238
2025-07-11,1.578017926964771,-0.7314772418445398,0.302812715679175,-0.35059205472110777,0.46574675506694696,-0.3335069466224425,0.06899884547719692
2025-07-14,1.5752141376244817,-0.7481318750208825,0.3083899493657787,-0.3617944219402838,0.48400736626942514,-0.344741305185996,0.08705614888747633
2025-07-15,1.617099368933664,-0.734787621946301,0.2714820843813357,-0.37253338415960496,0.48460387989660964,-0.33273266307960414,0.06686833597390089
2025-07-16,1.561836008188884,-0.705609877175724,0.2446109877507433,-0.35050386112542736,0.4926289244312855,-0.30209883602501986,0.059136653955258155
2025-07-17,1.5115531160518019,-0.6537137313655234,0.23489367892710386,-0.3481521565696947,0.5043715856732697,-0.3454991461089002,0.09654665339194254
2025-07-18,1.5171792095097814,-0.6587053041074713,0.23649577016809595,-0.383801562550313,0.5615805307011413,-0.4025730875950085,0.12982444387377437
2025-07-21,1.4471079171563894,-0.662722850911165,0.272854432344148,-0.39622574298924074,0.5638211210030782,-0.41084629752828583,0.1860114209250757
2025-07-22,1.262229803545362,-0.6891156659822736,0.3484237507285215,-0.3084070875220455,0.5712944895450678,-0.4734021724645169,0.2889768821498846
2025-07-23,1.253342849797644,-0.7229692829176532,0.3600167429514188,-0.29414010411436536,0.56744997794641,-0.41024848047560475,0.2465482968121505
2025-07-24,1.3388681330355117,-0.6814789298845354,0.35337174722552334,-0.37750228863109453,0.5704254680388049,-0.43479888019817103,0.23111475041396093
2025-07-25,1.3400784435644433,-0.5541269464548487,0.3417853933057807,-0.4460151345641579,0.546305208909014,-0.3879581203133538,0.1599311555531226
2025-07-28,1.30225041607263,-0.6242750466766352,0.3784162080476112,-0.39172494823204174,0.5304599350488185,-0.3668143415234942,0.1716877772631114
2025-07-29,1.2593211272505234,-0.5194382564277381,0.4322898566316836,-0.44024283810356857,0.49657367762796073,-0.3869830286386885,0.15847946165982735
2025-07-30,1.2458397416344258,-0.4765674091707522,0.3886752038271824,-0.44839174714600455,0.5163060671985289,-0.3816590341373106,0.1557971777939304
2025-07-31,1.2831445281257514,-0.44314502458706134,0.3778568438249032,-0.5078922065751384,0.5380911606760462,-0.3962965847454496,0.14824128328094865
2025-08-01,1.319278570454423,-0.49156913145708026,0.40725669367158374,-0.5121801609946928,0.5324324212004806,-0.43350283326306227,0.1782844403883481
2025-08-04,1.4057285152505528,-0.5330749701802747,0.351456719181912,-0.5355340836357024,0.5396867415487472,-0.39970835158798423,0.1714454294227494
2025-08-05,1.3451882910488029,-0.47617800930160237,0.32925052996454296,-0.49800056350164135,0.5181863088256701,-0.3693800607282774,0.1509335036925051
2025-08-06,1.3487340698049681,-0.4827203431606596,0.33206238828312823,-0.5004329628101816,0.5427861758384286,-0.4177739452801654,0.17734461732448142
2025-08-07,1.2637210509749484,-0.4495576905563922,0.3597722215061579,-0.4220528353457158,0.48803312474147553,-0.38001279095735924,0.14009691963688534
2025-08-08,1.0665542776211845,-0.28270626287284617,0.403715461608422,-0.35468987549456826,0.39866696817824576,-0.29070650528300673,0.059165936242568835
2025-08-11,1.063620546830175,-0.22741359069994754,0.39074030402090276,-0.42736679883255463,0.42390924941715086,-0.31980538499287076,0.09631567425714437
2025-08-12,1.076134268225925,-0.1254028430568972,0.376511055324006,-0.4511547181430821,0.3656588374462121,-0.3079499852681198,0.06620338547195605
2025-08-13,0.979081964955972,-0.09344418139287106,0.3835730456454741,-0.4365943171813049,0.40162265010324877,-0.31344476883473577,0.07920560670421692
2025-08-14,0.9476226631624611,-0.0751814487682183,0.37997389026227607,-0.39866529650426896,0.3945100626719121,-0.33456002692030745,0.08630015609614565
2025-08-15,0.9834637815470452,-0.16416896756515217,0.3913322607337436,-0.3331950470391906,0.3878176457491041,-0.31835325401389974,0.053103580588349755
2025-08-18,0.9817650534317685,-0.15752481719030467,0.3839916711061613,-0.36608570654667905,0.41244470063457483,-0.3453587474031774,0.09076784596765664
2025-08-19,1.0015269576559085,-0.1937466744832042,0.4018721590692198,-0.3506414506713911,0.39176045455347713,-0.3298006116088681,0.07902916548485829
2025-08-20,1.0329955666840294,-0.19570604065790237,0.38900629396577563,-0.3617392984032145,0.3869340681119209,-0.32450688659876115,0.07301629689815196
2025-08-21,0.9099299227679403,-0.18469853272103143,0.4428657589580204,-0.3180078298883264,0.3864929802377502,-0.3090756594263585,0.07249336007200557
2025-08-22,1.0084434386464927,-0.15162585543777346,0.3516862258809735,-0.3683531775054205,0.40997952412765376,-0.35989749022548617,0.10976733451356009
2025-08-25,0.9420152350353121,-0.020977697283122362,0.3215680377913383,-0.3585574591105968,0.406203368328111,-0.4166002847900468,0.12634880002900442
2025-08-26,0.9381296995477808,-0.062302691712314805,0.3251425982327497,-0.3535437481327136,0.46001043938230085,-0.4444962795614309,0.13705998224362786
2025-08-27,0.9435940896973226,-0.030843713274936027,0.2758223983619497,-0.35098738716058986,0.4574041927080808,-0.41165479120931503,0.11666521087748759
2025-08-28,0.8850832340496877,-0.05193592304777322,0.32964460496694276,-0.3400651654806924,0.5065880858110782,-0.5084613190205335,0.17914648272129038
2025-08-29,0.7839017973976891,-0.11771621824960868,0.4901004749371602,-0.32474598090951173,0.44852413618866405,-0.43792305293674555,0.15785884357235258
2025-09-02,0.7830369623833011,-0.060510219704593436,0.4717601927208944,-0.3277075109978982,0.4296269754639329,-0.4484002833978229,0.15219388353218619
2025-09-03,0.8651773228026238,-0.13242743944578406,0.4287741508647288,-0.28112370567144596,0.41148786781163244,-0.4210161354413809,0.1291279390796257
2025-09-04,0.8344991706979551,-0.10752208272936396,0.42457467433360147,-0.27020695511715664,0.4177969239792174,-0.4396547954559584,0.1405130642917049
2025-09-05,0.8673498050699601,-0.1322503485499691,0.42193362556881997,-0.2693509521385702,0.40812693220927676,-0.4096999642722073,0.11389090211268946
2025-09-08,0.8304260365666295,-0.14735050506219505,0.43419849498311164,-0.22972830819616497,0.3925375817150202,-0.3902532161469801,0.11016991614057876
2025-09-09,0.7696058656209313,-0.19397132983362897,0.5331468776938414,-0.24066841563793856,0.3979875589623613,-0.41739039365332187,0.1512898368477557
2025-09-10,0.7829256850957728,-0.18880468079959747,0.5043765639794755,-0.2155767380819814,0.37782266315670243,-0.3658367543117572,0.1050932609613856
2025-09-11,0.804148858188663,-0.1575846290176196,0.48964369503670424,-0.21426588786092435,0.35147067740357385,-0.3742538390147562,0.10084112526435897
2025-09-12,0.8080340673400421,-0.13644206293627334,0.4745845020497999,-0.23001222851018052,0.3718707535443233,-0.4014336233851521,0.11339859189744061
2025-09-15,0.7216218842190432,-0.12365570996988182,0.498949266703584,-0.21080031137408178,0.3825205903968351,-0.4086288450676865,0.13999312509218786
2025-09-16,0.7541403574551369,-0.13097285784468876,0.473250794942236,-0.21152965270034266,0.3828904952490677,-0.4098622631442261,0.14208312604281695
2025-09-17,0.7580457696407468,-0.13036511436430634,0.4971988429652841,-0.21896674226538348,0.37630986697284496,-0.44240951089230784,0.160186887943122
2025-09-18,0.6698452475827976,-0.14056042850664077,0.5547862503282104,-0.20170203311456678,0.39611045795855804,-0.4669769722730372,0.18849747802467887
2025-09-19,0.6910968171816028,-0.1277567876586292,0.5283026311452118,-0.1801241513166952,0.3566836674108251,-0.427423011950555,0.1592208351882399
2025-09-22,0.6542036798635666,-0.14343842785501004,0.558342186962014,-0.17903302784221137,0.3724120322459803,-0.4196867442346852,0.15720030086034567
2025-09-23,0.6456472067933172,-0.1458164951556108,0.6142804509935355,-0.20799306538889187,0.3882525605892073,-0.4714759677986976,0.17710530996714025
2025-09-24,0.6355947037301495,-0.1664169650229566,0.6699724269769186,-0.25523870617402533,0.39418122024526003,-0.45667244539663676,0.17857976564129052
2025-09-25,0.6731947069133573,-0.21327181379529414,0.6753530069178615,-0.2681674675705952,0.39775414002502535,-0.44365706514713704,0.17879449265678232
2025-09-26,0.7974581882168639,-0.25136509625831455,0.5649398371406895,-0.30658632790356205,0.4441838333879901,-0.43402615721129373,0.1853957226276267
2025-09-29,0.7382797801023302,-0.18462534394120592,0.5976932887782406,-0.33585252640359,0.46544334025351514,-0.5249850747726228,0.24404653598333287
2025-09-30,0.7239952734217309,-0.172610725089053,0.6315239818231689,-0.301104181928086,0.4100261177051986,-0.47887845307709953,0.18704798714414003
2025-10-01,0.7358694586254717,-0.0710335422402468,0.6886724750617798,-0.38226678053160895,0.4670739644466937,-0.7412402305293689,0.30292465516727946
2025-10-02,0.7709533542512508,-0.06417431234561531,0.656697854554138,-0.36619358299998805,0.4656129829952139,-0.7676513801655436,0.30475508371054444
2025-10-03,0.7046559183918014,-0.1268563967764116,0.72017281987606,-0.30657061251074497,0.3893328723535819,-0.6170251424464893,0.2362905411122028
2025-10-06,0.6926594894483626,-0.13363144342895786,0.7314576640554371,-0.29146159249584863,0.3471665468766879,-0.5282256999924972,0.18203503553681605
2025-10-07,0.657339582098529,-0.08859784311218495,0.7354226077145817,-0.3011972796156875,0.3592005010134827,-0.551034003220866,0.18886643512214493
2025-10-08,0.6198753467364907,-0.10894265381497603,0.786305751073178,-0.2885368930388312,0.36047151995701276,-0.5522340453146944,0.18306097440182023
2025-10-09,0.6287090379394351,-0.09757645709518449,0.7852790609260705,-0.2972017415540399,0.37013194160681034,-0.5976147693800026,0.20827292755691088
2025-10-10,0.6657853808320381,-0.10598329783012987,0.7575037515846529,-0.31547175347065537,0.38504697605558225,-0.6058546907637444,0.21897363359225647
2025-10-13,0.8081958795567987,-0.08088304693849448,0.6980455422271967,-0.38146313484069766,0.4171325771649141,-0.7018299402462981,0.24080212307658097
2025-10-14,0.7435661898378695,-0.0691805022624031,0.7308740939747348,-0.34308844287786894,0.38611586322548497,-0.6444112210903558,0.1961240191925385
2025-10-15,0.7840043890655924,-0.07507639310459972,0.6932795685714908,-0.34825579092257763,0.39352275030051026,-0.6488558150938897,0.2013812911834735
2025-10-16,0.772197162239839,-0.02991625302899117,0.731813061812651,-0.4052976898897793,0.43873694117011364,-0.7749094311359761,0.2673762088321432
2025-10-17,0.7280698637724176,-0.04361733240009592,0.8274679110338075,-0.4831699377080455,0.4969642456986552,-0.8478518876029992,0.32213713720626036
2025-10-20,0.7215475948518767,-0.006813459784578901,0.7785566411312449,-0.5019734716348908,0.5543093959816195,-0.8981574296517434,0.352530729106472
2025-10-21,0.7360454991890133,0.016458369090571995,0.7549362074251887,-0.48089658812081365,0.5509312588830684,-0.9140640890485154,0.33658934258148687
2025-10-22,0.7402609971525896,-0.007425031635680297,0.7285012281947443,-0.45439162282511353,0.5569850999216668,-0.8629574771408839,0.29902680633267736
2025-10-23,0.7457085544988123,0.0017619128756480604,0.7628755310755503,-0.4851079872360654,0.5566180193242368,-0.8647296476238984,0.2828736170857162
2025-10-24,0.8106887397874097,-0.045406195262528815,0.7287442460177668,-0.4602720417287529,0.4849254043177154,-0.7026917915849745,0.1840116384533643
2025-10-27,0.7973251884525873,0.005251195392570984,0.7178185795740085,-0.4965336417785666,0.5132698835226273,-0.751542481259768,0.21441127609654062
2025-10-28,0.8103454463816889,0.09138194325648556,0.6885242674682238,-0.5335850262631276,0.4855161203323498,-0.7270268315189834,0.18484408034336286
2025-10-29,0.8225082792931744,0.09544408446776365,0.679870309301096,-0.5643035784830461,0.5138217848695997,-0.7323747864215051,0.18503390697291744
2025-10-30,0.7274739601477319,0.06349287594440417,0.7357188679859056,-0.523956611215553,0.5334793847389948,-0.7485790846525048,0.2123706070510214
