,BTC-USD,ETH-USD,BNB-USD,SOL-USD,XRP-USD
2023-08-02,0.32220936476212353,0.22117312282602594,0.29753826795168187,0.07550990461738734,0.08356933984278125
2023-08-03,0.32171889863178754,0.22222904373088245,0.2974129029108094,0.07527847101036421,0.08336068371615638
2023-08-04,0.32190094303396655,0.22214411621696947,0.2972979308051537,0.07537421307689872,0.0832827968670116
2023-08-07,0.3210711244464516,0.22158923683121504,0.2992174791980731,0.07523104734528611,0.08289111217897399
2023-08-08,0.3205892434842554,0.22119523062230886,0.3004548106333976,0.07508011933839683,0.08268059592164134
2023-08-09,0.3199254764070055,0.22359118150583207,0.29938328887729865,0.07477768798551529,0.08232236522434858
2023-08-10,0.31977091942367614,0.22351000768227036,0.29981203013107766,0.07473759524102261,0.08216944752195314
2023-08-11,0.3200612158157693,0.22408163421922273,0.29910166873099076,0.07470193292569668,0.08205354830832053
2023-08-14,0.3193798553024382,0.22717846762438781,0.29740082664737105,0.07440784886866036,0.08163300155714244
2023-08-15,0.31928561569847574,0.2272493054608187,0.29749423409960096,0.07435991998911115,0.08161092475199341
2023-08-16,0.31921396715273453,0.22792694849605702,0.29712294319217286,0.07434842515679896,0.08138771600223672
2023-08-17,0.31897879972886944,0.22826634967589368,0.2972043706340382,0.0742747450470733,0.08127573491412536
2023-08-18,0.31728860549032833,0.22871556168808801,0.2980052616747518,0.07515177627987768,0.08083879486695428
2023-08-21,0.3168679827070945,0.22865083694510838,0.2984468971423456,0.07530139618952061,0.08073288701593093
2023-08-22,0.31685034280452273,0.2286330471966585,0.2985178773582903,0.07531435903863261,0.0806843736018958
2023-08-23,0.32052188036992,0.23221134512057523,0.2942610501780333,0.07376570298437822,0.07924002134709322
2023-08-24,0.3193621918531364,0.23059970832525753,0.29795811879729867,0.07320210309659977,0.07887787792770763
2023-08-25,0.31925266142778197,0.23089192066670164,0.2978708197100657,0.07314655579008159,0.0788380424053692
2023-08-28,0.3192663281697696,0.23087624186112007,0.29792365794982306,0.07310706997452315,0.07882670204476419
2023-08-29,0.31910584624079097,0.23104210484177243,0.2980354328735852,0.0730535368066006,0.07876307923725102
2023-08-30,0.3157631231353157,0.23515868421955102,0.29859049768781126,0.07262960232810753,0.07785809262921461
2023-08-31,0.315287186527549,0.23547612556728972,0.2989226961500266,0.07251098955453467,0.07780300220059999
2023-09-01,0.31415007546791435,0.2358044832309441,0.2993017580799088,0.07268630255307425,0.07805738066815852
2023-09-05,0.31424076065257,0.23594604953777126,0.2991614682582151,0.07265601451255932,0.07799570703888435
2023-09-06,0.3142072058829722,0.23618999830851642,0.2991140841364115,0.07249869973643552,0.07799001193566432
2023-09-07,0.31428415483695743,0.2362016373419933,0.2990923594306986,0.07243484212242017,0.07798700626793058
2023-09-08,0.31589641227026355,0.2346193587882445,0.3000210944495823,0.07193802389905574,0.07752511059285393
2023-09-11,0.3143546024404872,0.2344111871741967,0.302325040205896,0.07170926901273242,0.07719990116668761
2023-09-12,0.314946674520412,0.2338493424965237,0.30230149200885253,0.07157734790151643,0.07732514307269543
2023-09-13,0.3227543966487335,0.23135883405028626,0.29915534524563564,0.07049126215304026,0.07624016190230436
2023-09-14,0.3243089646369965,0.2307092056428406,0.29830141747347977,0.07063822159369397,0.07604219065298902
2023-09-15,0.3295029177003484,0.23008963091889467,0.2955903210482432,0.0698961412805525,0.07492098905196125
2023-09-18,0.3292966403856549,0.23063678626734108,0.29533996127132345,0.06985248683705325,0.07487412523862735
2023-09-19,0.3273469435111922,0.23551959740859824,0.2935465977333568,0.06922854758956615,0.0743583137572866
2023-09-20,0.3267014416720674,0.2358329192659581,0.293451138034464,0.06917823891223618,0.07483626211527439
2023-09-21,0.3263935276225633,0.23644468489413403,0.2928940803680019,0.06907020018247487,0.07519750693282588
2023-09-22,0.32669443390461467,0.23663023941097738,0.2924377407055761,0.06890979767248558,0.07532778830634633
2023-09-25,0.32626308932442377,0.23816515829424156,0.29158821235826937,0.06872618340316336,0.07525735661990188
2023-09-26,0.3253353280902938,0.23811151406456335,0.29027638697773794,0.06814751470346606,0.07812925616393882
2023-09-27,0.3253388923544456,0.23807590887593966,0.2901128236700826,0.06820670622979473,0.07826566886973746
2023-09-28,0.3251869037612051,0.23795595186407137,0.28995622536109933,0.06816962121909982,0.07873129779452433
2023-09-29,0.3249816433922181,0.2375136579682926,0.29030821464902784,0.06822698410103081,0.07896949988943065
2023-10-02,0.3247389201885582,0.23712009194370143,0.2912121216845116,0.0681183232301637,0.07881054295306504
2023-10-03,0.3246227724299513,0.2374500449243556,0.29168728963218155,0.06688416147148571,0.07935573154202599
2023-10-04,0.32472333291017197,0.2374864881740926,0.2916836442409057,0.06691763433036493,0.07918890034446484
2023-10-05,0.3245939508213407,0.237446571782428,0.29178060785165294,0.06689560770614032,0.07928326183843805
2023-10-06,0.3250534394154141,0.23698081252404163,0.29206059290730735,0.06676245859586298,0.07914269655737394
2023-10-09,0.3250123126513006,0.23691325536161192,0.29209244230439974,0.06675479993546833,0.07922718974721954
2023-10-10,0.3257000644115558,0.23623159325557844,0.2920561568508608,0.06675942964334375,0.07925275583866122
2023-10-11,0.32602075890141163,0.2361591158819526,0.2917312816369417,0.06671288873006495,0.07937595484962919
2023-10-12,0.32525089691174713,0.23627801911000085,0.29259875893942927,0.06659085586040749,0.07928146917841516
2023-10-13,0.3253024926605159,0.2361434031670126,0.2926034721501938,0.06662171774769012,0.07932891427458748
2023-10-16,0.32531090882665503,0.23618915402799032,0.29257717763253943,0.06659458314264949,0.07932817637016572
2023-10-17,0.3231274755209282,0.23746933372442414,0.2928532325217437,0.06660560944412212,0.07994434878878186
2023-10-18,0.32340085839024596,0.237177074967306,0.2927969974210816,0.0666497714139542,0.07997529780741222
2023-10-19,0.32329474555107285,0.23729195666868141,0.2929147578751894,0.06661109717065329,0.07988744273440311
2023-10-20,0.3233669112751844,0.23753343153750053,0.2929969101856768,0.06646140544106706,0.0796413415605711
2023-10-23,0.32268476279437397,0.23780689100636154,0.29339085298334555,0.06627726948244388,0.07984022373347494
2023-10-24,0.31640752421005486,0.23833155706767736,0.29643124827849704,0.06669124180978829,0.08213842863398253
2023-10-25,0.3161042518901731,0.23858072781386505,0.2964963927347373,0.06657543231208725,0.08224319524913737
2023-10-26,0.3157702572960601,0.23927874827641196,0.2964598021477084,0.06625197992522831,0.08223921235459124
2023-10-27,0.3144335126811188,0.2424397492899855,0.2954741159392076,0.06611765499721048,0.08153496709247773
2023-10-30,0.3139279397985827,0.24479537777934426,0.29443771138145597,0.06572130336491583,0.08111766767570112
2023-10-31,0.3143795375981146,0.2454400183214295,0.294152442103804,0.06519399377100636,0.08083400820564544
2023-11-01,0.3139797526416752,0.24548534897396765,0.2952547263125253,0.0646556968125912,0.08062447525924073
2023-11-02,0.31052887422077624,0.24299567344896694,0.3028583538181884,0.0637552990026162,0.0798617995094522
2023-11-03,0.31057631460413493,0.2427731833327789,0.3029067341285113,0.06378568050609267,0.07995808742848216
2023-11-06,0.3103976505863752,0.24333497498516274,0.30257968447006295,0.06378219398467992,0.07990549597371924
2023-11-07,0.3150130362685033,0.24606390466370692,0.29548032391107326,0.06453271762333776,0.07891001753337885
2023-11-08,0.3132922341909108,0.2469816501376477,0.29697248183998987,0.06413075944005191,0.07862287439139971
2023-11-09,0.3121579689776355,0.24709753036907137,0.2975921410667732,0.06456180254245775,0.07859055704406231
2023-11-10,0.31770104980354263,0.24825416928995678,0.2911210295498758,0.06487181367017175,0.07805193768645312
2023-11-13,0.31318969566398613,0.24789153676862896,0.3011442144021877,0.06527747708958145,0.07249707607561581
2023-11-14,0.3039657668999972,0.25949282220850267,0.30287742954190466,0.06410635658143618,0.06955762476815941
2023-11-15,0.30388495260422327,0.25750300144639715,0.3055075802504684,0.06392668215506087,0.06917778354385029
2023-11-16,0.3010458027309212,0.25890564712698005,0.306112599978538,0.06437735312267823,0.0695585970408826
2023-11-17,0.30078188170816705,0.25877300028889644,0.3064103496382617,0.06400835449228047,0.07002641387239443
2023-11-20,0.3005270789906147,0.25935308236355326,0.3062195039918983,0.06390168443683039,0.06999865021710333
2023-11-21,0.3007591434318635,0.25941866723451196,0.3054638273737228,0.06415564913257664,0.07020271282732508
2023-11-22,0.30399053110206764,0.2629710740867033,0.2964284563134315,0.06512958576161443,0.07148035273618313
2023-11-24,0.30292687500688814,0.26412722728387045,0.2976839877324957,0.06458659231111474,0.07067531766563102
2023-11-27,0.3023141887712496,0.2634879950834,0.29936966675073373,0.06440256148330534,0.07042558791131147
2023-11-28,0.2958938579382154,0.25840061783671275,0.31266097098794804,0.06426099086715581,0.0687835623699679
2023-11-29,0.2957614426731258,0.25840776632537904,0.31258220391175323,0.06413739330368878,0.06911119378605309
2023-11-30,0.29575450990626034,0.25841631062182074,0.3125310321816114,0.06417757629675733,0.06912057099355015
2023-12-01,0.2953485514015874,0.2594369353812179,0.31210744678403074,0.06407759592227837,0.06902947051088563
2023-12-04,0.2950762898727582,0.2618286390593311,0.3106430868016868,0.06382506906106737,0.06862691520515653
2023-12-05,0.29020256161835384,0.25992497114868274,0.31541181837032595,0.0648434653712472,0.06961718349139034
2023-12-06,0.2883037555121521,0.2604642822085059,0.31635848915558107,0.06503747807724523,0.06983599504651561
2023-12-07,0.28819465699177327,0.2603678811748219,0.3166271279523184,0.06501569253734035,0.06979464134374608
2023-12-08,0.28911191657302815,0.25839822253131756,0.3176018132554971,0.0648049087921315,0.07008313884802575
2023-12-11,0.2890844407281836,0.259495799208962,0.3170574587229754,0.06440280590997495,0.06995949542990393
2023-12-12,0.2859536139708043,0.25971406958654364,0.31942554154054964,0.06472309978533188,0.0701836751167706
2023-12-13,0.28641754624478516,0.2601171914435015,0.3184360391866928,0.06474053842254875,0.07028868470247181
2023-12-14,0.28520055228824354,0.25954179256387494,0.320220621650435,0.06475289792260022,0.07028413557484649
2023-12-15,0.2857442360732805,0.2596898674671258,0.3199537742034285,0.0644470072525314,0.07016511500363388
2023-12-18,0.28602591140053907,0.25896679678052886,0.31992470637484105,0.06459777063304833,0.07048481481104268
2023-12-19,0.285736109538724,0.25921061048069566,0.32049202093346363,0.06432608621041257,0.07023517283670422
2023-12-20,0.2809969148480094,0.259103249324025,0.3272058236912761,0.06382951456951637,0.0688644975671731
2023-12-21,0.2803429008786288,0.25906808643261137,0.3285768418207246,0.06303210164449306,0.06898006922354198
2023-12-22,0.28059678223833223,0.26014288623825027,0.3285025611992359,0.06184407741148444,0.0689136929126972
2023-12-26,0.28079911174412536,0.2588641990341626,0.3295645934251092,0.06182280082017699,0.06894929497642581
2023-12-27,0.28482109951321943,0.26215049069653645,0.3206451425286865,0.06199852847556574,0.07038473878599179
2023-12-28,0.28923691240856997,0.2622089043215031,0.3141899658039477,0.06281490478426051,0.07154931268171867
2023-12-29,0.288820437721883,0.26216691806242276,0.3143658949039594,0.06295669681257264,0.07169005249916237
2024-01-02,0.28883395429725167,0.2622150927781889,0.313167409402637,0.06400436529794308,0.0717791782239794
2024-01-03,0.28519720929160197,0.26321752082649397,0.3148945662339995,0.06437836651052677,0.07231233713737774
2024-01-04,0.28446252420454887,0.26111014418103046,0.31742584969844756,0.0644741475325383,0.07252733438343478
2024-01-05,0.2818508300628905,0.25906081837356076,0.3148577190396975,0.07214213057126495,0.07208850195258626
2024-01-08,0.28070093918285505,0.25899665216118595,0.3169848043361411,0.0715692878710356,0.0717483164487823
2024-01-09,0.27855303159448813,0.2602848042524056,0.3167800531484607,0.0720255888553059,0.07235652214933966
2024-01-10,0.278101500110647,0.2605566507872596,0.3169183743523611,0.07205537763896715,0.07236809711076511
2024-01-11,0.27869192139988674,0.2527263774900793,0.3209360415801121,0.07538232805480405,0.07226333147511768
2024-01-12,0.27866842804119435,0.25263992225102244,0.32111740329206867,0.07531805912673316,0.0722561872889814
2024-01-16,0.2743652480835526,0.25465785122779766,0.32271514592019834,0.0752894390029586,0.07297231576549278
2024-01-17,0.2780546424678821,0.25543574449573103,0.31798215207314534,0.07529610472758229,0.07323135623565923
2024-01-18,0.28006087528928314,0.25436323151923174,0.31690272233736727,0.07565775955615112,0.07301541129796668
2024-01-19,0.27897841139882174,0.25636740383312484,0.3131878358074824,0.07946692882416814,0.07199942013640291
2024-01-22,0.27811364969293284,0.2561406130648888,0.3142471510404906,0.07989007646936797,0.07160850973231982
2024-01-23,0.2776146671903146,0.2535558267635307,0.3170724909629226,0.07946252918066839,0.07229448590256364
2024-01-24,0.27993206326582315,0.25338697986442815,0.31348258186425493,0.08178424055141002,0.07141413445408369
2024-01-25,0.2799817432806578,0.2537649906519818,0.31295024348211187,0.08184401542634502,0.07145900715890342
2024-01-26,0.2793226763073112,0.2549805516801803,0.31230840527970977,0.08202495289761749,0.07136341383518126
2024-01-29,0.2779796786141793,0.25628718145351814,0.31185621237509975,0.08240253342213198,0.07147439413507087
2024-01-30,0.27772418446105535,0.25680361457631107,0.31189450315690687,0.0818250669785681,0.07175263082715869
2024-01-31,0.27770396423480076,0.25683732855810115,0.31200403305590896,0.08185481167260225,0.07159986247858681
2024-02-01,0.2780821181550528,0.2567754571681654,0.3115574496536717,0.08175147381379613,0.07183350120931396
2024-02-02,0.27795372316083583,0.25667819936721487,0.3118080334933016,0.08170831340474168,0.07185173057390616
2024-02-05,0.2779415105024648,0.2572244645669367,0.3114981369740191,0.08162570570989751,0.07171018224668174
2024-02-06,0.27782105160780385,0.257129741415847,0.31193266446076956,0.08142001075140773,0.0716965317641718
2024-02-07,0.2777049308328597,0.2562652908705618,0.31294740961149775,0.08140485488579322,0.07167751379928758
2024-02-08,0.27752956401908807,0.2562648119403494,0.3126388703907718,0.08187738070058083,0.0716893729492098
2024-02-09,0.2774291568485172,0.2572477270965278,0.3115705787927143,0.0820353234315466,0.07171721383069392
2024-02-12,0.27658411617159806,0.25723579642134703,0.31214443604811126,0.08219973407724639,0.0718359172816972
2024-02-13,0.2738935225014759,0.2550894965664654,0.31654900870787933,0.08307242949477052,0.07139554272940886
2024-02-14,0.2738532094958728,0.2554491475282803,0.3162545523487266,0.0830983857897441,0.07134470483737626
2024-02-15,0.27297225254647134,0.2538618798697073,0.3182654002494245,0.08330727890495393,0.07159318842944289
2024-02-16,0.27452254672545223,0.2557866604432754,0.3141047444694375,0.0837456645505584,0.07184038381127664
2024-02-20,0.2779409574060496,0.2551572673798834,0.3140497779544963,0.08248872384815613,0.07036327341141452
2024-02-21,0.27940981125264713,0.2505746737562167,0.31635835408027785,0.08309248430423655,0.07056467660662175
2024-02-22,0.28189089234368164,0.2521143037116446,0.31185651379356616,0.0833385100566065,0.07079978009450107
2024-02-23,0.28152703518442634,0.2525154972053952,0.3115942711473923,0.08363310023094003,0.07073009623184619
2024-02-26,0.2816935159916256,0.25245505252115163,0.31129397395324754,0.08378928004741498,0.07076817748656013
2024-02-27,0.281553186854118,0.2505565660735136,0.3109868412993828,0.08465886692865458,0.07224453884433084
2024-02-28,0.28079127559960343,0.2510952673343549,0.3112689268988682,0.08481735214439834,0.07202717802277514
2024-02-29,0.27542068130455005,0.2536321423766097,0.31233981559915436,0.08547506751113429,0.07313229320855157
2024-03-01,0.2758255781740441,0.25441067645963,0.3109435241380839,0.08552397612794452,0.07329624510029752
2024-03-04,0.27589002399034857,0.2548748119902274,0.3104684390651129,0.08549361756187997,0.07327310739243126
2024-03-05,0.270390669875829,0.2554948746695219,0.3136707324474027,0.08668092696422394,0.07376279604302247
2024-03-06,0.2692283955976997,0.25882878352729616,0.31169209473894854,0.0867916028759259,0.07345912326012974
2024-03-07,0.2725206728715413,0.2580786111741989,0.3064591189490055,0.08831702886612021,0.0746245681391341
2024-03-08,0.2769815042363681,0.2621009445389862,0.29629862524836426,0.08881505554033167,0.07580387043594977
2024-03-11,0.2771079495555645,0.2621599652316369,0.2952126161205695,0.08982364593056733,0.07569582316166175
2024-03-12,0.2794270307527433,0.26505720038017266,0.29107892092635873,0.09040172802681765,0.07403511991390764
2024-03-13,0.2797856002912454,0.26485295206321785,0.29063949639871367,0.09075012266882768,0.07397182857799547
2024-03-14,0.3093931407885052,0.28033839645901587,0.2549640501849405,0.08589298973713073,0.0694114228304077
2024-03-15,0.31021565603756257,0.2803524600267686,0.25397919305766165,0.08579373702088312,0.06965895385712423
2024-03-18,0.31021445147925597,0.28034003093970156,0.25279293750993936,0.08689716876849708,0.06975541130260601
2024-03-19,0.31457155117435787,0.2803524978828796,0.24632750065081793,0.08788289816580296,0.07086555212614172
2024-03-20,0.32041523510503334,0.27675891882739856,0.24376680561205885,0.08775714530774222,0.07130189514776714
2024-03-21,0.31846255572534155,0.27413941582758544,0.24450198288097252,0.08924141208563437,0.07365463348046628
2024-03-22,0.31515713529591877,0.2745739262730128,0.24352452684560785,0.0882862792003261,0.07845813238513458
2024-03-25,0.31488124072994483,0.2732332015264478,0.24452106742333532,0.08834186778698326,0.0790226225332888
2024-03-26,0.30994625498880995,0.2741594516022965,0.2460323588248503,0.08937464592825903,0.08048728865578415
2024-03-27,0.3101325994093094,0.2745475859195476,0.2453158357772463,0.08970388765888523,0.08030009123501149
2024-03-28,0.30953175865881577,0.2736376138513888,0.24580712261610818,0.08959792214134926,0.08142558273233794
2024-04-01,0.3089887474940555,0.27416791431058873,0.24548783120995435,0.0895507627327384,0.08180474425266301
2024-04-02,0.30992089132783524,0.27357397635136277,0.24505238093031587,0.08950792851821597,0.08194482287227006
2024-04-03,0.30843329148979737,0.27216425536241146,0.24629091595713984,0.09026168391775888,0.08284985327289233
2024-04-04,0.3085966932521956,0.27228758960917926,0.24601389361849635,0.0902879699087126,0.08281385361141623
2024-04-05,0.30814403936495516,0.2724431674038085,0.2455510522025157,0.09050788989210412,0.08335385113661671
2024-04-08,0.3079348191224203,0.27332876233486114,0.24533824380436461,0.0900681235589559,0.08333005117939798
2024-04-09,0.3093072821673785,0.2655030214113754,0.2492577901911728,0.09145709361973955,0.08447481261033365
2024-04-10,0.30885706028631144,0.2643201104511147,0.2503400484138315,0.09160399715764421,0.08487878369109814
2024-04-11,0.31166206768115073,0.26401768691037414,0.2481201023652839,0.09141779272498061,0.08478235031821058
2024-04-12,0.31148954216377234,0.26370907275043554,0.2478337752813477,0.09230133767317243,0.08466627213127194
2024-04-15,0.31223322949981175,0.2609319917949409,0.25045867932452315,0.09175692392985851,0.08461917545086577
2024-04-16,0.31115149971819006,0.2639260042075805,0.24866124036808612,0.09150996941914175,0.08475128628700158
2024-04-17,0.31084956730350854,0.265312823064534,0.2477704491993834,0.09135894023966759,0.0847082201929064
2024-04-18,0.3105425365325938,0.2646077723232902,0.2487127678018529,0.09128763710178546,0.08484928624047774
2024-04-19,0.3108186458929953,0.26465249073629626,0.24844652549948698,0.09092914244306846,0.08515319542815299
2024-04-22,0.31006752313948555,0.26706270012525873,0.2478891966785595,0.09054082981718439,0.08443975023951186
2024-04-23,0.31196203578759907,0.26826274772622266,0.24450867631689271,0.09076994549105104,0.08449659467823457
2024-04-24,0.312254230652246,0.2694764116577108,0.24338551627466173,0.09054630097310366,0.08433754044227787
2024-04-25,0.31125259885166223,0.2693590279444289,0.24450607957217013,0.09041686349871464,0.08446543013302403
2024-04-26,0.31171386212474783,0.2691602525023031,0.2444745937430237,0.09025410788922913,0.08439718374069637
2024-04-29,0.3116258162462653,0.26922989423761057,0.24444392306171228,0.09021178631454868,0.08448858013986317
2024-04-30,0.3127067753716284,0.268679014965951,0.2440318917884425,0.09024298618473792,0.08433933168924007
2024-05-01,0.3116865015244402,0.26690973664888235,0.24600741530784018,0.09034281703192273,0.08505352948691434
2024-05-02,0.3118458766798073,0.2676048413555205,0.24506014245859437,0.09048770258012935,0.08500143692594843
2024-05-03,0.31177635298841627,0.26767467841718073,0.24525301657193918,0.09037683492709994,0.08491911709536386
2024-05-06,0.30940275420083085,0.2686236377367138,0.24554812149318533,0.0909307503477508,0.085494736221519
2024-05-07,0.30951134531605146,0.2686582613713446,0.24563219209195808,0.09071897375477903,0.08547922746586678
2024-05-08,0.30878695156259195,0.2710237101192103,0.2445725823360407,0.09046861408586376,0.0851481418962934
2024-05-09,0.30963812747427155,0.2729253616712762,0.24255593521968555,0.09019337645207133,0.08468719918269538
2024-05-10,0.30927053278523664,0.2730598020344452,0.24294579629741914,0.0898908520978315,0.08483301678506755
2024-05-13,0.3087264117629162,0.27241068561605436,0.24376239520404538,0.09000823089293214,0.08509227652405191
2024-05-14,0.3080608498435538,0.27276848922963937,0.24398415298012313,0.09012886688541305,0.08505764106127063
2024-05-15,0.30835104181482054,0.2729686305085555,0.24308751617540503,0.09024894070671084,0.08534387079450798
2024-05-16,0.3051066751381258,0.27326818505772954,0.2454263286831164,0.09003840658154591,0.08616040453948255
2024-05-17,0.30526771954830056,0.2726613074331752,0.2454145942551296,0.09026209317665465,0.08639428558674006
2024-05-20,0.30571702606119444,0.2713194267894525,0.24602509912308823,0.0902437831761108,0.08669466485015404
2024-05-21,0.3123905296646444,0.2510273446693694,0.254136602455328,0.0927139474281692,0.08973157578248907
2024-05-22,0.3124577905150511,0.2508328132770321,0.25415529907208406,0.09259569246353057,0.08995840467230211
2024-05-23,0.3122093620463569,0.2507142783397931,0.254210804426154,0.09288579602518432,0.08997975916251165
2024-05-24,0.312028058927881,0.25112562651026266,0.25381401948880367,0.09296849186765617,0.09006380320539666
2024-05-28,0.3127982250828883,0.25102859829451685,0.2536869662050479,0.09262594509376003,0.08986026532378687
2024-05-29,0.3129265707823248,0.2506014465831019,0.25389065370752195,0.09269005936601686,0.08989126956103452
2024-05-30,0.31290097235051656,0.2503903275789017,0.25392417741060264,0.09273632362398315,0.09004819903599612
2024-05-31,0.3127629826180425,0.25026858557776366,0.2528942166160698,0.09313968943657606,0.09093452575154799
2024-06-03,0.31273540858874876,0.25031381538763176,0.25295067628643036,0.09312983706466488,0.0908702626725242
2024-06-04,0.31346611651866313,0.2508504793498504,0.25124834977972177,0.09335144497585457,0.09108360937591005
2024-06-05,0.3151827670637073,0.25284322708190693,0.24620377214862263,0.09395176811294646,0.09181846559281659
2024-06-06,0.3147054954214963,0.2511523041275074,0.2506938538321378,0.0929692005208455,0.09047914609801311
2024-06-07,0.3168620712204836,0.25089192595432724,0.24957235298435362,0.09245483466622674,0.0902188151746089
2024-06-10,0.31619244817159176,0.24913040060753586,0.25242736434511764,0.0926777637336829,0.089572023142072
2024-06-11,0.31836571527984014,0.25082200420404843,0.24742173208724474,0.09319907536322945,0.09019147306563718
2024-06-12,0.318123344702462,0.24997547574918433,0.24736714867710408,0.0940024099143263,0.09053162095692331
2024-06-13,0.31372342841405804,0.24832478210920583,0.2543524598087562,0.09453440593552778,0.08906492373245227
2024-06-14,0.3131216068779694,0.24788224032852246,0.2557119266200799,0.09422797315073402,0.08905625302269414
2024-06-17,0.31277455316881386,0.24901953024407328,0.255169805807024,0.09380736845872428,0.08922874232136459
2024-06-18,0.3130448776369446,0.24905013634916315,0.25527821167747683,0.0938168722894922,0.08880990204692318
2024-06-20,0.31324657159413816,0.2496817559435005,0.2546583619341881,0.09364032175342471,0.08877298877474837
2024-06-21,0.3170269006267515,0.24863966579127306,0.25304339788673025,0.09324649143938937,0.08804354425585581
2024-06-24,0.31903796289171577,0.24931355837672584,0.2514039515777125,0.09274040625551377,0.0875041208983322
2024-06-25,0.31595360782662746,0.24909558187721137,0.25336125399605675,0.09355251775198653,0.08803703854811802
2024-06-26,0.3160259594126517,0.2490706935132487,0.2533129240350915,0.0935475197442112,0.08804290329479686
2024-06-27,0.31534225517238124,0.24888082522428598,0.2539704988757467,0.09380927187332086,0.08799714885426531
2024-06-28,0.3156953865916127,0.24897757555422942,0.2541441008374423,0.09309531012830254,0.08808762688841298
2024-07-01,0.31545734878530346,0.24944749081407722,0.2542374778995452,0.09265781202849088,0.08819987047258333
2024-07-02,0.3138107167014617,0.24949908787235403,0.25431520264670343,0.09407903713009196,0.08829595564938887
2024-07-03,0.3129635878141071,0.25042040929168985,0.25452370601619495,0.09395956905377084,0.0881327278242374
2024-07-05,0.3133948352663459,0.2503251706562661,0.2544601939657951,0.09334092703733034,0.08847887307426255
2024-07-08,0.3159925347510795,0.2484782847531915,0.25081339037076406,0.09508918976920197,0.08962660035576277
2024-07-09,0.3159963350455795,0.24885757417579735,0.250731375094328,0.09489300651709083,0.08952170916720434
2024-07-10,0.3155208752286214,0.24870461234936628,0.2506721665665784,0.09561456898751597,0.0894877768679179
2024-07-11,0.31509200427049916,0.24835271215728752,0.25159782678201614,0.09553982049918815,0.08941763629100909
2024-07-12,0.31509167381797165,0.24844152853207588,0.2517236785986643,0.09534163934661306,0.08940147970467513
2024-07-15,0.31518116207453906,0.24841697131692175,0.25198804244605866,0.09532762485113404,0.08908619931134648
2024-07-16,0.2693605858346782,0.218147939524344,0.2217937001259764,0.08706263283211955,0.20363514168288188
2024-07-17,0.2689152053193607,0.21716721965070093,0.22069741546203592,0.08641242361372324,0.20680773595417934
2024-07-18,0.2697415497204921,0.2180096596781572,0.2216522543615676,0.08659245503519224,0.20400408120459088
2024-07-19,0.270510078766937,0.21853785215269536,0.22247224034407947,0.08714496832292615,0.2013348604133619
2024-07-22,0.26922686530420564,0.21857801295601575,0.22192990157925307,0.08698752351781909,0.20327769664270653
2024-07-23,0.26974703241078357,0.21869831025551548,0.22224741000454065,0.08714535535196304,0.2021618919771973
2024-07-24,0.2691668784928848,0.21886036055381328,0.2223251748177432,0.08701745573340645,0.20263013040215233
2024-07-25,0.2684922698629944,0.21680515578539528,0.22140923658192144,0.08751332983832279,0.20578000793136608
2024-07-26,0.26917905474448983,0.21555024877847156,0.22194965821321277,0.08754550673627629,0.20577553152754952
2024-07-29,0.26866343009709914,0.2152725015199533,0.22210083986034343,0.08789938566449484,0.2060638428581091
2024-07-30,0.26846541129703183,0.2153631894923688,0.22205370374715297,0.08794805138498811,0.20616964407845823
2024-07-31,0.26875864082119255,0.21559512458588237,0.2221985772020531,0.08804711028350053,0.2054005471073714
2024-08-01,0.26825286687644984,0.2157014160544972,0.22205351808161147,0.08818364483450895,0.20580855415293262
2024-08-02,0.2685700549808819,0.21581789237547633,0.2225885420356717,0.08813577007030227,0.20488774053766787
2024-08-05,0.2677665000873763,0.21518934510410545,0.2232264896288564,0.0882406671081793,0.20557699807148264
2024-08-06,0.2698370956681472,0.20602733268111417,0.22267864176740718,0.09141589837813835,0.21004103150519315
2024-08-07,0.26950114608246056,0.20652901973501467,0.22232765120584766,0.0905537643805996,0.2110884185960775
2024-08-08,0.2749356666671628,0.20949304280707812,0.226780397398426,0.09252667742466363,0.1962642157026694
2024-08-09,0.27027147046751987,0.20416900487553918,0.22883236170966795,0.09407158958797669,0.20265557335929643
2024-08-12,0.2709328897037622,0.20420723059715148,0.22933391805517403,0.09409111013698244,0.2014348515069297
2024-08-13,0.2709123463723697,0.20361601109081837,0.2299030238556354,0.09373158463137322,0.20183703404980335
2024-08-14,0.27073519494457104,0.20364701736413798,0.23002225167964677,0.0937709230977856,0.20182461291385864
2024-08-15,0.27002800296998125,0.20377848777036556,0.23033066703327648,0.09383742705167855,0.20202541517469813
2024-08-16,0.26960358097770654,0.20309745298486553,0.2304464741239312,0.09417099443160006,0.20268149748189657
2024-08-19,0.2692406975254308,0.2029104171674235,0.23053339278547638,0.09425924484368842,0.20305624767798092
2024-08-20,0.27022095698885196,0.20219295087218095,0.22604734346382568,0.0931029409294232,0.2084358077457182
2024-08-21,0.27066381644032844,0.2018831577091026,0.22601838728387752,0.0931115910899434,0.2083230474767481
2024-08-22,0.2696481061762836,0.20166680495050993,0.2265970590114445,0.09311798903484785,0.20897004082691414
2024-08-23,0.269426047698116,0.2019126716897991,0.22638175016284115,0.09329588621779367,0.2089836442314501
2024-08-26,0.2675587861072492,0.20167637556032975,0.22753546200624905,0.0935227777092541,0.20970659861691782
2024-08-27,0.26862463107251905,0.20225003176950695,0.22481111569872206,0.09415075303384877,0.21016346842540332
2024-08-28,0.2678934131674043,0.20019088567995558,0.22608708567056263,0.09448066777824851,0.21134794770382903
2024-08-29,0.2679126439705815,0.19996140826336228,0.22621236767699354,0.09443086800536903,0.2114827120836936
2024-08-30,0.2695883754419425,0.19988258423646563,0.22569086723424056,0.09406399343937798,0.21077417964797332
2024-09-03,0.26956994431609016,0.1997961645868061,0.2256168502574454,0.09421210538962309,0.2108049354500352
2024-09-04,0.27086479534632146,0.1992029515556679,0.22531244178866713,0.0936763814391857,0.2109434298701578
2024-09-05,0.27085225525081386,0.19920058510927394,0.22506614695021585,0.09359481536582119,0.2112861973238753
2024-09-06,0.2703275168598867,0.1990038177224755,0.2254100685234515,0.09378877836294847,0.21146981853123786
2024-09-09,0.27011281972671825,0.198113155868577,0.2258883328159428,0.09429059043139176,0.21159510115737026
2024-09-10,0.26978104257188845,0.1979679210795389,0.22524258925712176,0.09444702852238687,0.2125614185690641
2024-09-11,0.26988295490798125,0.19787966094241685,0.2252785265843711,0.09447487661931592,0.2124839809459149
2024-09-12,0.2690920997631876,0.197820268224681,0.22485340047801006,0.09499712354274091,0.21323710799138043
2024-09-13,0.26969248019883413,0.19823448424533135,0.22496138666197593,0.09503513839367089,0.2120765105001877
2024-09-16,0.2690252037236699,0.1981772418890272,0.22520081366431088,0.0952450362006447,0.2123517045223474
2024-09-17,0.2688587256422362,0.1973908111773256,0.22509346479712625,0.09531323698398077,0.21334376139933103
2024-09-18,0.268175415332148,0.1974579574633425,0.22512159035740892,0.09541038055663383,0.2138346562904667
2024-09-19,0.2680181467952117,0.19752965006151446,0.22501409475234385,0.09548178721380012,0.21395632117712982
2024-09-20,0.26817042513002054,0.19702451557524966,0.22518665576301986,0.09521885364914048,0.2143995498825695
2024-09-23,0.2682790005056227,0.19653497460893785,0.22544051359444262,0.09521275008986858,0.21453276120112819
2024-09-24,0.26902873193686044,0.19654146175207712,0.22375593393242973,0.09551740122683235,0.21515647115180042
2024-09-25,0.26901302678778644,0.1966092609727874,0.22383429364160295,0.09532291819211704,0.21522050040570598
2024-09-26,0.2692072368323077,0.19648410634756927,0.22343271020109978,0.09529780795748537,0.21557813866153788
2024-09-27,0.2688045924170698,0.1965268999140998,0.2235981748494172,0.0952983600009128,0.21577197281850044
2024-09-30,0.2688682715945882,0.19637062517727993,0.2235807891718128,0.09532952025164776,0.2158507938046714
2024-10-01,0.26909275831670204,0.19719606241488036,0.22161758589674233,0.09573740859222776,0.21635618477944754
2024-10-02,0.2687456733574208,0.19632365878876187,0.221773437722221,0.09581970467485174,0.21733752545674453
2024-10-03,0.26998588100622417,0.19639969332577467,0.22246927818248957,0.09829757931484776,0.21284756817066391
2024-10-04,0.2698544811733588,0.19625327098954418,0.22238972899002601,0.09809306579728035,0.2134094530497906
2024-10-07,0.26990840341527667,0.1961586166137529,0.22246149233338652,0.09809455861130684,0.21337692902627697
2024-10-08,0.26993904236521526,0.196262650830454,0.22236613355321666,0.09809922930288895,0.21333294394822516
2024-10-09,0.2701026704081162,0.19640114689998686,0.22203896158498315,0.09813376538361389,0.21332345572329997
2024-10-10,0.26908257695928056,0.19639334230848268,0.22233691109632214,0.09827044510849547,0.21391672452741906
2024-10-11,0.2691283430669601,0.19644298088753787,0.22220014550900205,0.0982686998064201,0.2139598307300797
2024-10-14,0.2688530922063038,0.19640345831797842,0.22237609162903493,0.09818927731765296,0.21417808052902987
2024-10-15,0.26792459995549095,0.19498620475114,0.22341469306867098,0.09831872294250195,0.2153557792821962
2024-10-16,0.2679035728580484,0.1949959275185762,0.22347407682771978,0.09829280620691523,0.21533361658874048
2024-10-17,0.26939087333046463,0.19433174406988285,0.22313261832323142,0.09869675112934058,0.2144480131470805
2024-10-18,0.26934008099793627,0.19456170640430845,0.22308987289130416,0.09854611600549397,0.21446222370095722
2024-10-21,0.269277342712823,0.19450870331291564,0.2231202823713832,0.09860382504853796,0.21448984655434022
2024-10-22,0.26850585602160526,0.19411415680447294,0.22266977933063564,0.09829578213140755,0.21641442571187863
2024-10-23,0.26897625928364916,0.19391715996521144,0.22230418052969006,0.09886157741805271,0.21594082280339674
2024-10-24,0.2738797938143651,0.19303427365271644,0.22002893823560657,0.1001370851727783,0.21291990912453362
2024-10-25,0.2736683026697073,0.1929310668172193,0.2199680118974955,0.1004662649940451,0.21296635362153285
2024-10-28,0.2743141301737761,0.1928911708419401,0.22013125743358666,0.10067184474406471,0.2119915968066326
2024-10-29,0.2739794804241904,0.19273379749106198,0.22027232763635107,0.10053595025989172,0.21247844418850473
2024-10-30,0.27315072633062093,0.19276300868683402,0.22052802643224295,0.10085920917561872,0.21269902937468332
2024-10-31,0.2724468880726315,0.19227614793400363,0.21969771755247466,0.10153789680666107,0.21404134963422902
2024-11-01,0.271967354009304,0.19122191986773196,0.2193605679901344,0.1026279963122633,0.21482216182056627
2024-11-04,0.2718830080360342,0.19114764169492973,0.21910986666127483,0.10311891346976752,0.21474057013799372
2024-11-05,0.27214170182180214,0.1909143516919758,0.21875663771161835,0.10310656229919471,0.21508074647540912
2024-11-06,0.2720729241328033,0.19114111166588277,0.21880609419559996,0.10293365735328835,0.21504621265242557
2024-11-07,0.26364308835970485,0.18391765778803215,0.22226098276112452,0.10106333686043717,0.22911493423070126
2024-11-08,0.26373205077725975,0.1824266410813219,0.2230923691139319,0.10087306648256789,0.22987587254491848
2024-11-11,0.2637721828814339,0.18229194009251662,0.22312451315435072,0.10088316269847225,0.22992820117322652
2024-11-12,0.25415202125708763,0.18740231673451016,0.22512273361893237,0.10352833700936843,0.22979459138010144
2024-11-13,0.2558695721834752,0.18817225447459993,0.2246587826495447,0.11183750711814741,0.21946188357423274
2024-11-14,0.25537654486604583,0.1877288080164683,0.2252398800966861,0.11285658341949642,0.21879818360130332
2024-11-15,0.25617260478995885,0.18857349728354686,0.22645257673508096,0.11449194661074967,0.21430937458066374
2024-11-18,0.2592221722286148,0.19007836523700622,0.2286673301834013,0.11833557856676945,0.20369655378420837
2024-11-19,0.26658730576006584,0.19476101580380967,0.2348854708463466,0.12194493486847133,0.18182127272130663
2024-11-20,0.266659084057206,0.19444869131580944,0.23502573925311482,0.12201294534468982,0.18185354002918003
2024-11-21,0.266482878475033,0.19452131751255863,0.2352007130424751,0.12210784575185857,0.18168724521807472
2024-11-22,0.26695584387095295,0.191625440194714,0.24296956714114276,0.12210637501261565,0.17634277378057475
2024-11-25,0.2692841975468708,0.1939578804646949,0.24471844684324717,0.12429394906681769,0.1677455260783695
2024-11-26,0.2673105570756091,0.1948015173300526,0.24626788557253343,0.1234758968352637,0.168144143186541
2024-11-27,0.26735482034354774,0.19483480347733453,0.24568505735240545,0.1236729746172198,0.1684523442094926
2024-11-29,0.26812955574584657,0.19223228683410262,0.24597175064402568,0.12469486398720961,0.16897154278881554
2024-12-02,0.2718486099305229,0.19485276000594748,0.24955461674697957,0.12649057230098817,0.15725344101556193
2024-12-03,0.28604251222280236,0.20523060955271796,0.2626989516741473,0.13204279664130972,0.1139851299090225
2024-12-04,0.2902928531823913,0.2080308692294868,0.253347343639579,0.13363857732289364,0.11469035662564918
2024-12-05,0.2940719320014255,0.20769848074964184,0.2520928625069356,0.13283515584540748,0.11330156889658957
2024-12-06,0.29529152357216665,0.20772559082257133,0.25107992831120646,0.13277769430120878,0.11312526299284682
2024-12-09,0.29506964450534895,0.20745384474689033,0.2513935356788533,0.1330215857871915,0.11306138928171579
2024-12-10,0.29611934176393095,0.20735642963331016,0.250215965458593,0.13375749626270364,0.11255076688146214
2024-12-11,0.2958732396046633,0.20679006761061555,0.2498076151400558,0.1354143155627167,0.11211476208194861
2024-12-12,0.2977417739181276,0.20642838428050092,0.2479645166339979,0.1351732191532537,0.11269210601411991
2024-12-13,0.29743744575010694,0.20640460691304896,0.24829296638468576,0.1353234258445648,0.11254155510759352
2024-12-16,0.2980013974608854,0.20648852421249883,0.24783678756325478,0.1353073938504482,0.11236589691291278
2024-12-17,0.29679502029649907,0.20683966802788045,0.24803665148685733,0.13588031646752174,0.11244834372124149
2024-12-18,0.2967994956848564,0.2068323582958993,0.24829182356823656,0.1358580377005051,0.11221828475050266
2024-12-19,0.29623159985524716,0.20646872307529562,0.24956221435911627,0.13601443253243067,0.11172303017791035
2024-12-20,0.29628446674579273,0.20563331841816385,0.25051053403257284,0.13565464515082862,0.11191703565264194
2024-12-23,0.2958850828535886,0.20477594941939686,0.24983049701614302,0.1380146264593379,0.11149384425153355
2024-12-24,0.2937724869588582,0.20403441378167464,0.24977789444231446,0.14131690662828758,0.11109829818886505
2024-12-26,0.29268867806493215,0.20462925686264055,0.2500123378003808,0.14153978410197315,0.11112994317007346
2024-12-27,0.2903328361831373,0.20257617896592625,0.253373168204532,0.14439543682314707,0.10932237982325727
2024-12-30,0.2881951018254586,0.20293743216817023,0.25644542734695097,0.1438623311321363,0.10855970752728386
2024-12-31,0.2882873435309946,0.20302213991967416,0.25626657560632526,0.14412557064567785,0.1082983702973282
2025-01-02,0.2880644411754072,0.2028962619520006,0.25664521531119666,0.14418652954640243,0.10820755201499302
2025-01-03,0.2914330704916191,0.2030556777660306,0.2572690404163578,0.14253665155956446,0.1057055597664281
2025-01-06,0.29226501689222173,0.20309073941603115,0.25601956355240035,0.14278298268299142,0.10584169745635541
2025-01-07,0.29162616993580365,0.20309382854549624,0.2559406193553474,0.14358201708900914,0.1057573650743436
2025-01-08,0.2913982225322534,0.20154593085482939,0.25686131302188314,0.14400600617696202,0.10618852741407211
2025-01-10,0.29300675260104336,0.200845961838726,0.25718479832146296,0.1433907643392786,0.10557172289948902
2025-01-13,0.2934493803361762,0.20072611834704773,0.25738617214033754,0.14280555889858246,0.10563277027785618
2025-01-14,0.29252445524078236,0.2036405968256662,0.25652676401554425,0.14227427111051327,0.10503391280749384
2025-01-15,0.2925321947394601,0.20355945910894546,0.2566832960178976,0.14241259527275307,0.1048124548609438
2025-01-16,0.2969071352338327,0.20193558498585568,0.2575491398616303,0.1419658012010819,0.10164233871759928
2025-01-17,0.2961019651185893,0.20087795042749162,0.25933569058078626,0.1423237612312858,0.10136063264184705
2025-01-21,0.29508769766012205,0.20052870399423778,0.2600792404985643,0.14269710826337528,0.10160724958370056
2025-01-22,0.2973837994948905,0.20064582085547872,0.25950730885355333,0.14061887417622695,0.10184419661985061
2025-01-23,0.2969776907456203,0.20053250038600864,0.25978077732790156,0.14070806482568105,0.10200096671478845
2025-01-24,0.2974160028054555,0.20093737197434067,0.2582973002878373,0.14207313622356957,0.10127618870879687
2025-01-27,0.2971925378831864,0.20121383082366226,0.25838363758865746,0.14195831625343883,0.10125167745105529
2025-01-28,0.29695693193010686,0.20089874553194184,0.25928435403873795,0.14144729902616449,0.10141266947304887
2025-01-29,0.297287252928396,0.2006938807316862,0.2589795482702532,0.14146043706600986,0.10157888100365474
2025-01-30,0.297782517848425,0.20020906050062995,0.25888667337225646,0.14177768759805195,0.10134406068063673
2025-01-31,0.2980331092670022,0.19920975306986885,0.2586537269763536,0.14299437398726392,0.10110903669951159
2025-02-03,0.2976619250577306,0.1992831858601808,0.25893337123145416,0.1427992650730463,0.10132225277758819
2025-02-04,0.30193302046873177,0.19559236839152744,0.25696244402619284,0.14424203179982717,0.10127013531372075
2025-02-05,0.30276937050285097,0.19589675616703003,0.254995113454664,0.14484461069928764,0.10149414917616748
2025-02-06,0.3029844570321977,0.1960837152076642,0.2553412090580159,0.14444517945363353,0.10114543924848877
2025-02-07,0.3032355126325472,0.19553827048727174,0.255365794219517,0.1447871891235004,0.10107323353716367
2025-02-10,0.3032351863177603,0.19562736620736793,0.25532420712398496,0.14478256770697148,0.10103067264391533
2025-02-11,0.3044869932414032,0.19615803017326247,0.2529856872317282,0.1451065192222598,0.10126277013134638
2025-02-12,0.30453171078925606,0.19603168335682047,0.2529750440357455,0.14516146964975035,0.1013000921684276
2025-02-13,0.30675312983422653,0.19606102284639831,0.2494823092442169,0.14601164701155686,0.10169189106360148
2025-02-14,0.3085925431880956,0.1970130884381814,0.24726288507941815,0.14588102126813327,0.10125046202617162
2025-02-18,0.3088324560744752,0.19704236302109762,0.2473143960905348,0.1458470912963451,0.1009636935175473
2025-02-19,0.3109504609303879,0.19863213311408948,0.24839975150589236,0.14124213334501168,0.10077552110461858
2025-02-20,0.31024949004176344,0.1982212064915599,0.25008069641858616,0.14115488992101116,0.10029371712707934
2025-02-21,0.3101164900546469,0.19827141633637702,0.2502761078122791,0.14108780886680677,0.1002481769298902
2025-02-24,0.3092351092968659,0.2000649350845986,0.2501251023077148,0.14067833072904765,0.09989652258177321
2025-02-25,0.30959944026082264,0.20077865943212025,0.2533167456486053,0.13688929427455396,0.09941586038389802
2025-02-26,0.30895183914646474,0.20089114323831042,0.25342769283107347,0.13720549178152874,0.09952383300262274
2025-02-27,0.3081076648773952,0.20030996104329402,0.2547467873533766,0.13714059422783512,0.09969499249809903
2025-02-28,0.30920936164637325,0.20087376961267625,0.25437144246310894,0.13711427375078528,0.09843115252705625
2025-03-03,0.3110193320356121,0.20058336467025964,0.2537783938102095,0.13602457165348317,0.09859433783043545
2025-03-04,0.31650247975651413,0.19866288211620547,0.25254735757918884,0.13574579568978518,0.09654148485830623
2025-03-05,0.31624889300452125,0.19824173866956324,0.25303302480035444,0.13617393925419094,0.09630240427137002
2025-03-06,0.3155077772780816,0.1983304399221658,0.25319819896407975,0.13652599272230762,0.09643759111336535
2025-03-07,0.321123647194954,0.19736797285909413,0.2507554767194182,0.13499135136532542,0.0957615518612083
2025-03-10,0.3226635465579939,0.19593458095554525,0.2515987869471066,0.13459601513663838,0.09520707040271591
2025-03-11,0.3210067363523591,0.19595521771708047,0.2545922233897045,0.13348597071819696,0.09495985182265883
2025-03-12,0.3165000251525821,0.19469105565442185,0.2605450484350639,0.13413841551947997,0.09412545523845232
2025-03-13,0.31680701346267987,0.1947021702508218,0.26027445222736656,0.1341325793935759,0.09408378466555575
2025-03-14,0.31626795005333036,0.19379596083127854,0.26151884593773,0.1330019183036498,0.09541532487401132
2025-03-17,0.3157130209435432,0.19403610261738266,0.2625016125553061,0.13207642662834246,0.09567283725542569
2025-03-18,0.3098466113598292,0.1901179546357775,0.27584606410480517,0.13045489973968297,0.09373447015990523
2025-03-19,0.30910990566945307,0.18980200241884698,0.2765499267222179,0.13107068360763832,0.0934674815818437
2025-03-20,0.3083577506565772,0.1890999257389485,0.27914094461894695,0.13040414919606522,0.09299722978946218
2025-03-21,0.30375554905785146,0.18720699011937286,0.28871727585533796,0.12885347797764268,0.09146670698979492
2025-03-24,0.30433620776398457,0.18695737555675995,0.2891918958192882,0.1291896199900897,0.09032490086987761
2025-03-25,0.30558955357739126,0.1866182735876891,0.29177637460887484,0.1275842757943151,0.0884315224317296
2025-03-26,0.3064051337505897,0.18619401903214688,0.29102598507879407,0.12800741310309982,0.0883674490353695
2025-03-27,0.30697849730273014,0.1865713725636137,0.2904343611497438,0.12766416733903696,0.08835160164487546
2025-03-28,0.3118733465322955,0.18585245702391323,0.28849778995431086,0.12679822096762608,0.08697818552185435
2025-03-31,0.31185893744686943,0.18552499140135756,0.28905955420728574,0.12654830617653365,0.08700821076795356
2025-04-01,0.3118634759429138,0.1854967527926914,0.2890638355588375,0.1265991831098255,0.08697675259573173
2025-04-02,0.31155635633479944,0.18501082665842047,0.28956943068294283,0.12677896252687898,0.0870844237969584
2025-04-03,0.31195575688307814,0.1846118563734081,0.2897860224102973,0.12644268668408504,0.08720367764913146
2025-04-04,0.3136344791913166,0.18452248738464272,0.28924954258921853,0.1259626771565445,0.08663081367827757
2025-04-07,0.3136212697882358,0.18457872007340506,0.2895673957263328,0.12560422602328664,0.08662838838873976
2025-04-08,0.3170915184266294,0.1799840173223817,0.29112269110476274,0.12475998975496043,0.08704178339126555
2025-04-09,0.3162295807881346,0.1794190165630766,0.29191961164727653,0.12549015524993676,0.08694163575157568
2025-04-10,0.31604415707779665,0.1798981254520286,0.2931701743869957,0.12432485591894549,0.08656268716423342
2025-04-11,0.3166366361831829,0.1785045776674822,0.2938261028531325,0.12447886803460034,0.08655381526160211
2025-04-14,0.31498870851615485,0.1784056879711897,0.29643348013531307,0.1235647927078707,0.0866073306694717
2025-04-15,0.3153243755398857,0.17815646641758642,0.2969014119670192,0.12302453983151901,0.08659320624398961
2025-04-16,0.31506688488668005,0.17875397807423016,0.2950347830741037,0.12421673722056399,0.086927616744422
2025-04-17,0.31501771289497055,0.17720530752069213,0.29688268337579865,0.12417039135711054,0.0867239048514281
2025-04-21,0.31478278099434326,0.17710603645102388,0.2973902702648376,0.12405755661642377,0.08666335567337138
2025-04-22,0.3153373742433547,0.17719378944696842,0.29687518519566436,0.1240473327725231,0.08654631834148958
2025-04-23,0.31447639001609934,0.17436085618017444,0.2992925781475426,0.12482286303484395,0.08704731262133973
2025-04-24,0.3147084316139248,0.17429359804248976,0.29901711021968086,0.1248731550062125,0.0871077051176919
2025-04-25,0.3125406855817781,0.17255291044907015,0.3033430141787866,0.12487013600127736,0.08669325378908778
2025-04-28,0.3125510095291367,0.17251619773283827,0.30331269876079725,0.1248884895294627,0.08673160444776509
2025-04-29,0.3133619214121487,0.17239692949656024,0.30270119639497106,0.12498303663975992,0.08655691605655996
2025-04-30,0.31329484273756253,0.17242936903138903,0.3027312141116748,0.12505369900585797,0.08649087511351553
2025-05-01,0.3131048311979449,0.1722337883790034,0.30314202523290773,0.1252076865667692,0.08631166862337472
2025-05-02,0.3126747274358607,0.17234430174052795,0.30335478675856387,0.12521019634512204,0.08641598771992538
2025-05-05,0.3138450160359848,0.1725844186731919,0.30207115845852756,0.12552370808387142,0.08597569874842423
2025-05-06,0.3142824328169984,0.17211301910287768,0.3021675757520638,0.12579041598388357,0.0856465563441764
2025-05-07,0.3140911208199474,0.17216316074618482,0.30217537598290384,0.12590569559308212,0.08566464685788173
2025-05-08,0.3161271310835857,0.17139689313059697,0.3022075547971831,0.12526735459525096,0.08500106639338316
2025-05-09,0.31927062921360094,0.1599324376525673,0.3076987744579501,0.1266506066303387,0.08644755204554287
2025-05-12,0.32097885505049534,0.15956964673160515,0.30558474883296355,0.12690757855639218,0.08695917082854386
2025-05-13,0.32168592045136785,0.15849543184791706,0.3059833276793654,0.12730278004006115,0.0865325399812885
2025-05-14,0.32251379985245315,0.15708128659602472,0.30612481516231316,0.12774642441581704,0.08653367397339189
2025-05-15,0.32353166938527606,0.1570557667460275,0.305392324550057,0.1275391222123373,0.08648111710630221
2025-05-16,0.3246854746403588,0.15687522467956347,0.3053729944222775,0.1271092409063493,0.08595706535145091
2025-05-19,0.32437489037008993,0.15655266218518937,0.30639133722784984,0.12696268135229957,0.0857184288645712
2025-05-20,0.32742084746963435,0.1557399875970676,0.3039194549120181,0.1280211500392764,0.08489855998200356
2025-05-21,0.3273588792857185,0.15582924838986054,0.3041569446164979,0.12786483379794114,0.08479009390998181
2025-05-22,0.32723469215389417,0.1564376745126343,0.30316487676503595,0.12842244663202035,0.08474030993641526
2025-05-23,0.32644151547019,0.16347950495123365,0.2988040151748568,0.12794138114491682,0.08333358325880275
2025-05-27,0.3259248964888447,0.16359490519332717,0.29859656258435,0.12858794188351613,0.0832956938499621
2025-05-28,0.32701465728829987,0.16318561686395222,0.2972608098439034,0.12893411895783563,0.08360479704600872
2025-05-29,0.32699813172678105,0.16306515048532894,0.2977810970564332,0.12868144059665065,0.08347418013480636
2025-05-30,0.32668161270159396,0.16314638276278975,0.29764876822694153,0.12901334139362539,0.08350989491504951
2025-06-02,0.32713274543245885,0.163384967908621,0.2974299373037772,0.1285436111778579,0.08350873817728507
2025-06-03,0.3271632398563899,0.16327203624909928,0.297427608016909,0.12860153768832638,0.08353557818927557
2025-06-04,0.3272312867325305,0.1632740082752329,0.297363592928556,0.12859004474738422,0.08354106731629642
2025-06-05,0.32738199502109455,0.16324783376672936,0.2973390043074015,0.12855430470400134,0.08347686220077319
2025-06-06,0.3272768474648273,0.16198180213195718,0.29907911285714556,0.12822082905979995,0.08344140848626988
2025-06-09,0.3240410427757885,0.16028867002182104,0.30583431261307215,0.12723073265416351,0.08260524193515478
2025-06-10,0.32312975207559647,0.15960524963448994,0.3074710258292171,0.126828352149748,0.08296562031094838
2025-06-11,0.323340266817373,0.1589972106155668,0.30778016301372324,0.12687217447827975,0.08301018507505724
2025-06-12,0.32277363797822994,0.15888619203861612,0.3085607526481835,0.1268133675227562,0.08296604981221414
2025-06-13,0.31978749611357404,0.1573107787844549,0.3150013145584486,0.12558697826652906,0.08231343227699339
2025-06-16,0.3199191436653656,0.1570958197861705,0.3152823783156106,0.12564528243014986,0.0820573758027033
2025-06-17,0.3196971511349294,0.15695044246814957,0.3157332160579839,0.12573407460794286,0.08188511573099412
2025-06-18,0.3191744288124013,0.15680804092069464,0.31640256895038216,0.12592481652581644,0.08169014479070534
2025-06-20,0.3192819624346409,0.15674486482439473,0.31626977812411483,0.1260292654709251,0.08167412914592442
2025-06-23,0.3193090665406746,0.1563225673900336,0.31659880520237715,0.12580972816519786,0.08195983270171679
2025-06-24,0.31906223779196197,0.1561288080525484,0.31707247353136564,0.1257925563353754,0.08194392428874851
2025-06-25,0.3190468253235989,0.1560751877317741,0.3170030195223589,0.12593902466056534,0.08193594276170277
2025-06-26,0.3191546035263657,0.1560352779404973,0.3169994182835062,0.12588029491694636,0.08193040533268448
2025-06-27,0.32186404363578036,0.15567312814880407,0.3161671966879937,0.12493566730064327,0.08135996422677864
2025-06-30,0.32214122519148003,0.15554762380436898,0.3161551896888456,0.12489430356340471,0.08126165775190076
2025-07-01,0.323031040028515,0.15557937101925565,0.3164341892200247,0.12365602036461058,0.08129937936759397
2025-07-02,0.32267448480559763,0.15534674895212883,0.3161423484535024,0.12469166370378518,0.08114475408498587
2025-07-03,0.32263174195626276,0.154168510154099,0.3166392968565097,0.12538175974859797,0.08117869128453048
2025-07-07,0.32365882878491037,0.15383381299643717,0.3160860845640078,0.12546873619656246,0.08095253745808224
2025-07-08,0.3236088976413951,0.1537106924726009,0.31599194757990595,0.1257505079848919,0.08093795432120612
2025-07-09,0.32336110396048784,0.1530924123483313,0.31636231688496375,0.1264922228890894,0.08069194391712783
2025-07-10,0.32093679300645367,0.1514660497127525,0.32389696745913055,0.1240406598816133,0.07965952994004993
2025-07-11,0.3200951007774701,0.15077842219099233,0.3250195566403132,0.12437707165633612,0.07972984873488825
2025-07-14,0.32039930975617215,0.15080288688964366,0.3250566544515671,0.12436107927081327,0.07938006963180384
2025-07-15,0.3202839521267032,0.15082254819847243,0.3254567501262643,0.12441596151410582,0.07902078803445418
2025-07-16,0.32004283749119444,0.15042775117853804,0.32562988633761225,0.12485869802315816,0.07904082696949694
2025-07-17,0.3208255753213332,0.14933523736230567,0.32588059399881997,0.12463340953432471,0.07932518378321646
2025-07-18,0.3269847133586717,0.1470320266917324,0.32586336015681205,0.12403751201074587,0.07608238778203799
2025-07-21,0.32665756929483464,0.14694902508251517,0.32605125245501504,0.12400081359790646,0.07634133956972859
2025-07-22,0.3286570641293947,0.14679314622953055,0.3247572250818683,0.12274394792674072,0.07704861663246573
2025-07-23,0.32845196988735775,0.1469237117183168,0.32427198256067435,0.12248378830658148,0.07786854752706977
2025-07-24,0.32981757902853787,0.14647852448518758,0.3252089550175558,0.12173823388012692,0.07675670758859167
2025-07-25,0.32970098196605124,0.1463770827433314,0.32506918720703365,0.12198725931756012,0.07686548876602348
2025-07-28,0.3303190083755413,0.14626566219776885,0.32454590114701815,0.12203515691471922,0.07683427136495255
2025-07-29,0.33104782651235554,0.1469693313855338,0.322694432530761,0.12228927010021226,0.07699913947113757
2025-07-30,0.33089924740667515,0.14760503668638253,0.32195356511917983,0.12246340155799872,0.0770787492297637
2025-07-31,0.331417117731464,0.14754200367212836,0.32125686049358354,0.12289660842690432,0.0768874096759198
2025-08-01,0.33152927756624717,0.1474029706275632,0.32141573457595485,0.12278676679952069,0.07686525043071418
2025-08-04,0.33194480874810606,0.14697488792677887,0.3213180488968738,0.12263076010492391,0.07713149432331727
2025-08-05,0.332719567684534,0.1458917695474862,0.32163064330138297,0.12267175769405195,0.07708626177254492
2025-08-06,0.3329328765149049,0.14578998714004868,0.3213752690294269,0.12268995945942573,0.07721190785619382
2025-08-07,0.33436931161824884,0.14514165931126013,0.3212785785533964,0.12262751210337657,0.076582938413718
2025-08-08,0.33470634547517275,0.14495487844506588,0.3293970839020278,0.1187025596082585,0.072239132569475
2025-08-11,0.33428051448736845,0.1439670531815168,0.32971014427843437,0.12024218475378456,0.07180010329889584
2025-08-12,0.3336458825692592,0.1435731294428639,0.3292030628237076,0.11984017780547765,0.07373774735869162
2025-08-13,0.34328049264492005,0.14217050885413945,0.32712485055023277,0.11655810987125216,0.07086603807945548
2025-08-14,0.34287316914989285,0.14222428997519546,0.32724100596301414,0.11644994628110014,0.07121158863079746
2025-08-15,0.34153868478531935,0.1423978526049582,0.32794748842457117,0.11707188090824525,0.07104409327690607
2025-08-18,0.3420689606669514,0.14229762000069876,0.3277038833604337,0.11685203536832896,0.07107750060358713
2025-08-19,0.34349056914032877,0.14198491482205403,0.3266923260124498,0.11679354542827929,0.0710386445968882
2025-08-20,0.3437758479478689,0.14189458101105257,0.3265396437387008,0.11689764219451235,0.07089228510786534
2025-08-21,0.34622385488139423,0.1415991814255128,0.3240458288908449,0.11689427830224673,0.07123685650000137
2025-08-22,0.3437121532826928,0.14061712880034136,0.3286464629278358,0.1161220658964024,0.07090218909272776
2025-08-25,0.34755826019379343,0.13768073083909538,0.32722268177052577,0.11576155970420754,0.07177676749237784
2025-08-26,0.3484239515940982,0.13726754022251178,0.3252900197223172,0.11660351903662357,0.07241496942444932
2025-08-27,0.34904209712827916,0.13682657216959385,0.3253645942575065,0.11639217055727441,0.07237456588734606
2025-08-28,0.35244726496656564,0.13638505192284503,0.32313318174533273,0.11619519546099151,0.07183930590426504
2025-08-29,0.3501285834727323,0.13551588479384796,0.3281976368173438,0.1147705873770265,0.0713873075390496
2025-09-02,0.35094088653523214,0.13634819963791445,0.32725902616489466,0.11458936097995558,0.07086252668200321
2025-09-03,0.3505401698399606,0.13660775091423177,0.3271948892684652,0.11473170239220457,0.07092548758513786
2025-09-04,0.35054371692156033,0.13642965152267947,0.3271919928183446,0.11489076128873205,0.07094387744868348
2025-09-05,0.3508070306202644,0.13622521284335057,0.32723558642637524,0.11475128414675055,0.07098088596325909
2025-09-08,0.3507215038171713,0.13605538651441051,0.32721871766428917,0.11534503887781226,0.07065935312631683
2025-09-09,0.3509550093969632,0.13620101275486848,0.3269097891618838,0.11535936893220225,0.07057481975408214
2025-09-10,0.3519173806628435,0.1361579520402658,0.3262572791610806,0.1152368317666109,0.07043055636919927
2025-09-11,0.3526379074964199,0.13651489395282868,0.3258969556239512,0.11472216751502051,0.07022807541177972
2025-09-12,0.3531456282992417,0.135509245988586,0.3276525782265525,0.11432168136221828,0.06937086612340161
2025-09-15,0.3539425936644696,0.1350325987970475,0.32758066698876415,0.11394754240839754,0.06949659814132127
2025-09-16,0.35390790036539815,0.13467548325428574,0.32821249592674734,0.11382431690833317,0.06937980354523572
2025-09-17,0.35428032713030216,0.13478463753070413,0.3273426754347892,0.11402512469072479,0.06956723521347953
2025-09-18,0.3564129449525853,0.1347253839016858,0.3256873895321451,0.11372303833522149,0.06945124327836227
2025-09-19,0.3569246978679983,0.13472969304942972,0.325985718561768,0.11345661314958559,0.06890327737121837
2025-09-22,0.35795636161416317,0.1343351827386492,0.3260546336347211,0.11295301079845259,0.068700811214014
2025-09-23,0.3580611974231473,0.13362709188587246,0.32753135352316576,0.11210985163841468,0.06867050552939985
2025-09-24,0.35826698087837366,0.13385151018635516,0.3267227520175629,0.11255705251257359,0.06860170440513479
2025-09-25,0.35803510950388723,0.13415940795017894,0.3266523559217367,0.11260839032466452,0.06854473629953262
2025-09-26,0.3581925007185625,0.13428398127345023,0.32668887602599667,0.11201927770303252,0.06881536427895807
2025-09-29,0.3587330966789514,0.13394056488793368,0.3266214838500009,0.11184445932782791,0.06886039525528609
2025-09-30,0.35948096776100663,0.1348403993607886,0.3234942206851103,0.11276797134402461,0.06941644084906981
2025-10-01,0.36061754104029503,0.13464711429791004,0.3224707210864324,0.11296498043635961,0.069299643139003
2025-10-02,0.35935277277643835,0.13468668559951155,0.32370338319403735,0.11274696010385653,0.0695101983261562
2025-10-03,0.36044885797598547,0.13425696900848016,0.3241655742490845,0.11189470819685879,0.06923389056959105
2025-10-06,0.3653736340320254,0.1359161626735904,0.3162222286073354,0.11287016833253573,0.06961780635451296
2025-10-07,0.3649135717966033,0.13598430410674422,0.3156138901906845,0.1131256452595258,0.07036258864644226
2025-10-08,0.3666315386382794,0.13649870155662364,0.3121515716836419,0.11377813427712834,0.0709400538443266
2025-10-09,0.366654334519326,0.1364827857461219,0.31218044244969123,0.11378907580438788,0.07089336148047298
2025-10-10,0.3674458979687137,0.1365762713002489,0.3109741806151555,0.11392352385767901,0.07108012625820291
2025-10-13,0.3718002749123024,0.13790967370178436,0.3040850766250213,0.11433434665972723,0.07187062810116458
2025-10-14,0.3861289560764511,0.14035233211708084,0.2830614127388835,0.1166824523400185,0.07377484672756601
2025-10-15,0.3876010709986681,0.14091889532294194,0.2802310872931237,0.11719873952512755,0.07405020686013888
2025-10-16,0.38910774275329496,0.14080588356591034,0.27878763822856883,0.1173158993984372,0.07398283605378862
2025-10-17,0.39114567706886105,0.14116244669431455,0.2771309085417076,0.11721945160966854,0.07334151608544824
2025-10-20,0.3927453974658462,0.14180461435570488,0.27393389666603457,0.1178198924711754,0.07369619904123888
2025-10-21,0.3917808330879401,0.1420588340702074,0.274576513715217,0.11802331111093,0.0735605080157055
2025-10-22,0.39193434248439063,0.1422155435176547,0.2738027877292595,0.11836764626659584,0.07367968000209939
2025-10-23,0.3921094869209166,0.14215062984124002,0.273788415059095,0.1183436553691952,0.07360781280955334
2025-10-24,0.3928243209117803,0.14245619549132732,0.2720821579065808,0.11885717704146463,0.07378014864884694
2025-10-27,0.3928850052116905,0.14252281006903533,0.2719519229576564,0.11888398451649324,0.07375627724512467
2025-10-28,0.39251468682391205,0.14268837339685925,0.27209266408275323,0.11896355311798322,0.07374072257849226
2025-10-29,0.39345898919614175,0.14240128775608502,0.27126834547554435,0.11912856362253654,0.07374281394969237
2025-10-30,0.39212926813870286,0.1423782710205222,0.2718955492685748,0.11979931467568121,0.07379759689651882
