,^SPX,AGG,IEF,VNQ,GLD
2023-08-02,0.04942846316343788,0.9505715368365621,0.0,2.2682834004090804e-17,0.0
2023-08-03,0.047638544123404805,0.9523614558765953,0.0,2.240913020130277e-17,0.0
2023-08-04,0.047419597747707695,0.9525804022522923,0.0,2.239638777984248e-17,0.0
2023-08-07,0.052562571783255865,0.9474374282167441,0.0,2.230039827292741e-17,0.0
2023-08-08,0.05207812920873238,0.9479218707912677,0.0,2.2315994516563818e-17,0.0
2023-08-09,0.049559714052566865,0.9504402859474332,0.0,2.2418619796155117e-17,0.0
2023-08-10,0.048802207271573694,0.9511977927284263,0.0,2.24309100835231e-17,0.0
2023-08-11,0.050167299327340154,0.9498327006726599,0.0,2.2332819015112677e-17,0.0
2023-08-14,0.05239139231004408,0.947608607689956,0.0,2.2813744133725202e-17,0.0
2023-08-15,0.05178667514175545,0.9482133248582446,0.0,2.2705380761725246e-17,0.0
2023-08-16,0.05297674316609847,0.9470232568339015,0.0,2.269906939765098e-17,0.0
2023-08-17,0.05265136857862974,0.9473486314213703,0.0,2.271901252133581e-17,0.0
2023-08-18,0.05227155699415836,0.9477284430058417,0.0,2.2701474491213396e-17,0.0
2023-08-21,0.052760681417011616,0.9472393185829885,0.0,2.2658110044962905e-17,0.0
2023-08-22,0.054298172807749644,0.9457018271922504,0.0,2.2106591283447207e-17,0.0
2023-08-23,0.05584757122681801,0.9441524287731821,0.0,2.204332468936477e-17,0.0
2023-08-24,0.05839449863990638,0.9416055013600937,0.0,2.231070192057026e-17,0.0
2023-08-25,0.05736826751017553,0.9426317324898245,0.0,2.1955934636868795e-17,0.0
2023-08-28,0.0570244924321194,0.9429755075678806,0.0,2.185227210419233e-17,0.0
2023-08-29,0.05831551959320113,0.9416844804067989,0.0,2.18548142881738e-17,0.0
2023-08-30,0.06046008174340939,0.9395399182565907,0.0,2.3512242534239967e-17,0.0
2023-08-31,0.060862443560508704,0.9391375564394914,0.0,2.3476970499529496e-17,0.0
2023-09-01,0.06078066366803085,0.9392193363319692,0.0,2.3672362680738502e-17,0.0
2023-09-05,0.06233493318127636,0.9376650668187237,0.0,2.35784710153876e-17,0.0
2023-09-06,0.06158256301505388,0.9384174369849462,0.0,2.3676702742741794e-17,0.0
2023-09-07,0.060311229906357386,0.9396887700936427,0.0,2.3821556245908155e-17,0.0
2023-09-08,0.059558931313986464,0.9404410686860136,0.0,2.3558290298625114e-17,0.0
2023-09-11,0.062297378774888,0.937702621225112,0.0,2.3522991794066805e-17,0.0
2023-09-12,0.06166109804460752,0.9383389019553925,0.0,2.3572191779314137e-17,0.0
2023-09-13,0.062075086733907915,0.9379249132660921,0.0,2.3819471435029255e-17,0.0
2023-09-14,0.06181353934529597,0.9381864606547041,0.0,2.403606531228973e-17,0.0
2023-09-15,0.0727839885992472,0.9272160114007528,0.0,2.611804944925131e-17,0.0
2023-09-18,0.07174101520301304,0.928258984796987,0.0,2.5842795232576638e-17,0.0
2023-09-19,0.07294634328525075,0.9270536567147493,0.0,2.5786909394194796e-17,0.0
2023-09-20,0.07326813293474131,0.9267318670652588,0.0,2.5975326112905375e-17,0.0
2023-09-21,0.07260817750475929,0.9273918224952408,0.0,2.5867219522940974e-17,0.0
2023-09-22,0.07120827006293065,0.9287917299370694,0.0,2.6060848609550727e-17,0.0
2023-09-25,0.07089794282819604,0.929102057171804,0.0,2.6875883934252572e-17,0.0
2023-09-26,0.07313922138838103,0.9268607786116191,0.0,2.6433387168592926e-17,0.0
2023-09-27,0.07417264013873383,0.9258273598612662,0.0,2.6653879441044954e-17,0.0
2023-09-28,0.07368231198356483,0.9263176880164352,0.0,2.670437889812325e-17,0.0
2023-09-29,0.07320559754283638,0.9267944024571637,0.0,2.6789964319819075e-17,0.0
2023-10-02,0.07480070260358192,0.9251992973964182,0.0,2.6647772101964607e-17,0.0
2023-10-03,0.08013518593729257,0.9198648140627075,0.0,2.6133325661716333e-17,0.0
2023-10-04,0.07980152118184536,0.9201984788181546,0.0,2.7321271622427728e-17,0.0
2023-10-05,0.08561813501976652,0.9143818649802335,0.0,2.7749210966218384e-17,0.0
2023-10-06,0.0908265695672964,0.9091734304327037,0.0,2.937724088588153e-17,0.0
2023-10-09,0.09171596180745102,0.908284038192549,0.0,2.8677212124852477e-17,0.0
2023-10-10,0.0946077043483507,0.9053922956516494,0.0,2.816540972174259e-17,0.0
2023-10-11,0.10138713801455748,0.8986128619854425,0.0,2.893236792269556e-17,0.0
2023-10-12,0.10225850468680588,0.8977414953131941,0.0,2.884355429540447e-17,0.0
2023-10-13,0.10285002198132309,0.8971499780186769,0.0,2.924446552509702e-17,0.0
2023-10-16,0.10402106821593932,0.8959789317840607,0.0,2.884036419688736e-17,0.0
2023-10-17,0.10614588315230894,0.8938541168476911,0.0,3.044910015775019e-17,0.0
2023-10-18,0.11336374183753001,0.88663625816247,0.0,3.0514620549984094e-17,0.0
2023-10-19,0.11568437455244931,0.8843156254475507,0.0,3.072305909731364e-17,0.0
2023-10-20,0.11574033502674874,0.8842596649732514,0.0,3.106353115787141e-17,0.0
2023-10-23,0.11637055981043755,0.8836294401895625,0.0,3.016612237993001e-17,0.0
2023-10-24,0.1177484838781297,0.8822515161218704,0.0,3.015265603206339e-17,0.0
2023-10-25,0.12072801694055103,0.8792311396560754,0.0,1.2202992046448692e-17,4.084340337366121e-05
2023-10-26,0.11810932094000284,0.8753094533525618,0.0,1.2815806663252715e-17,0.006581225707435431
2023-10-27,0.12414570923657904,0.8738327054392759,0.0,4.251870633290561e-18,0.002021585324145108
2023-10-30,0.12252198033447932,0.8743982585156602,0.0,3.674620085383814e-18,0.003079761149860521
2023-10-31,0.1212989108836197,0.8775941319562084,0.0,5.6141333287597645e-18,0.0011069571601719317
2023-11-01,0.12206210564573228,0.8772382474371945,0.0,5.776588927739225e-18,0.0006996469170732808
2023-11-02,0.12273381621021387,0.8639223366332551,0.0,9.558780373378243e-18,0.01334384715653113
2023-11-03,0.11856164394042291,0.8655265508042057,0.0,9.44277620717659e-18,0.01591180525537149
2023-11-06,0.12240978874639619,0.8585692052822147,0.0,9.10183679176694e-18,0.01902100597138911
2023-11-07,0.12505912077055806,0.8568436654612752,0.0,1.032474577902023e-17,0.018097213768166788
2023-11-08,0.12665438788418384,0.8475077653497891,0.0,8.20345045107065e-18,0.025837846766027094
2023-11-09,0.12598216264927728,0.8454677557208526,0.0,9.60816563623792e-18,0.028550081629870182
2023-11-10,0.12590475881945384,0.8320515161921885,0.0,7.014931862694052e-18,0.04204372498835758
2023-11-13,0.1260862374923544,0.8276532785453935,0.0,1.540055659444774e-17,0.04626048396225211
2023-11-14,0.165736697035612,0.7710236828164793,0.0,2.800714221069236e-18,0.06323962014790871
2023-11-15,0.1626874941598398,0.7696444358281517,0.0,4.5423872081203154e-18,0.06766807001200856
2023-11-16,0.16539467983138342,0.7669633660448032,0.0,5.170773215680744e-18,0.06764195412381332
2023-11-17,0.16670110940983549,0.7698082512238018,0.0,5.18806029472252e-18,0.06349063936636268
2023-11-20,0.164638037153672,0.7736555931883121,0.0,5.103705454956738e-18,0.061706369658015896
2023-11-21,0.16403297555590385,0.7725928256442337,0.0,4.799337120611466e-18,0.06337419879986238
2023-11-22,0.16394162374950255,0.7729439001203215,0.0,5.01510077296622e-18,0.063114476130176
2023-11-24,0.1641421003450301,0.7716911482793023,0.0,6.812837946287049e-18,0.06416675137566771
2023-11-27,0.16707202796311046,0.7684345963720913,0.0,8.09408504274364e-18,0.06449337566479815
2023-11-28,0.1685294710457923,0.7672030392689041,0.0,7.230462150270188e-18,0.06426748968530369
2023-11-29,0.1692270595361154,0.7690386109832287,0.0,8.756665785189472e-18,0.06173432948065592
2023-11-30,0.17333042307484503,0.7615175172279481,0.0,2.9583846905060008e-18,0.0651520596972069
2023-12-01,0.17379687686202921,0.7629387174571882,0.0,0.0,0.06326440568078263
2023-12-04,0.18790798976821954,0.7492343449128015,0.0,5.2478444577896975e-18,0.06285766531897895
2023-12-05,0.1841141737065799,0.7554263396718234,0.0,9.962638764781198e-19,0.06045948662159677
2023-12-06,0.18510435055428226,0.7523719631718915,0.0,3.1534921466713927e-18,0.06252368627382637
2023-12-07,0.1909524422413664,0.7390283978325021,0.0,2.208183781122013e-18,0.07001915992613145
2023-12-08,0.19089509565381796,0.739160755658405,0.0,3.547660869041471e-18,0.06994414868777699
2023-12-11,0.1888228557688357,0.7440275655444731,0.0,5.4484412195598565e-18,0.06714957868669111
2023-12-12,0.1883764960757357,0.7448055775332069,0.0,6.582834572789942e-18,0.06681792639105744
2023-12-13,0.18869655491507042,0.7473907183115478,0.0,5.298641646364349e-18,0.06391272677338182
2023-12-14,0.18942247056520248,0.7568876895303158,0.0,1.2118790176340689e-17,0.05368983990448168
2023-12-15,0.19158172938149975,0.7483448700182108,0.0,4.114883151189308e-18,0.06007340060028939
2023-12-18,0.1917017451615703,0.7495579577026177,0.0,6.432679753609103e-18,0.05874029713581202
2023-12-19,0.19900217803553433,0.7349152002050202,0.0,1.4680976796317326e-17,0.06608262175944547
2023-12-20,0.2001684316090922,0.7375470053183729,0.0,1.6862203026001148e-17,0.06228456307253494
2023-12-21,0.2004651662126724,0.7392844096150504,0.0,1.4922071213229092e-17,0.06025042417227716
2023-12-22,0.19760450643988653,0.7505703208944725,0.0,1.4248780836225496e-17,0.051825172665640976
2023-12-26,0.20026583731718098,0.7490672650867709,0.0,1.5300645872425284e-17,0.05066689759604811
2023-12-27,0.20329836147081118,0.7430089596897573,0.0,2.2556373792941813e-17,0.05369267883943156
2023-12-28,0.20402935688230822,0.7421091276835781,0.0,2.0549129815813562e-17,0.05386151543411378
2023-12-29,0.20300787510056298,0.7511598555149263,0.0,1.642584306720559e-17,0.04583226938451076
2024-01-02,0.2053123805301716,0.747611224766061,0.0,1.5196487312820434e-17,0.047076394703767475
2024-01-03,0.2091995471363753,0.7417897229839231,0.0,1.4320478161431234e-17,0.049010729879701585
2024-01-04,0.20764614062363262,0.7478573595534918,0.0,2.3750444759962397e-17,0.0444964998228757
2024-01-05,0.20579707618049906,0.7477499218143075,0.0,2.527383433225094e-17,0.04645300200519347
2024-01-08,0.20660743450670743,0.7449588835841242,0.0,2.207258679085053e-17,0.04843368190916844
2024-01-09,0.20701966536791425,0.7362925621625407,0.0,1.2075735578810138e-17,0.056687772469545025
2024-01-10,0.2154602164613258,0.7189899439627282,0.0,9.045142472312857e-18,0.06554983957594601
2024-01-11,0.215348443396648,0.7192010930855917,0.0,8.644288253270427e-18,0.06545046351776036
2024-01-12,0.21610726319105744,0.7179299070906258,0.0,1.2662494295498283e-17,0.06596282971831674
2024-01-16,0.21807628199659682,0.7206159212356965,0.0,1.7063183858494937e-17,0.0613077967677067
2024-01-17,0.21775812794743785,0.7201521904511614,0.0,1.6559657110626122e-17,0.06208968160140087
2024-01-18,0.21618639243323545,0.7261813891724832,0.0,2.754617110627478e-17,0.057632218394281315
2024-01-19,0.21557397364767641,0.7270180673325994,0.0,2.1496961391094577e-17,0.05740795901972415
2024-01-22,0.20853560745723693,0.7391888519224805,0.0,2.4695135830952317e-17,0.052275540620282626
2024-01-23,0.20918434085449716,0.7417025401578913,0.0,1.9767619276692594e-17,0.04911311898761151
2024-01-24,0.2102237558313618,0.7398799518849347,0.0,2.153499324094841e-17,0.049896292283703535
2024-01-25,0.21081752588308011,0.7400815511086339,0.0,2.9018549400236816e-17,0.04910092300828583
2024-01-26,0.20979810464886442,0.7412328459290571,0.0,2.981547374986301e-17,0.04896904942207848
2024-01-29,0.20969832512278866,0.7410877323797974,0.0,2.961451376187646e-17,0.04921394249741389
2024-01-30,0.20909027389809334,0.7431275349099571,0.0,2.9711664832000356e-17,0.04778219119194956
2024-01-31,0.20914246659387298,0.7429990603963187,0.0,2.9841421219977764e-17,0.047858473009808424
2024-02-01,0.21192705757645688,0.7399908355709174,0.0,2.297658778391838e-17,0.048082106852625796
2024-02-02,0.21259839747790493,0.7421686415515182,0.0,2.3993838477587898e-17,0.04523296097057693
2024-02-05,0.21945938956971572,0.7312592977491215,0.0,1.2722085703940227e-17,0.049281312681162905
2024-02-06,0.2229324786063626,0.7311325807280316,0.0,1.1272402047857633e-17,0.045934940665605876
2024-02-07,0.22557126953200163,0.7137315929328106,0.0,2.066851582993473e-18,0.06069713753518785
2024-02-08,0.2256750697957496,0.7170834160125389,0.0,0.0,0.05724151419171159
2024-02-09,0.22723837518682716,0.7146662519585761,0.0,6.70656620913989e-18,0.05809537285459676
2024-02-12,0.22825604795974086,0.7134547786628341,0.0,9.212563098321891e-18,0.05828917337742505
2024-02-13,0.2300865201347016,0.7095268883664486,0.0,8.190896817080083e-18,0.06038659149884988
2024-02-14,0.22566041639907758,0.7203450390708223,0.0,9.629047182174661e-18,0.05399454453010025
2024-02-15,0.22618350620977767,0.7205331763073176,0.0,9.15519949190234e-18,0.05328331748290477
2024-02-16,0.2251551078998411,0.7237992247702382,0.0,1.5960536299316688e-17,0.051045667329920795
2024-02-20,0.22456162528084164,0.7213394420054314,0.0,1.5141191395666678e-17,0.05409893271372694
2024-02-21,0.22791581146236473,0.7190986032658101,0.0,1.5871033499281964e-17,0.052985585271825224
2024-02-22,0.2280690795336056,0.7183909232620195,0.0,1.7041284380611006e-17,0.053539997204374926
2024-02-23,0.22970781932091106,0.7218277826932086,0.0,7.814200483251928e-18,0.04846439798588041
2024-02-26,0.22999521562463848,0.7226179159765044,0.0,3.3629379794456043e-18,0.0473868683988572
2024-02-27,0.22967651328691457,0.7244223898114325,0.0,4.300804591432517e-18,0.045901096901653005
2024-02-28,0.23214539014904473,0.7205600823440463,0.0,2.7007619255925186e-18,0.04729452750690904
2024-02-29,0.23238260193761112,0.7199847124362034,0.0,9.512285570636005e-19,0.04763268562618553
2024-03-01,0.2321678172335257,0.7212130896539034,0.0,1.616823651368764e-18,0.04661909311257101
2024-03-04,0.2306269243201992,0.7351596705159867,0.0,9.73706912311875e-18,0.03421340516381406
2024-03-05,0.23076117058999354,0.73203472677872,0.0,2.0634303241262426e-17,0.03720410263128657
2024-03-06,0.23612976877374783,0.7241927981700298,0.0,2.036098789139877e-17,0.039677433056222365
2024-03-07,0.23544285233704593,0.7255980870342554,0.0,2.0550128427673188e-17,0.038959060628698736
2024-03-08,0.23908534423615305,0.7143691752084389,0.0,6.2321635542762834e-18,0.0465454805554081
2024-03-11,0.23862073321089333,0.7143215115629501,0.0,8.02957045280222e-18,0.04705775522615661
2024-03-12,0.24084296362635896,0.7124399237086005,0.0,6.560758293409999e-18,0.04671711266504056
2024-03-13,0.23253940874245024,0.7171689927722741,0.0,2.36765627509431e-18,0.05029159848527566
2024-03-14,0.2291288920281271,0.7117109242710228,0.0,0.0,0.05916018370085013
2024-03-15,0.22860327418858745,0.7113629707277213,0.0,0.0,0.06003375508369139
2024-03-18,0.22126831316286194,0.7212631033857165,0.0,0.0,0.05746858345142145
2024-03-19,0.2222276760691938,0.7198799472781637,0.0,1.3751867469822747e-17,0.057892376652642484
2024-03-20,0.21815085823963162,0.7161204299966142,0.0,1.9183645493338296e-17,0.06572871176375421
2024-03-21,0.21558317742545063,0.7226844400036383,0.0,1.687337892271867e-17,0.06173238257091098
2024-03-22,0.2146781824343933,0.7221267426598156,0.0,9.508413310206928e-18,0.06319507490579114
2024-03-25,0.2074005807619482,0.7255517859070831,0.0,9.38176684371776e-18,0.06704763333096878
2024-03-26,0.2070174126294496,0.7223638770088607,0.0,1.2705343888330562e-17,0.07061871036168972
2024-03-27,0.20729144361193988,0.7237579119654504,0.0,2.460918548154037e-17,0.06895064442260974
2024-03-28,0.19932300375247022,0.7342626953127883,0.0,3.2647056856622953e-17,0.06641430093474143
2024-04-01,0.1994207460151332,0.7350334990154792,0.0,3.830388792754478e-17,0.06554575496938758
2024-04-02,0.2035998758340874,0.7242907751537948,0.0,2.349024683876107e-17,0.07210934901211791
2024-04-03,0.2035677315889864,0.7210908071427193,0.0,1.7447346362289363e-17,0.07534146126829437
2024-04-04,0.20707869012100635,0.7238362553226729,0.0,1.9352850927926114e-17,0.06908505455632066
2024-04-05,0.20502984365731364,0.726173320875203,0.0,1.587003844939645e-17,0.06879683546748329
2024-04-08,0.20344853790040368,0.723724387318116,0.0,1.1079382012588221e-17,0.0728270747814804
2024-04-09,0.20266610523105727,0.7248579999912322,0.0,1.3096240417226052e-17,0.07247589477771053
2024-04-10,0.20309778176402746,0.7244142549915908,0.0,1.3420192556687283e-17,0.07248796324438164
2024-04-11,0.20159002144256913,0.7233749009037692,0.0,9.380487975202338e-18,0.07503507765366174
2024-04-12,0.20047991217423067,0.728728230889806,0.0,8.126082266204044e-18,0.07079185693596338
2024-04-15,0.1974578544087573,0.7350523120884237,0.0,8.03175319026412e-18,0.06748983350281908
2024-04-16,0.19675349713518553,0.7211337323716399,0.0,1.6715324047162178e-17,0.0821127704931746
2024-04-17,0.19565788924381214,0.7152210438039526,0.0,9.994052526470569e-18,0.08912106695223529
2024-04-18,0.19476062982199277,0.7146561097135643,0.0,9.072478572430676e-18,0.09058326046444297
2024-04-19,0.19454371142305316,0.7136074707180402,0.0,9.774317894843141e-18,0.09184881785890658
2024-04-22,0.19380482875996038,0.713633483363153,0.0,7.890864603764072e-18,0.09256168787688655
2024-04-23,0.1922979281144141,0.7159951037881918,0.0,8.361988258063985e-18,0.09170696809739425
2024-04-24,0.18987723047206856,0.7154684528636787,0.0,8.144087148210632e-18,0.09465431666425288
2024-04-25,0.1893768595442605,0.7162930591072539,0.0,7.716853897990827e-18,0.09433008134848567
2024-04-26,0.18605224200611037,0.7181496245136092,0.0,1.0757399553687074e-17,0.09579813348028043
2024-04-29,0.1845802350878628,0.7188873648644556,0.0,8.824878069799155e-18,0.09653240004768161
2024-04-30,0.18597465270248395,0.7163054077137625,0.0,3.497767537358226e-18,0.09771993958375352
2024-05-01,0.1802566345952287,0.7338048291020067,0.0,7.462726098864408e-18,0.08593853630276461
2024-05-02,0.17659354742191544,0.7414200310882886,0.0,9.233657672524503e-18,0.08198642148979601
2024-05-03,0.16418387937715062,0.745845788933743,0.0,7.447241175224199e-18,0.08997033168910638
2024-05-06,0.15874548692494414,0.7474986411363703,0.0,8.498652076024619e-18,0.09375587193868552
2024-05-07,0.15785245031451287,0.7513308977466124,0.0,4.807197328326926e-18,0.09081665193887467
2024-05-08,0.1560652574176272,0.7512262025934203,0.0,3.1923451574932917e-18,0.09270853998895248
2024-05-09,0.15480833135544483,0.7545722912269464,0.0,4.4659278160957804e-18,0.09061937741760862
2024-05-10,0.15491800287656254,0.7584702884927195,0.0,1.2358554166515378e-17,0.08661170863071796
2024-05-13,0.1541698608468777,0.761906096661271,0.0,1.3065508992727124e-17,0.08392404249185137
2024-05-14,0.1537355871475367,0.7640534080879003,0.0,6.753480090551344e-18,0.08221100476456297
2024-05-15,0.15249868710704878,0.7676662856882921,0.0,7.060720896011328e-18,0.07983502720465911
2024-05-16,0.1498300764327005,0.773797328272251,0.0,9.038156153041848e-18,0.07637259529504856
2024-05-17,0.15087371641256567,0.7700365574816834,0.0,0.0,0.07908972610575096
2024-05-20,0.15112873137307764,0.7680764813514318,0.0,6.628693026125167e-19,0.08079478727549066
2024-05-21,0.14724328102745982,0.7690760664751374,0.0,2.041517609403694e-18,0.08368065249740281
2024-05-22,0.14736009752724222,0.769723040593243,0.0,1.5267291014628446e-18,0.08291686187951475
2024-05-23,0.14718592777288672,0.7738190413839359,0.0,6.97328437589149e-18,0.07899503084317734
2024-05-24,0.14671903324063987,0.780671163015389,0.0,1.781422445572927e-17,0.07260980374397125
2024-05-28,0.1476227731790315,0.7780388142282305,0.0,1.2304729351327717e-17,0.07433841259273802
2024-05-29,0.14565335970309348,0.7754204351934344,0.0,1.224961661761516e-17,0.07892620510347194
2024-05-30,0.1464709211967614,0.776431526131309,0.0,1.2858697308810347e-17,0.07709755267192968
2024-05-31,0.14564799627562838,0.776939338386579,0.0,5.55357482684134e-18,0.07741266533779263
2024-06-03,0.1429247101327672,0.7776625891668105,0.0,8.470082644379492e-18,0.07941270070042233
2024-06-04,0.14747705749240322,0.7731900586895369,0.0,1.0737797331171589e-17,0.07933288381805985
2024-06-05,0.1418953330488369,0.7738359750598844,0.0,5.709095227985384e-18,0.0842686918912785
2024-06-06,0.13909036212870526,0.779061242654969,0.0,1.736894052456441e-18,0.08184839521632577
2024-06-07,0.13922640683174956,0.7792400211323628,0.0,2.180850908553697e-18,0.08153357203588767
2024-06-10,0.14698312773443287,0.7880456704080403,0.0,9.094183157971975e-18,0.06497120185752697
2024-06-11,0.1466122515852661,0.7856568705112901,0.0,1.1668221645425645e-17,0.06773087790344387
2024-06-12,0.14647896762096638,0.7854194534442515,0.0,1.2476605593314634e-17,0.06810157893478219
2024-06-13,0.14658745451642227,0.7849678138964625,0.0,1.3612611908674551e-17,0.06844473158711507
2024-06-14,0.14383109427173382,0.7835751420465896,0.0,1.3399552917971868e-17,0.07259376368167657
2024-06-17,0.1441996834038011,0.78430529845245,0.0,1.3887206838640874e-17,0.07149501814374873
2024-06-18,0.149204458518259,0.780428381702178,0.0,1.161174880187937e-17,0.07036715977956305
2024-06-20,0.15009321147666232,0.779831491032863,0.0,1.1513658837630999e-17,0.0700752974904747
2024-06-21,0.14995734750771875,0.778698279409973,0.0,7.562120879377662e-18,0.07134437308230825
2024-06-24,0.14979256307408204,0.7804686813847279,0.0,6.211529871119836e-18,0.06973875554119004
2024-06-25,0.14653539937298987,0.7818808126853803,0.0,7.833297755807121e-18,0.07158378794162977
2024-06-26,0.1455131677433944,0.7829132638856787,0.0,4.9679141587654244e-18,0.07157356837092683
2024-06-27,0.14755429315750543,0.7825204625127801,0.0,1.0417140555375657e-17,0.06992524432971452
2024-06-28,0.14749554219653505,0.7835914410070329,0.0,1.0552470189530606e-17,0.06891301679643207
2024-07-01,0.14676166998912482,0.7836500669075455,0.0,1.1988715920077181e-17,0.06958826310332955
2024-07-02,0.143524251073839,0.7869338604188733,0.0,3.341440473657682e-18,0.0695418885072876
2024-07-03,0.1458006156015245,0.7831681615533133,0.0,4.694336291269371e-18,0.07103122284516235
2024-07-05,0.14644121457354778,0.7844840366627751,0.0,3.4512472848599878e-18,0.06907474876367721
2024-07-08,0.14627193306855446,0.7873266492067904,0.0,2.9298163080214223e-18,0.0664014177246552
2024-07-09,0.1478454271115249,0.7877310546221183,0.0,2.6395701262902775e-18,0.06442351826635678
2024-07-10,0.14794909472752876,0.7875840185725916,0.0,2.617819947756037e-18,0.06446688669987946
2024-07-11,0.14615168504222825,0.7898585588830552,0.0,2.897871584729306e-18,0.06398975607471635
2024-07-12,0.1518443520888305,0.7871270535077646,0.0,0.0,0.06102859440340496
2024-07-15,0.14999108794374108,0.785824119095323,0.0,0.0,0.06418479296093589
2024-07-16,0.15206440985266326,0.785318873143859,0.0,0.0,0.06261671700347766
2024-07-17,0.1508452666782297,0.7913666434112626,0.0,0.0,0.05778808991050768
2024-07-18,0.1483672363482906,0.7944946494448845,0.0,0.0,0.05713811420682502
2024-07-19,0.14736720572005618,0.7952272501390583,0.0,0.0,0.05740554414088559
2024-07-22,0.14573997100919384,0.8012139031272505,0.0,0.0,0.05304612586355555
2024-07-23,0.14590752244404012,0.800883221908246,0.0,0.0,0.05320925564771388
2024-07-24,0.1458148886006933,0.8009406773988289,0.0,0.0,0.05324443400047779
2024-07-25,0.13459624466105363,0.8112358447250676,0.0,0.0,0.054167910613878836
2024-07-26,0.13471903814973682,0.8108042550221388,0.0,0.0,0.054476706828124444
2024-07-29,0.13144000406275802,0.8153426772042615,0.0,0.0,0.053217318732980516
2024-07-30,0.12976911483755027,0.8124857383077817,0.0,0.0,0.057745146854668125
2024-07-31,0.13194458767761114,0.8098235187850431,0.0,0.0,0.05823189353734584
2024-08-01,0.1269460313369829,0.819298914024208,0.0,0.0,0.05375505463880916
2024-08-02,0.12648638855977246,0.8174130676360644,0.0,0.0,0.056100543804163204
2024-08-05,0.1435630460377385,0.796913686718603,0.0,0.0,0.0595232672436585
2024-08-06,0.13039149734835095,0.8144108968471508,0.0,0.0,0.05519760580449825
2024-08-07,0.1300179035906887,0.8171114224785734,0.0,0.0,0.05287067393073802
2024-08-08,0.12912215495735058,0.8176402304731974,0.0,0.0,0.05323761456945202
2024-08-09,0.12557000577166214,0.8230841602827014,0.0,0.0,0.05134583394563655
2024-08-12,0.12578537952803687,0.8222652237035796,0.0,0.0,0.05194939676838361
2024-08-13,0.12421224839614871,0.8266980659107721,0.0,0.0,0.04908968569307912
2024-08-14,0.11947557050171921,0.8293614445293168,0.0,0.0,0.05116298496896395
2024-08-15,0.11901765396515394,0.8290005663611161,0.0,0.0,0.051981779673729946
2024-08-16,0.12387948749463376,0.8241125979391772,0.0,0.0,0.05200791456618902
2024-08-19,0.1259314101282259,0.8246550214508407,0.0,0.0,0.04941356842093339
2024-08-20,0.12615425218638482,0.8239917322687784,0.0,0.0,0.049854015544836795
2024-08-21,0.12664921892771364,0.8237663701984117,0.0,0.0,0.049584410873874725
2024-08-22,0.12393198316738849,0.8271120347360645,0.0,0.0,0.048955982096546925
2024-08-23,0.12234154857404957,0.8310747916690538,0.0,0.0,0.046583659756896566
2024-08-26,0.12100383162926961,0.8340677358472258,0.0,0.0,0.04492843252350452
2024-08-27,0.12392987795779023,0.8316175226133231,0.0,0.0,0.04445259942888669
2024-08-28,0.12383110237254132,0.8316943166531143,0.0,0.0,0.04447458097434442
2024-08-29,0.12365578431068554,0.8326935180876313,0.0,0.0,0.04365069760168316
2024-08-30,0.127078379973397,0.8284162884898916,0.0,0.0,0.044505331536711455
2024-09-03,0.12826239112472074,0.8278515869897067,0.0,0.0,0.04388602188557251
2024-09-04,0.12845903751588378,0.8277000643766377,0.0,0.0,0.043840898107478515
2024-09-05,0.12795950779035808,0.8285844285676801,0.0,0.0,0.04345606364196187
2024-09-06,0.12820942012530584,0.8277490285757256,0.0,0.0,0.04404155129896847
2024-09-09,0.12691829659637452,0.8292602990901657,0.0,0.0,0.04382140431345987
2024-09-10,0.12477851305897186,0.8315657015837511,0.0,0.0,0.04365578535727713
2024-09-11,0.12463561449847266,0.8317878122716724,0.0,0.0,0.043576573229855024
2024-09-12,0.1240425222452442,0.8322878970137583,0.0,0.0,0.043669580740997554
2024-09-13,0.1242958310920818,0.8321429426836351,0.0,0.0,0.043561226224283135
2024-09-16,0.12406294073797258,0.833395773556175,0.0,0.0,0.04254128570585249
2024-09-17,0.12385192775284669,0.8333215605886332,0.0,0.0,0.042826511658520146
2024-09-18,0.12676787939854461,0.8329091038753309,0.0,0.0,0.04032301672612446
2024-09-19,0.1267856128964796,0.8337573073767274,0.0,0.0,0.039457079726792965
2024-09-20,0.12478287661708397,0.8373960111404785,0.0,0.0,0.037821112242437636
2024-09-23,0.1258001670911997,0.8359401812335954,0.0,0.0,0.038259651675205016
2024-09-24,0.13136266246657277,0.8307963530962809,0.0,0.0,0.03784098443714633
2024-09-25,0.13029097555545355,0.8328238759181231,0.0,0.0,0.03688514852642333
2024-09-26,0.1257833174695881,0.8368395253856192,0.0,0.0,0.03737715714479274
2024-09-27,0.12890597581866214,0.8328384980201451,0.0,0.0,0.03825552616119282
2024-09-30,0.12792719082935658,0.8308435140950616,0.0,0.0,0.04122929507558179
2024-10-01,0.12954749085799752,0.8314115326444794,0.0,0.0,0.039040976497523194
2024-10-02,0.1303764864684071,0.829884113446411,0.0,0.0,0.03973940008518193
2024-10-03,0.12744056931591008,0.8305561222093272,0.0,0.0,0.042003308474762795
2024-10-04,0.13204648539264133,0.8280783812952475,0.0,0.0,0.03987513331211126
2024-10-07,0.1371338538822792,0.8257278928904023,0.0,0.0,0.03713825322731859
2024-10-08,0.1350889348198517,0.8276189126824384,0.0,0.0,0.03729215249770999
2024-10-09,0.1322807963493865,0.8297850434000176,0.0,0.0,0.037934160250595914
2024-10-10,0.12982164896144358,0.8287223523828585,0.0,0.0,0.04145599865569794
2024-10-11,0.1293400855589595,0.8286992338161068,0.0,0.0,0.0419606806249338
2024-10-14,0.12877273685851368,0.829286025198566,0.0,0.0,0.04194123794292043
2024-10-15,0.1285218828118886,0.8315440232868219,0.0,0.0,0.03993409390128951
2024-10-16,0.12646080228243814,0.8277697430040357,0.0,0.0,0.04576945471352613
2024-10-17,0.12223012912803917,0.8313384595201667,0.0,0.0,0.046431411351794134
2024-10-18,0.120800597872685,0.8329701898671643,0.0,0.0,0.04622921226015067
2024-10-21,0.12548139522876092,0.8350699229014865,0.0,0.0,0.03944868186975261
2024-10-22,0.1293302013884564,0.8335382459841459,0.0,0.0,0.03713155262739772
2024-10-23,0.12831290692966268,0.834385056367971,0.0,0.0,0.03730203670236634
2024-10-24,0.12600446055676556,0.8396951982184725,0.0,0.0,0.034300341224762027
2024-10-25,0.1270443891696512,0.8401384488117669,0.0,0.0,0.03281716201858195
2024-10-28,0.13289820516535722,0.8401655509821103,0.0,0.0,0.02693624385253246
2024-10-29,0.12872141702213788,0.8445831204858095,0.0,0.0,0.026695462492052725
2024-10-30,0.12948944804154688,0.8451014026881383,0.0,0.0,0.025409149270314905
2024-10-31,0.12779514226821714,0.8456432716637545,0.0,0.0,0.026561586068028428
2024-11-01,0.12378794106405423,0.8516736717772722,0.0,0.0,0.024538387158673645
2024-11-04,0.12709099671473756,0.8577674830921531,0.0,0.0,0.015141520193109428
2024-11-05,0.13488646816577135,0.8526899320093658,0.0,0.0,0.01242359982486288
2024-11-06,0.13417548526012435,0.8541803691715764,0.0,0.0,0.011644145568299357
2024-11-07,0.1418364825023642,0.8522146653358378,0.0,0.0,0.005948852161798069
2024-11-08,0.14257526084376787,0.8570050443060003,0.0,0.0,0.0004196948502317784
2024-11-11,0.14203284911229325,0.8579671508877067,0.0,0.0,0.0
2024-11-12,0.1427096685483809,0.8572903314516191,0.0,0.0,0.0
2024-11-13,0.1462807041571381,0.8537192958428619,0.0,0.0,0.0
2024-11-14,0.14633000386488065,0.8536699961351193,0.0,0.0,0.0
2024-11-15,0.15018125173431268,0.8498187482656873,0.0,0.0,0.0
2024-11-18,0.14590780784567023,0.8540921921543297,0.0,0.0,0.0
2024-11-19,0.14437678271992568,0.8556232172800743,0.0,0.0,0.0
2024-11-20,0.1440868225735295,0.8559131774264704,0.0,0.0,0.0
2024-11-21,0.14472296905533427,0.8552770309446657,0.0,0.0,0.0
2024-11-22,0.14467640032165008,0.8553235996783499,0.0,0.0,0.0
2024-11-25,0.1447316685635577,0.8552683314364423,0.0,0.0,0.0
2024-11-26,0.14682108456656667,0.8531789154334334,0.0,0.0,0.0
2024-11-27,0.14500954009453912,0.8549904599054609,0.0,0.0,0.0
2024-11-29,0.14472871168011364,0.8552712883198864,0.0,0.0,0.0
2024-12-02,0.14304470376368453,0.8569552962363155,0.0,0.0,0.0
2024-12-03,0.1420157625806741,0.857984237419326,0.0,0.0,0.0
2024-12-04,0.14032875580968618,0.8596712441903138,0.0,0.0,0.0
2024-12-05,0.139528848237631,0.8561831496662352,0.0,0.0,0.004288002096133811
2024-12-06,0.13750997742698615,0.8608940604337504,0.0,0.0,0.0015959621392634881
2024-12-09,0.1369621242959176,0.8609209898575377,0.0,0.0,0.0021168858465447386
2024-12-10,0.13582883875562626,0.8596422582475053,0.0,0.0,0.004528902996868435
2024-12-11,0.13247295392192018,0.8593118522893038,0.0,0.0,0.0082151937887761
2024-12-12,0.13310469213600298,0.8582763600424802,0.0,0.0,0.008618947821516837
2024-12-13,0.13345882463837241,0.8612649258821914,0.0,0.0,0.005276249479436257
2024-12-16,0.13324390070487255,0.8576127893804026,0.0,0.0,0.00914330991472488
2024-12-17,0.13048385160760417,0.8609290029039515,0.0,0.0,0.008587145488444385
2024-12-18,0.12984580399034534,0.8607319929954894,0.0,0.0,0.00942220301416526
2024-12-19,0.11571995789190054,0.8786831943512609,0.0,0.0,0.005596847756838679
2024-12-20,0.11605421750782127,0.8776779472131542,0.0,0.0,0.006267835279024577
2024-12-23,0.11328213054117202,0.8816543560543593,0.0,0.0,0.00506351340446873
2024-12-24,0.11514317262479543,0.8801543747656825,0.0,0.0,0.0047024526095221265
2024-12-26,0.11384105439556141,0.8814419451201398,0.0,0.0,0.004717000484298828
2024-12-27,0.11397705770592652,0.8809618848122927,0.0,0.0,0.005061057481780876
2024-12-30,0.11025820356075562,0.885569615926902,0.0,0.0,0.004172180512342496
2024-12-31,0.111778567882453,0.8830828821570007,0.0,0.0,0.005138549960546368
2025-01-02,0.11143786740084523,0.882756246485685,0.0,0.0,0.005805886113469843
2025-01-03,0.11198866708246527,0.8825187654005038,0.0,0.0,0.005492567517030934
2025-01-06,0.11204562315462765,0.8820506577835941,0.0,0.0,0.005903719061778171
2025-01-07,0.11250441070421163,0.8825219190300662,0.0,0.0,0.004973670265722274
2025-01-08,0.10931219642758122,0.8834737775521954,0.0,0.0,0.007214026020223449
2025-01-10,0.11288012126404219,0.8836102105083752,0.0,0.0,0.0035096682275827388
2025-01-13,0.10732592020173236,0.883498471993629,0.0,0.0,0.009175607804638705
2025-01-14,0.10697557860513275,0.8841245841431017,0.0,0.0,0.008899837251765623
2025-01-15,0.10510889871192282,0.8868040522878518,0.0,0.0,0.008087049000225506
2025-01-16,0.0993256454974324,0.8899280877459504,0.0,0.0,0.010746266756617261
2025-01-17,0.09833533785164547,0.8899367158064521,0.0,0.0,0.011727946341902532
2025-01-21,0.09827663124689885,0.8882745781129605,0.0,0.0,0.013448790640140684
2025-01-22,0.0976514473555254,0.8908061348108078,0.0,0.0,0.011542417833666876
2025-01-23,0.09913721793573566,0.8889960909703487,0.0,0.0,0.011866691093915714
2025-01-24,0.09966249085646034,0.8891356181496098,0.0,0.0,0.011201890993929915
2025-01-27,0.09959942796763589,0.8898636634991576,0.0,0.0,0.010536908533206572
2025-01-28,0.10246764952617943,0.8842545764751895,0.0,0.0,0.01327777399863114
2025-01-29,0.10231543175318165,0.884923425176134,0.0,0.0,0.012761143070684466
2025-01-30,0.10202008341355778,0.8853808797309578,0.0,0.0,0.012599036855484502
2025-01-31,0.10257521599839159,0.8856111940211848,0.0,0.0,0.011813589980423601
2025-02-03,0.10166509953277159,0.8861243378233545,0.0,0.0,0.01221056264387395
2025-02-04,0.09889544318692191,0.8890221209461565,0.0,0.0,0.012082435866921669
2025-02-05,0.10048310630568669,0.8874595110198413,0.0,0.0,0.012057382674472076
2025-02-06,0.09216278782849321,0.8935337253038185,0.0,0.0,0.014303486867688306
2025-02-07,0.09037403936732168,0.8956323602058702,0.0,0.0,0.013993600426808143
2025-02-10,0.08749443080949473,0.897557835245139,0.0,0.0,0.01494773394536632
2025-02-11,0.08654631718513398,0.8989943746384901,0.0,0.0,0.014459308176375975
2025-02-12,0.08637956651131867,0.8995263452087314,0.0,0.0,0.01409408827994997
2025-02-13,0.08665237561712258,0.8981198478953012,0.0,0.0,0.015227776487576231
2025-02-14,0.08537230782012861,0.8998441871070202,0.0,0.0,0.014783505072851252
2025-02-18,0.08796420044384244,0.8925186560302499,0.0,0.0,0.019517143525907703
2025-02-19,0.0900146708636485,0.8893539416351868,0.0,0.0,0.02063138750116478
2025-02-20,0.09030764446779992,0.8886571981751675,0.0,0.0,0.02103515735703255
2025-02-21,0.0913236911023282,0.8886076670428699,0.0,0.0,0.020068641854801946
2025-02-24,0.0937856735051946,0.8860519958596327,0.0,0.0,0.02016233063517274
2025-02-25,0.09364514443472839,0.8864744592713956,0.0,0.0,0.01988039629387612
2025-02-26,0.09871621242824266,0.8785681873755683,0.0,0.0,0.022715600196189047
2025-02-27,0.09805757560380954,0.8789207678956672,0.0,0.0,0.023021656500523287
2025-02-28,0.09581666653233605,0.8828087210529313,0.0,0.0,0.02137461241473269
2025-03-03,0.09136966390149097,0.8836720952010009,0.0,0.0,0.02495824089750818
2025-03-04,0.09150468356237165,0.8837759029721556,0.0,0.0,0.024719413465472816
2025-03-05,0.08933430269737815,0.8838660712791353,0.0,0.0,0.02679962602348655
2025-03-06,0.09120299303502445,0.8790640871988763,0.0,0.0,0.02973291976609933
2025-03-07,0.08879180503968705,0.8832064853339491,0.0,0.0,0.028001709626363884
2025-03-10,0.08552267728690621,0.8858603938710029,0.0,0.0,0.028616928842090862
2025-03-11,0.08805060789524766,0.882556307984815,0.0,0.0,0.02939308411993735
2025-03-12,0.08767287108313476,0.88031248866126,0.0,0.0,0.03201464025560535
2025-03-13,0.08830493320248613,0.8791422378109411,0.0,0.0,0.032552828986572725
2025-03-14,0.09035955774575644,0.8786822379083638,0.0,0.0,0.03095820434587976
2025-03-17,0.08893292617218997,0.8790638210113905,0.0,0.0,0.03200325281641953
2025-03-18,0.08874541748978794,0.8800142064915008,0.0,0.0,0.031240376018711283
2025-03-19,0.08777497070687448,0.8810720809559097,0.0,0.0,0.031152948337215776
2025-03-20,0.08669347196652476,0.8817322757979829,0.0,0.0,0.03157425223549237
2025-03-21,0.08648009961110545,0.8819334638005408,0.0,0.0,0.031586436588353764
2025-03-24,0.08728118819946025,0.8823058838866101,0.0,0.0,0.03041292791392953
2025-03-25,0.09050900440654916,0.8789179830013558,0.0,0.0,0.03057301259209508
2025-03-26,0.09061006058244894,0.8790020441441719,0.0,0.0,0.030387895273379113
2025-03-27,0.08874541995271533,0.881572493035024,0.0,0.0,0.02968208701226066
2025-03-28,0.08881189156646163,0.881541384632491,0.0,0.0,0.029646723801047447
2025-03-31,0.09306194560073501,0.8782042308539341,0.0,0.0,0.02873382354533093
2025-04-01,0.09378120372656353,0.8783446101957813,0.0,0.0,0.027874186077655197
2025-04-02,0.09356765037184593,0.878010073607004,0.0,0.0,0.02842227602115005
2025-04-03,0.09318418545432183,0.8828949146008465,0.0,0.0,0.023920899944831684
2025-04-04,0.09309553772286867,0.8838843022840405,0.0,0.0,0.023020159993090927
2025-04-07,0.08139165990792803,0.8978613476323708,0.0,0.0,0.020746992459701127
2025-04-08,0.0875061049417532,0.898819761048591,0.0,0.0,0.013674134009655798
2025-04-09,0.08295001486463607,0.9026609202811128,0.0,0.0,0.014389064854251194
2025-04-10,0.05743952991647864,0.9327125391621393,0.0,0.0,0.00984793092138224
2025-04-11,0.0468445451489589,0.928112568113194,0.0,0.0,0.0250428867378472
2025-04-14,0.046060422892430536,0.9293956838192937,0.0,0.0,0.02454389328827572
2025-04-15,0.045038717825964115,0.9268267248430136,0.0,0.0,0.02813455733102226
2025-04-16,0.04512106256836685,0.9272056597793231,0.0,0.0,0.027673277652309987
2025-04-17,0.04994991784907746,0.9321877009739901,0.0,0.0,0.01786238117693261
2025-04-21,0.05033325955214404,0.9325800228666616,0.0,0.0,0.017086717581194313
2025-04-22,0.044594933835681014,0.9297640091206615,0.0,0.0,0.025641057043657593
2025-04-23,0.04295660215614389,0.9301111701685654,0.0,0.0,0.026932227675290632
2025-04-24,0.041674461535022536,0.929011663500539,0.0,0.0,0.029313874964438533
2025-04-25,0.03953121318398447,0.9323252319993117,0.0,0.0,0.02814355481670391
2025-04-28,0.03952384539695117,0.9309828613424989,0.0,0.0,0.029493293260550002
2025-04-29,0.03965759367825978,0.9318436624667568,0.0,0.0,0.028498743854983563
2025-04-30,0.039631523281306376,0.9317888739550416,0.0,0.0,0.028579602763652037
2025-05-01,0.04026384242251336,0.9316931656013784,0.0,0.0,0.028042991976108288
2025-05-02,0.04153705092674156,0.9334789388520841,0.0,0.0,0.02498401022117432
2025-05-05,0.044743987753875177,0.9269390853155426,0.0,0.0,0.028316926930582288
2025-05-06,0.04363060951641591,0.9258839093200579,0.0,0.0,0.030485481163526153
2025-05-07,0.045373500570984986,0.9278656971127829,0.0,0.0,0.026760802316232075
2025-05-08,0.04639696486088774,0.9277330744005693,0.0,0.0,0.02586996073854304
2025-05-09,0.04863299986188615,0.9284590734564112,0.0,0.0,0.0229079266817027
2025-05-12,0.048726593287683216,0.9289660854090606,0.0,0.0,0.022307321303256133
2025-05-13,0.05109934928088313,0.9289240866781726,0.0,0.0,0.01997656404094433
2025-05-14,0.05127793000650345,0.9277923766450339,0.0,0.0,0.020929693348462647
2025-05-15,0.051743738839699065,0.9300656893457147,0.0,0.0,0.018190571814586325
2025-05-16,0.052223134068567836,0.9313657092663539,0.0,0.0,0.016411156665078253
2025-05-19,0.05219027936221568,0.9307573403337162,0.0,0.0,0.017052380304068207
2025-05-20,0.05286584202727512,0.9289438028375357,0.0,0.0,0.018190355135189146
2025-05-21,0.05265797172816639,0.9278795946067461,0.0,0.0,0.01946243366508762
2025-05-22,0.05045874346991581,0.9285220920442556,0.0,0.0,0.021019164485828672
2025-05-23,0.0505370182879789,0.9276224819423874,0.0,0.0,0.02184049976963372
2025-05-27,0.05093572181952428,0.9282956619088534,0.0,0.0,0.020768616271622242
2025-05-28,0.0487291660192935,0.9257460554180816,0.0,0.0,0.02552477856262496
2025-05-29,0.0487533190082189,0.9236564712951645,0.0,0.0,0.027590209696616724
2025-05-30,0.04893264743547815,0.9236676510627306,0.0,0.0,0.02739970150179127
2025-06-02,0.0486911988844068,0.9252141427229166,0.0,0.0,0.02609465839267671
2025-06-03,0.04915967358269864,0.9222543879115574,0.0,0.0,0.028585938505743848
2025-06-04,0.04831427181511977,0.9237563208379709,0.0,0.0,0.02792940734690947
2025-06-05,0.04957754499688745,0.9234738297378995,0.0,0.0,0.026948625265213064
2025-06-06,0.04860130275053533,0.9244073195847462,0.0,0.0,0.026991377664718506
2025-06-09,0.05049969674531775,0.9254962597957107,0.0,0.0,0.024004043458971624
2025-06-10,0.051192069568730764,0.9241224796129764,0.0,0.0,0.02468545081829278
2025-06-11,0.051006717666608116,0.9240186172257981,0.0,0.0,0.0249746651075938
2025-06-12,0.04891181618034545,0.9173408345425816,0.0,0.0,0.033747349277072944
2025-06-13,0.04898591622285153,0.9183402894754383,0.0,0.0,0.032673794301710184
2025-06-16,0.04801027742289458,0.9175735284120703,0.0,0.0,0.03441619416503527
2025-06-17,0.04914394366215489,0.9180363082204104,0.0,0.0,0.03281974811743473
2025-06-18,0.04962450149697032,0.9193348829782074,0.0,0.0,0.031040615524822342
2025-06-20,0.04954590211746451,0.9189659931397274,0.0,0.0,0.03148810474280817
2025-06-23,0.04864666430419614,0.9193980199444937,0.0,0.0,0.03195531575131015
2025-06-24,0.04814066250342003,0.9199202989501402,0.0,0.0,0.031939038546439764
2025-06-25,0.047431053268279524,0.9188070764293669,0.0,0.0,0.03376187030235367
2025-06-26,0.047429340290944054,0.9183778838831296,0.0,0.0,0.03419277582592647
2025-06-27,0.04701772403700151,0.9182839451396071,0.0,0.0,0.034698330823391306
2025-06-30,0.04774804627097894,0.9192919736215291,0.0,0.0,0.03295998010749197
2025-07-01,0.04700758685407558,0.9199424894762008,0.0,0.0,0.033049923669723695
2025-07-02,0.04689188309470904,0.9193533235521681,0.0,0.0,0.03375479335312288
2025-07-03,0.047007730355320736,0.9196779511130371,0.0,0.0,0.03331431853164222
2025-07-07,0.04666966295630277,0.9214552192365968,0.0,0.0,0.031875117807100506
2025-07-08,0.04641246477219882,0.9217528755590508,0.0,0.0,0.031834659668750404
2025-07-09,0.046274987474876926,0.921445042521043,0.0,0.0,0.032279970004080207
2025-07-10,0.04601895130368206,0.920369871987457,0.0,0.0,0.03361117670886095
2025-07-11,0.04602414768848469,0.9201999349932066,0.0,0.0,0.03377591731830865
2025-07-14,0.04591257266337239,0.9187696021018774,0.0,0.0,0.03531782523475025
2025-07-15,0.0462119040056053,0.918505292853191,0.0,0.0,0.03528280314120374
2025-07-16,0.044288318193784086,0.9187293915291648,0.0,0.0,0.03698229027705114
2025-07-17,0.0444342340016448,0.9190869611082366,0.0,0.0,0.036478804890118594
2025-07-18,0.04397590298130682,0.9200104830865729,0.0,0.0,0.03601361393212036
2025-07-21,0.044098394033351467,0.9177047232462253,0.0,0.0,0.03819688272042318
2025-07-22,0.04444621491942801,0.9184263784658664,0.0,0.0,0.03712740661470563
2025-07-23,0.04497938440711688,0.9178251306940715,0.0,0.0,0.03719548489881161
2025-07-24,0.04592454206062386,0.9161370060545236,0.0,0.0,0.03793845188485243
2025-07-25,0.04593489862255562,0.9163448265749622,0.0,0.0,0.0377202748024823
2025-07-28,0.045864288450277985,0.9160035168137843,0.0,0.0,0.03813219473593767
2025-07-29,0.048146281562338196,0.9140721659130661,0.0,0.0,0.03778155252459587
2025-07-30,0.048912910118544636,0.9137166110549877,0.0,0.0,0.03737047882646776
2025-07-31,0.049789680047779374,0.9139774053452885,0.0,0.0,0.036232914606932135
2025-08-01,0.0497979172085084,0.9141862210548105,0.0,0.0,0.03601586173668118
2025-08-04,0.05461126208434128,0.9121670532439559,0.0,0.0,0.03322168467170285
2025-08-05,0.055502964954178904,0.9092244263266229,0.0,0.0,0.035272608719198136
2025-08-06,0.05427478823104022,0.9111359922133001,0.0,0.0,0.03458921955565973
2025-08-07,0.04761494728995046,0.9215927406334194,0.0,0.0,0.030792312076630225
2025-08-08,0.049697394343531584,0.9182394051829944,0.0,0.0,0.03206320047347405
2025-08-11,0.04780544800750079,0.9194138072374977,0.0,0.0,0.0327807447550016
2025-08-12,0.048284744294202465,0.9191590323548056,0.0,0.0,0.032556223350992064
2025-08-13,0.04820848156828318,0.9192036704645143,0.0,0.0,0.03258784796720251
2025-08-14,0.0483493508696619,0.9191192844514441,0.0,0.0,0.0325313646788941
2025-08-15,0.048408178851701976,0.9186160109173002,0.0,0.0,0.03297581023099784
2025-08-18,0.04973758438248654,0.9182361169350279,0.0,0.0,0.03202629868248562
2025-08-19,0.04982421905098492,0.9187424092165222,0.0,0.0,0.03143337173249299
2025-08-20,0.048423218720854866,0.920404374439432,0.0,0.0,0.03117240683971316
2025-08-21,0.04834916112655131,0.9188390417082519,0.0,0.0,0.0328117971651968
2025-08-22,0.04848528836277438,0.9190664112585774,0.0,0.0,0.032448300378648307
2025-08-25,0.04664240779966313,0.9216830745626217,0.0,0.0,0.03167451763771518
2025-08-26,0.04657984995220352,0.9221192756695816,0.0,0.0,0.03130087437821477
2025-08-27,0.047134398877734636,0.9203776869292862,0.0,0.0,0.03248791419297922
2025-08-28,0.047933881860153314,0.9186336568517555,0.0,0.0,0.033432461288091235
2025-08-29,0.04797308492055966,0.9189279700619793,0.0,0.0,0.03309894501746098
2025-09-02,0.047755397212548824,0.9186758253626129,0.0,0.0,0.033568777424838186
2025-09-03,0.04764160247807653,0.9166404208267548,0.0,0.0,0.03571797669516872
2025-09-04,0.047540785001147695,0.9172906803913229,0.0,0.0,0.03516853460752953
2025-09-05,0.046397233172607515,0.9167582245081134,0.0,0.0,0.03684454231927908
2025-09-08,0.04567858284858104,0.9193506305662158,0.0,0.0,0.034970786585203084
2025-09-09,0.04520254777855385,0.9211963690237823,0.0,0.0,0.03360108319766387
2025-09-10,0.04502775367907024,0.9211431303253369,0.0,0.0,0.033829115995592934
2025-09-11,0.04503497506877308,0.9211329462366045,0.0,0.0,0.03383207869462248
2025-09-12,0.0451999133941581,0.9205954518453239,0.0,0.0,0.034204634760518146
2025-09-15,0.0452534911209429,0.9205002581510006,0.0,0.0,0.03424625072805656
2025-09-16,0.04512216342003971,0.9210907695685808,0.0,0.0,0.033787067011379505
2025-09-17,0.04511567233508078,0.921146657046098,0.0,0.0,0.033737670618821346
2025-09-18,0.04530603357574786,0.9209796692881373,0.0,0.0,0.033714297136114894
2025-09-19,0.04573298466430503,0.9210426251403516,0.0,0.0,0.033224390195343234
2025-09-22,0.04566128901888796,0.9209944342900573,0.0,0.0,0.03334427669105467
2025-09-23,0.04575457576101134,0.9199340762368908,0.0,0.0,0.034311348002097765
2025-09-24,0.04656233161677207,0.9186096324420092,0.0,0.0,0.03482803594121879
2025-09-25,0.046500137306429226,0.9196096133782155,0.0,0.0,0.033890249315355295
2025-09-26,0.046290454084225954,0.9196097582352425,0.0,0.0,0.03409978768053161
2025-09-29,0.04618940777697538,0.9191906913021402,0.0,0.0,0.034619900920884614
2025-09-30,0.04603487677722404,0.9204801720692806,0.0,0.0,0.03348495115349535
2025-10-01,0.04604748351749724,0.9204732247652028,0.0,0.0,0.033479291717300026
2025-10-02,0.045754691467358284,0.9214394681524185,0.0,0.0,0.03280584038022311
2025-10-03,0.04537358926944455,0.9211064239217531,0.0,0.0,0.0335199868088023
2025-10-06,0.044610845556433236,0.9211528905103661,0.0,0.0,0.03423626393320073
2025-10-07,0.044711211921818976,0.9202002399052616,0.0,0.0,0.03508854817291952
2025-10-08,0.044748564591196666,0.9204990166098512,0.0,0.0,0.034752418798952106
2025-10-09,0.042187572228576095,0.9239108040689683,0.0,0.0,0.033901623702455676
2025-10-10,0.04282990332001501,0.9243631955901271,0.0,0.0,0.03280690108985788
2025-10-13,0.04553682157375955,0.9226140037335867,0.0,0.0,0.03184917469265382
2025-10-14,0.043835446096372334,0.9258887191751479,0.0,0.0,0.030275834728479722
2025-10-15,0.04401217125514754,0.9260270625801645,0.0,0.0,0.029960766164687958
2025-10-16,0.04409097886134895,0.9258069068986321,0.0,0.0,0.030102114240018966
2025-10-17,0.044915210021114954,0.9269084524481305,0.0,0.0,0.028176337530754575
2025-10-20,0.04419327681765717,0.9289543383597607,0.0,0.0,0.02685238482258223
2025-10-21,0.04370895327692172,0.9320804076192296,0.0,0.0,0.024210639103848696
2025-10-22,0.043180200342482544,0.9353761675570265,0.0,0.0,0.021443632100490904
2025-10-23,0.04314569988764575,0.9352544282907697,0.0,0.0,0.021599871821584692
2025-10-24,0.04258956002422254,0.9365765237668252,0.0,0.0,0.020833916208952283
2025-10-27,0.04242107627926263,0.9365781984967528,0.0,0.0,0.02100072522398462
2025-10-28,0.0429701082692441,0.9348700250427888,0.0,0.0,0.022159866687967204
2025-10-29,0.04294807271154422,0.934643207372706,0.0,0.0,0.022408719915749796
2025-10-30,0.04343455440535571,0.9343607628799222,0.0,0.0,0.022204682714722198
