DATE,Equity_100,60_40_Equity_AGG,70_30_Equity_AGG,60_30_10_Equity_AGG_REIT,Diversified_40_30_10_10_10,Treasury_Barbell_IEF_TLT,PutWrite_100,AllWeather_like
2017-01-03,,,,,,,,
2017-01-04,,,,,,,,
2017-01-05,,,,,,,,
2017-01-06,,,,,,,,
2017-01-09,,,,,,,,
2017-01-10,,,,,,,,
2017-01-11,,,,,,,,
2017-01-12,,,,,,,,
2017-01-13,,,,,,,,
2017-01-17,,,,,,,,
2017-01-18,,,,,,,,
2017-01-19,,,,,,,,
2017-01-20,,,,,,,,
2017-01-23,,,,,,,,
2017-01-24,,,,,,,,
2017-01-25,,,,,,,,
2017-01-26,,,,,,,,
2017-01-27,,,,,,,,
2017-01-30,,,,,,,,
2017-01-31,,,,,,,,
2017-02-01,0.0,0.004734237392630959,0.0041383760405113,0.006756307705675075,0.009969244534889772,0.0015578313701517324,0.0,0.010828607207876135
2017-02-02,,,,,,,,
2017-02-03,,,,,,,,
2017-02-06,,,,,,,,
2017-02-07,,,,,,,,
2017-02-08,,,,,,,,
2017-02-09,,,,,,,,
2017-02-10,,,,,,,,
2017-02-13,,,,,,,,
2017-02-14,,,,,,,,
2017-02-15,,,,,,,,
2017-02-16,,,,,,,,
2017-02-17,,,,,,,,
2017-02-21,,,,,,,,
2017-02-22,,,,,,,,
2017-02-23,,,,,,,,
2017-02-24,,,,,,,,
2017-02-27,,,,,,,,
2017-02-28,,,,,,,,
2017-03-01,0.0,0.02229345475733314,0.01941659313338303,0.019047610514548865,0.021811420677738863,0.0014442279082558073,0.0,0.02171081170728891
2017-03-02,,,,,,,,
2017-03-03,,,,,,,,
2017-03-06,,,,,,,,
2017-03-07,,,,,,,,
2017-03-08,,,,,,,,
2017-03-09,,,,,,,,
2017-03-10,,,,,,,,
2017-03-13,,,,,,,,
2017-03-14,,,,,,,,
2017-03-15,,,,,,,,
2017-03-16,,,,,,,,
2017-03-17,,,,,,,,
2017-03-20,,,,,,,,
2017-03-21,,,,,,,,
2017-03-22,,,,,,,,
2017-03-23,,,,,,,,
2017-03-24,,,,,,,,
2017-03-27,,,,,,,,
2017-03-28,,,,,,,,
2017-03-29,,,,,,,,
2017-03-30,,,,,,,,
2017-03-31,,,,,,,,
2017-04-03,0.0,0.01129486285087368,0.009906315510148624,0.01008565752972962,0.012929441236618662,0.0038278799064414538,0.0,0.0175887083263554
2017-04-04,,,,,,,,
2017-04-05,,,,,,,,
2017-04-06,,,,,,,,
2017-04-07,,,,,,,,
2017-04-10,,,,,,,,
2017-04-11,,,,,,,,
2017-04-12,,,,,,,,
2017-04-13,,,,,,,,
2017-04-17,,,,,,,,
2017-04-18,,,,,,,,
2017-04-19,,,,,,,,
2017-04-20,,,,,,,,
2017-04-21,,,,,,,,
2017-04-24,,,,,,,,
2017-04-25,,,,,,,,
2017-04-26,,,,,,,,
2017-04-27,,,,,,,,
2017-04-28,,,,,,,,
2017-05-01,0.0,0.004643038186490385,0.004058732402859279,0.004322167814327507,0.006534875037315921,0.0033641042652731443,0.0,0.006598406830333351
2017-05-02,,,,,,,,
2017-05-03,,,,,,,,
2017-05-04,,,,,,,,
2017-05-05,,,,,,,,
2017-05-08,,,,,,,,
2017-05-09,,,,,,,,
2017-05-10,,,,,,,,
2017-05-11,,,,,,,,
2017-05-12,,,,,,,,
2017-05-15,,,,,,,,
2017-05-16,,,,,,,,
2017-05-17,,,,,,,,
2017-05-18,,,,,,,,
2017-05-19,,,,,,,,
2017-05-22,,,,,,,,
2017-05-23,,,,,,,,
2017-05-24,,,,,,,,
2017-05-25,,,,,,,,
2017-05-26,,,,,,,,
2017-05-30,,,,,,,,
2017-05-31,,,,,,,,
2017-06-01,0.0,0.0040045827529021725,0.0035010889919989416,0.0060188685269330355,0.009096201867705388,0.008640886705888522,0.0,0.011617329428783098
2017-06-02,,,,,,,,
2017-06-05,,,,,,,,
2017-06-06,,,,,,,,
2017-06-07,,,,,,,,
2017-06-08,,,,,,,,
2017-06-09,,,,,,,,
2017-06-12,,,,,,,,
2017-06-13,,,,,,,,
2017-06-14,,,,,,,,
2017-06-15,,,,,,,,
2017-06-16,,,,,,,,
2017-06-19,,,,,,,,
2017-06-20,,,,,,,,
2017-06-21,,,,,,,,
2017-06-22,,,,,,,,
2017-06-23,,,,,,,,
2017-06-26,,,,,,,,
2017-06-27,,,,,,,,
2017-06-28,,,,,,,,
2017-06-29,,,,,,,,
2017-06-30,,,,,,,,
2017-07-03,0.0,0.000518063035893322,0.0004532562365520207,0.005522283366524938,0.008017501092982993,0.006411355876815397,0.0,0.010523452581520466
2017-07-05,,,,,,,,
2017-07-06,,,,,,,,
2017-07-07,,,,,,,,
2017-07-10,,,,,,,,
2017-07-11,,,,,,,,
2017-07-12,,,,,,,,
2017-07-13,,,,,,,,
2017-07-14,,,,,,,,
2017-07-17,,,,,,,,
2017-07-18,,,,,,,,
2017-07-19,,,,,,,,
2017-07-20,,,,,,,,
2017-07-21,,,,,,,,
2017-07-24,,,,,,,,
2017-07-25,,,,,,,,
2017-07-26,,,,,,,,
2017-07-27,,,,,,,,
2017-07-28,,,,,,,,
2017-07-31,,,,,,,,
2017-08-01,0.0,0.005486549903641321,0.0047952500451292615,0.005930638409843592,0.007399007159619996,0.0031430356583432156,0.0,0.008368318549657527
2017-08-02,,,,,,,,
2017-08-03,,,,,,,,
2017-08-04,,,,,,,,
2017-08-07,,,,,,,,
2017-08-08,,,,,,,,
2017-08-09,,,,,,,,
2017-08-10,,,,,,,,
2017-08-11,,,,,,,,
2017-08-14,,,,,,,,
2017-08-15,,,,,,,,
2017-08-16,,,,,,,,
2017-08-17,,,,,,,,
2017-08-18,,,,,,,,
2017-08-21,,,,,,,,
2017-08-22,,,,,,,,
2017-08-23,,,,,,,,
2017-08-24,,,,,,,,
2017-08-25,,,,,,,,
2017-08-28,,,,,,,,
2017-08-29,,,,,,,,
2017-08-30,,,,,,,,
2017-08-31,,,,,,,,
2017-09-01,0.0,0.002054940768600362,0.0017988432801071708,0.002023873280874225,0.009406481530479422,0.004900688017640885,0.0,0.010478604469336381
2017-09-05,,,,,,,,
2017-09-06,,,,,,,,
2017-09-07,,,,,,,,
2017-09-08,,,,,,,,
2017-09-11,,,,,,,,
2017-09-12,,,,,,,,
2017-09-13,,,,,,,,
2017-09-14,,,,,,,,
2017-09-15,,,,,,,,
2017-09-18,,,,,,,,
2017-09-19,,,,,,,,
2017-09-20,,,,,,,,
2017-09-21,,,,,,,,
2017-09-22,,,,,,,,
2017-09-25,,,,,,,,
2017-09-26,,,,,,,,
2017-09-27,,,,,,,,
2017-09-28,,,,,,,,
2017-09-29,,,,,,,,
2017-10-02,0.0,0.01142205578409488,0.009970572886144492,0.01180160907351742,0.015076339607963967,0.0024727283601607237,0.0,0.01668353945282495
2017-10-03,,,,,,,,
2017-10-04,,,,,,,,
2017-10-05,,,,,,,,
2017-10-06,,,,,,,,
2017-10-09,,,,,,,,
2017-10-10,,,,,,,,
2017-10-11,,,,,,,,
2017-10-12,,,,,,,,
2017-10-13,,,,,,,,
2017-10-16,,,,,,,,
2017-10-17,,,,,,,,
2017-10-18,,,,,,,,
2017-10-19,,,,,,,,
2017-10-20,,,,,,,,
2017-10-23,,,,,,,,
2017-10-24,,,,,,,,
2017-10-25,,,,,,,,
2017-10-26,,,,,,,,
2017-10-27,,,,,,,,
2017-10-30,,,,,,,,
2017-10-31,,,,,,,,
2017-11-01,0.0,0.009037792846759835,0.00789320683086618,0.009666959005708941,0.01261703704252841,0.003019832093088465,0.0,0.011187348969509348
2017-11-02,,,,,,,,
2017-11-03,,,,,,,,
2017-11-06,,,,,,,,
2017-11-07,,,,,,,,
2017-11-08,,,,,,,,
2017-11-09,,,,,,,,
2017-11-10,,,,,,,,
2017-11-13,,,,,,,,
2017-11-14,,,,,,,,
2017-11-15,,,,,,,,
2017-11-16,,,,,,,,
2017-11-17,,,,,,,,
2017-11-20,,,,,,,,
2017-11-21,,,,,,,,
2017-11-22,,,,,,,,
2017-11-24,,,,,,,,
2017-11-27,,,,,,,,
2017-11-28,,,,,,,,
2017-11-29,,,,,,,,
2017-11-30,,,,,,,,
2017-12-01,0.0,0.011085473104877985,0.00967743917682681,0.009661281742177672,0.010165725851863844,0.008038682818267522,0.0,0.006821010459027674
2017-12-04,,,,,,,,
2017-12-05,,,,,,,,
2017-12-06,,,,,,,,
2017-12-07,,,,,,,,
2017-12-08,,,,,,,,
2017-12-11,,,,,,,,
2017-12-12,,,,,,,,
2017-12-13,,,,,,,,
2017-12-14,,,,,,,,
2017-12-15,,,,,,,,
2017-12-18,,,,,,,,
2017-12-19,,,,,,,,
2017-12-20,,,,,,,,
2017-12-21,,,,,,,,
2017-12-22,,,,,,,,
2017-12-26,,,,,,,,
2017-12-27,,,,,,,,
2017-12-28,,,,,,,,
2017-12-29,,,,,,,,
2018-01-02,0.0,0.00941618518164621,0.008223030871141249,0.010370323554124313,0.011355855749517826,0.0005678250077403994,0.0,0.014117522903279354
2018-01-03,,,,,,,,
2018-01-04,,,,,,,,
2018-01-05,,,,,,,,
2018-01-08,,,,,,,,
2018-01-09,,,,,,,,
2018-01-10,,,,,,,,
2018-01-11,,,,,,,,
2018-01-12,,,,,,,,
2018-01-16,,,,,,,,
2018-01-17,,,,,,,,
2018-01-18,,,,,,,,
2018-01-19,,,,,,,,
2018-01-22,,,,,,,,
2018-01-23,,,,,,,,
2018-01-24,,,,,,,,
2018-01-25,,,,,,,,
2018-01-26,,,,,,,,
2018-01-29,,,,,,,,
2018-01-30,,,,,,,,
2018-01-31,,,,,,,,
2018-02-01,0.0,0.02801694873576453,0.024372570755167706,0.033652639688680874,0.030969922599693552,0.006624914023517709,0.0,0.039694762984791715
2018-02-02,,,,,,,,
2018-02-05,,,,,,,,
2018-02-06,,,,,,,,
2018-02-07,,,,,,,,
2018-02-08,,,,,,,,
2018-02-09,,,,,,,,
2018-02-12,,,,,,,,
2018-02-13,,,,,,,,
2018-02-14,,,,,,,,
2018-02-15,,,,,,,,
2018-02-16,,,,,,,,
2018-02-20,,,,,,,,
2018-02-21,,,,,,,,
2018-02-22,,,,,,,,
2018-02-23,,,,,,,,
2018-02-26,,,,,,,,
2018-02-27,,,,,,,,
2018-02-28,,,,,,,,
2018-03-01,0.0,0.022363635388212896,0.019659777652024365,0.01994527867832561,0.01909539906214713,0.004789536404502744,0.0,0.021264663688520168
2018-03-02,,,,,,,,
2018-03-05,,,,,,,,
2018-03-06,,,,,,,,
2018-03-07,,,,,,,,
2018-03-08,,,,,,,,
2018-03-09,,,,,,,,
2018-03-12,,,,,,,,
2018-03-13,,,,,,,,
2018-03-14,,,,,,,,
2018-03-15,,,,,,,,
2018-03-16,,,,,,,,
2018-03-19,,,,,,,,
2018-03-20,,,,,,,,
2018-03-21,,,,,,,,
2018-03-22,,,,,,,,
2018-03-23,,,,,,,,
2018-03-26,,,,,,,,
2018-03-27,,,,,,,,
2018-03-28,,,,,,,,
2018-03-29,,,,,,,,
2018-04-02,0.0,0.019867897544485452,0.01745666602895223,0.022160066851827982,0.02261780249783288,0.007573609962326535,0.0,0.022657457975461766
2018-04-03,,,,,,,,
2018-04-04,,,,,,,,
2018-04-05,,,,,,,,
2018-04-06,,,,,,,,
2018-04-09,,,,,,,,
2018-04-10,,,,,,,,
2018-04-11,,,,,,,,
2018-04-12,,,,,,,,
2018-04-13,,,,,,,,
2018-04-16,,,,,,,,
2018-04-17,,,,,,,,
2018-04-18,,,,,,,,
2018-04-19,,,,,,,,
2018-04-20,,,,,,,,
2018-04-23,,,,,,,,
2018-04-24,,,,,,,,
2018-04-25,,,,,,,,
2018-04-26,,,,,,,,
2018-04-27,,,,,,,,
2018-04-30,,,,,,,,
2018-05-01,0.0,0.017767596170781844,0.015489311683817147,0.015664716581978468,0.021335169569716223,0.0056236809565607645,0.0,0.026904512723675753
2018-05-02,,,,,,,,
2018-05-03,,,,,,,,
2018-05-04,,,,,,,,
2018-05-07,,,,,,,,
2018-05-08,,,,,,,,
2018-05-09,,,,,,,,
2018-05-10,,,,,,,,
2018-05-11,,,,,,,,
2018-05-14,,,,,,,,
2018-05-15,,,,,,,,
2018-05-16,,,,,,,,
2018-05-17,,,,,,,,
2018-05-18,,,,,,,,
2018-05-21,,,,,,,,
2018-05-22,,,,,,,,
2018-05-23,,,,,,,,
2018-05-24,,,,,,,,
2018-05-25,,,,,,,,
2018-05-29,,,,,,,,
2018-05-30,,,,,,,,
2018-05-31,,,,,,,,
2018-06-01,0.0,0.011209584281420115,0.009785533795031469,0.009899377192140317,0.012943673443433753,0.00523855361600322,0.0,0.009526299997249788
2018-06-04,,,,,,,,
2018-06-05,,,,,,,,
2018-06-06,,,,,,,,
2018-06-07,,,,,,,,
2018-06-08,,,,,,,,
2018-06-11,,,,,,,,
2018-06-12,,,,,,,,
2018-06-13,,,,,,,,
2018-06-14,,,,,,,,
2018-06-15,,,,,,,,
2018-06-18,,,,,,,,
2018-06-19,,,,,,,,
2018-06-20,,,,,,,,
2018-06-21,,,,,,,,
2018-06-22,,,,,,,,
2018-06-25,,,,,,,,
2018-06-26,,,,,,,,
2018-06-27,,,,,,,,
2018-06-28,,,,,,,,
2018-06-29,,,,,,,,
2018-07-02,0.0,0.0020187713905510697,0.0017671681976903595,0.0059615677354968675,0.01295760088076298,0.0029810780674768152,0.0,0.014511097940235886
2018-07-03,,,,,,,,
2018-07-05,,,,,,,,
2018-07-06,,,,,,,,
2018-07-09,,,,,,,,
2018-07-10,,,,,,,,
2018-07-11,,,,,,,,
2018-07-12,,,,,,,,
2018-07-13,,,,,,,,
2018-07-16,,,,,,,,
2018-07-17,,,,,,,,
2018-07-18,,,,,,,,
2018-07-19,,,,,,,,
2018-07-20,,,,,,,,
2018-07-23,,,,,,,,
2018-07-24,,,,,,,,
2018-07-25,,,,,,,,
2018-07-26,,,,,,,,
2018-07-27,,,,,,,,
2018-07-30,,,,,,,,
2018-07-31,,,,,,,,
2018-08-01,0.0,0.015144954444273462,0.013210154474631067,0.012867123229699504,0.018269353441705685,0.007448801731853945,0.0,0.021863398807808968
2018-08-02,,,,,,,,
2018-08-03,,,,,,,,
2018-08-06,,,,,,,,
2018-08-07,,,,,,,,
2018-08-08,,,,,,,,
2018-08-09,,,,,,,,
2018-08-10,,,,,,,,
2018-08-13,,,,,,,,
2018-08-14,,,,,,,,
2018-08-15,,,,,,,,
2018-08-16,,,,,,,,
2018-08-17,,,,,,,,
2018-08-20,,,,,,,,
2018-08-21,,,,,,,,
2018-08-22,,,,,,,,
2018-08-23,,,,,,,,
2018-08-24,,,,,,,,
2018-08-27,,,,,,,,
2018-08-28,,,,,,,,
2018-08-29,,,,,,,,
2018-08-30,,,,,,,,
2018-08-31,,,,,,,,
2018-09-04,0.0,0.011308900007051434,0.009872028800634043,0.011210988403802831,0.012917167665765105,0.0026251450968431803,0.0,0.009049178018507482
2018-09-05,,,,,,,,
2018-09-06,,,,,,,,
2018-09-07,,,,,,,,
2018-09-10,,,,,,,,
2018-09-11,,,,,,,,
2018-09-12,,,,,,,,
2018-09-13,,,,,,,,
2018-09-14,,,,,,,,
2018-09-17,,,,,,,,
2018-09-18,,,,,,,,
2018-09-19,,,,,,,,
2018-09-20,,,,,,,,
2018-09-21,,,,,,,,
2018-09-24,,,,,,,,
2018-09-25,,,,,,,,
2018-09-26,,,,,,,,
2018-09-27,,,,,,,,
2018-09-28,,,,,,,,
2018-10-01,0.0,0.007162858288176926,0.0062581621836410774,0.00941934342617286,0.014065645036479718,0.009128327325380041,0.0,0.01964375465773888
2018-10-02,,,,,,,,
2018-10-03,,,,,,,,
2018-10-04,,,,,,,,
2018-10-05,,,,,,,,
2018-10-08,,,,,,,,
2018-10-09,,,,,,,,
2018-10-10,,,,,,,,
2018-10-11,,,,,,,,
2018-10-12,,,,,,,,
2018-10-15,,,,,,,,
2018-10-16,,,,,,,,
2018-10-17,,,,,,,,
2018-10-18,,,,,,,,
2018-10-19,,,,,,,,
2018-10-22,,,,,,,,
2018-10-23,,,,,,,,
2018-10-24,,,,,,,,
2018-10-25,,,,,,,,
2018-10-26,,,,,,,,
2018-10-29,,,,,,,,
2018-10-30,,,,,,,,
2018-10-31,,,,,,,,
2018-11-01,0.0,0.02963953773198417,0.026095734160757344,0.02819440560163345,0.035319823552336545,0.010903242401744796,0.0,0.028337078260164815
2018-11-02,,,,,,,,
2018-11-05,,,,,,,,
2018-11-06,,,,,,,,
2018-11-07,,,,,,,,
2018-11-08,,,,,,,,
2018-11-09,,,,,,,,
2018-11-12,,,,,,,,
2018-11-13,,,,,,,,
2018-11-14,,,,,,,,
2018-11-15,,,,,,,,
2018-11-16,,,,,,,,
2018-11-19,,,,,,,,
2018-11-20,,,,,,,,
2018-11-21,,,,,,,,
2018-11-23,,,,,,,,
2018-11-26,,,,,,,,
2018-11-27,,,,,,,,
2018-11-28,,,,,,,,
2018-11-29,,,,,,,,
2018-11-30,,,,,,,,
2018-12-03,0.0,0.005411207489813944,0.00472947485155811,0.006434790626922025,0.01722021028681516,0.0046613359120438,0.0,0.015539030209324308
2018-12-04,,,,,,,,
2018-12-06,,,,,,,,
2018-12-07,,,,,,,,
2018-12-10,,,,,,,,
2018-12-11,,,,,,,,
2018-12-12,,,,,,,,
2018-12-13,,,,,,,,
2018-12-14,,,,,,,,
2018-12-17,,,,,,,,
2018-12-18,,,,,,,,
2018-12-19,,,,,,,,
2018-12-20,,,,,,,,
2018-12-21,,,,,,,,
2018-12-24,,,,,,,,
2018-12-26,,,,,,,,
2018-12-27,,,,,,,,
2018-12-28,,,,,,,,
2018-12-31,,,,,,,,
2019-01-02,0.0,0.06049117084601751,0.05360532635585862,0.05387492429520047,0.05987901921920053,0.013739976190740784,0.0,0.07236481256288224
2019-01-03,,,,,,,,
2019-01-04,,,,,,,,
2019-01-07,,,,,,,,
2019-01-08,,,,,,,,
2019-01-09,,,,,,,,
2019-01-10,,,,,,,,
2019-01-11,,,,,,,,
2019-01-14,,,,,,,,
2019-01-15,,,,,,,,
2019-01-16,,,,,,,,
2019-01-17,,,,,,,,
2019-01-18,,,,,,,,
2019-01-22,,,,,,,,
2019-01-23,,,,,,,,
2019-01-24,,,,,,,,
2019-01-25,,,,,,,,
2019-01-28,,,,,,,,
2019-01-29,,,,,,,,
2019-01-30,,,,,,,,
2019-01-31,,,,,,,,
2019-02-01,0.0,0.032941032516925275,0.028626944885159152,0.0317371945471552,0.03478328058442909,0.003282064908772811,0.0,0.04507564746722821
2019-02-04,,,,,,,,
2019-02-05,,,,,,,,
2019-02-06,,,,,,,,
2019-02-07,,,,,,,,
2019-02-08,,,,,,,,
2019-02-11,,,,,,,,
2019-02-12,,,,,,,,
2019-02-13,,,,,,,,
2019-02-14,,,,,,,,
2019-02-15,,,,,,,,
2019-02-19,,,,,,,,
2019-02-20,,,,,,,,
2019-02-21,,,,,,,,
2019-02-22,,,,,,,,
2019-02-25,,,,,,,,
2019-02-26,,,,,,,,
2019-02-27,,,,,,,,
2019-02-28,,,,,,,,
2019-03-01,0.0,0.017195343494856487,0.014992217987572989,0.015892464368858685,0.017405207491876126,0.006947792228623326,0.0,0.018721486500126658
2019-03-04,,,,,,,,
2019-03-05,,,,,,,,
2019-03-06,,,,,,,,
2019-03-07,,,,,,,,
2019-03-08,,,,,,,,
2019-03-11,,,,,,,,
2019-03-12,,,,,,,,
2019-03-13,,,,,,,,
2019-03-14,,,,,,,,
2019-03-15,,,,,,,,
2019-03-18,,,,,,,,
2019-03-19,,,,,,,,
2019-03-20,,,,,,,,
2019-03-21,,,,,,,,
2019-03-22,,,,,,,,
2019-03-25,,,,,,,,
2019-03-26,,,,,,,,
2019-03-27,,,,,,,,
2019-03-28,,,,,,,,
2019-03-29,,,,,,,,
2019-04-01,0.0,0.002091141996331516,0.0018289524552717903,0.004156094111885231,0.006521949159330252,0.01330290087716038,0.0,0.013740202949382184
2019-04-02,,,,,,,,
2019-04-03,,,,,,,,
2019-04-04,,,,,,,,
2019-04-05,,,,,,,,
2019-04-08,,,,,,,,
2019-04-09,,,,,,,,
2019-04-10,,,,,,,,
2019-04-11,,,,,,,,
2019-04-12,,,,,,,,
2019-04-15,,,,,,,,
2019-04-16,,,,,,,,
2019-04-17,,,,,,,,
2019-04-18,,,,,,,,
2019-04-22,,,,,,,,
2019-04-23,,,,,,,,
2019-04-24,,,,,,,,
2019-04-25,,,,,,,,
2019-04-26,,,,,,,,
2019-04-29,,,,,,,,
2019-04-30,,,,,,,,
2019-05-01,0.0,0.007810928125208243,0.006823458454649853,0.0082239507657753,0.009427577360003391,0.0014679609995181927,0.0,0.008846886061635301
2019-05-02,,,,,,,,
2019-05-03,,,,,,,,
2019-05-06,,,,,,,,
2019-05-07,,,,,,,,
2019-05-08,,,,,,,,
2019-05-09,,,,,,,,
2019-05-10,,,,,,,,
2019-05-13,,,,,,,,
2019-05-14,,,,,,,,
2019-05-15,,,,,,,,
2019-05-16,,,,,,,,
2019-05-17,,,,,,,,
2019-05-20,,,,,,,,
2019-05-21,,,,,,,,
2019-05-22,,,,,,,,
2019-05-23,,,,,,,,
2019-05-24,,,,,,,,
2019-05-28,,,,,,,,
2019-05-29,,,,,,,,
2019-05-30,,,,,,,,
2019-05-31,,,,,,,,
2019-06-03,0.0,0.040598208501771475,0.03582645113342353,0.038462888695033046,0.04181854020340425,0.016708310816024488,0.0,0.04854186970961546
2019-06-04,,,,,,,,
2019-06-05,,,,,,,,
2019-06-06,,,,,,,,
2019-06-07,,,,,,,,
2019-06-10,,,,,,,,
2019-06-11,,,,,,,,
2019-06-12,,,,,,,,
2019-06-13,,,,,,,,
2019-06-14,,,,,,,,
2019-06-17,,,,,,,,
2019-06-18,,,,,,,,
2019-06-19,,,,,,,,
2019-06-20,,,,,,,,
2019-06-21,,,,,,,,
2019-06-24,,,,,,,,
2019-06-25,,,,,,,,
2019-06-26,,,,,,,,
2019-06-27,,,,,,,,
2019-06-28,,,,,,,,
2019-07-01,0.0,0.03229571595677334,0.028069889549710878,0.0319113664161434,0.02707200128887579,0.002796007147227784,0.0,0.02994825813053817
2019-07-02,,,,,,,,
2019-07-03,,,,,,,,
2019-07-05,,,,,,,,
2019-07-08,,,,,,,,
2019-07-09,,,,,,,,
2019-07-10,,,,,,,,
2019-07-11,,,,,,,,
2019-07-12,,,,,,,,
2019-07-15,,,,,,,,
2019-07-16,,,,,,,,
2019-07-17,,,,,,,,
2019-07-18,,,,,,,,
2019-07-19,,,,,,,,
2019-07-22,,,,,,,,
2019-07-23,,,,,,,,
2019-07-24,,,,,,,,
2019-07-25,,,,,,,,
2019-07-26,,,,,,,,
2019-07-29,,,,,,,,
2019-07-30,,,,,,,,
2019-07-31,,,,,,,,
2019-08-01,0.0,0.0060186230555720095,0.005272906764922404,0.007042014441274123,0.014080488078625648,0.005825444547651786,0.0,0.015374493010581185
2019-08-02,,,,,,,,
2019-08-05,,,,,,,,
2019-08-06,,,,,,,,
2019-08-07,,,,,,,,
2019-08-08,,,,,,,,
2019-08-09,,,,,,,,
2019-08-12,,,,,,,,
2019-08-13,,,,,,,,
2019-08-14,,,,,,,,
2019-08-15,,,,,,,,
2019-08-16,,,,,,,,
2019-08-19,,,,,,,,
2019-08-20,,,,,,,,
2019-08-21,,,,,,,,
2019-08-22,,,,,,,,
2019-08-23,,,,,,,,
2019-08-26,,,,,,,,
2019-08-27,,,,,,,,
2019-08-28,,,,,,,,
2019-08-29,,,,,,,,
2019-08-30,,,,,,,,
2019-09-03,0.0,0.01712133480360774,0.015034796240686278,0.020455537923361335,0.02613214378782087,0.028370846854880928,0.0,0.037409067031047086
2019-09-04,,,,,,,,
2019-09-05,,,,,,,,
2019-09-06,,,,,,,,
2019-09-09,,,,,,,,
2019-09-10,,,,,,,,
2019-09-11,,,,,,,,
2019-09-12,,,,,,,,
2019-09-13,,,,,,,,
2019-09-16,,,,,,,,
2019-09-17,,,,,,,,
2019-09-18,,,,,,,,
2019-09-19,,,,,,,,
2019-09-20,,,,,,,,
2019-09-23,,,,,,,,
2019-09-24,,,,,,,,
2019-09-25,,,,,,,,
2019-09-26,,,,,,,,
2019-09-27,,,,,,,,
2019-09-30,,,,,,,,
2019-10-01,0.0,0.007530141981620095,0.006578553932845003,0.00707880508555234,0.012016796044153358,0.007045036997300299,0.0,0.01642387102900318
2019-10-02,,,,,,,,
2019-10-03,,,,,,,,
2019-10-04,,,,,,,,
2019-10-07,,,,,,,,
2019-10-08,,,,,,,,
2019-10-09,,,,,,,,
2019-10-10,,,,,,,,
2019-10-11,,,,,,,,
2019-10-14,,,,,,,,
2019-10-15,,,,,,,,
2019-10-16,,,,,,,,
2019-10-17,,,,,,,,
2019-10-18,,,,,,,,
2019-10-21,,,,,,,,
2019-10-22,,,,,,,,
2019-10-23,,,,,,,,
2019-10-24,,,,,,,,
2019-10-25,,,,,,,,
2019-10-28,,,,,,,,
2019-10-29,,,,,,,,
2019-10-30,,,,,,,,
2019-10-31,,,,,,,,
2019-11-01,0.0,0.019899751997348655,0.017340393512174066,0.01751018741112427,0.016346556593154177,0.007252696854013941,0.0,0.021691497904211175
2019-11-04,,,,,,,,
2019-11-05,,,,,,,,
2019-11-06,,,,,,,,
2019-11-07,,,,,,,,
2019-11-08,,,,,,,,
2019-11-11,,,,,,,,
2019-11-12,,,,,,,,
2019-11-13,,,,,,,,
2019-11-14,,,,,,,,
2019-11-15,,,,,,,,
2019-11-18,,,,,,,,
2019-11-19,,,,,,,,
2019-11-20,,,,,,,,
2019-11-21,,,,,,,,
2019-11-22,,,,,,,,
2019-11-25,,,,,,,,
2019-11-26,,,,,,,,
2019-11-27,,,,,,,,
2019-11-29,,,,,,,,
2019-12-02,0.0,0.008106450912791602,0.007081185531418683,0.011237512392384604,0.01484822999362727,0.0029077242812437115,0.0,0.01440074246868719
2019-12-03,,,,,,,,
2019-12-04,,,,,,,,
2019-12-05,,,,,,,,
2019-12-06,,,,,,,,
2019-12-09,,,,,,,,
2019-12-10,,,,,,,,
2019-12-11,,,,,,,,
2019-12-12,,,,,,,,
2019-12-13,,,,,,,,
2019-12-16,,,,,,,,
2019-12-17,,,,,,,,
2019-12-18,,,,,,,,
2019-12-19,,,,,,,,
2019-12-20,,,,,,,,
2019-12-23,,,,,,,,
2019-12-24,,,,,,,,
2019-12-26,,,,,,,,
2019-12-27,,,,,,,,
2019-12-30,,,,,,,,
2019-12-31,,,,,,,,
2020-01-02,0.0,0.019983525811632097,0.01741309030609633,0.019062189100351307,0.02007956553767451,0.0033672227046888372,0.0,0.02388578090515592
2020-01-03,,,,,,,,
2020-01-06,,,,,,,,
2020-01-07,,,,,,,,
2020-01-08,,,,,,,,
2020-01-09,,,,,,,,
2020-01-10,,,,,,,,
2020-01-13,,,,,,,,
2020-01-14,,,,,,,,
2020-01-15,,,,,,,,
2020-01-16,,,,,,,,
2020-01-17,,,,,,,,
2020-01-21,,,,,,,,
2020-01-22,,,,,,,,
2020-01-23,,,,,,,,
2020-01-24,,,,,,,,
2020-01-27,,,,,,,,
2020-01-28,,,,,,,,
2020-01-29,,,,,,,,
2020-01-30,,,,,,,,
2020-01-31,,,,,,,,
2020-02-03,0.0,0.009500133111482451,0.008329101383347328,0.010747670703353071,0.022482112856814108,0.01672573339918385,0.0,0.03032899684713793
2020-02-04,,,,,,,,
2020-02-05,,,,,,,,
2020-02-06,,,,,,,,
2020-02-07,,,,,,,,
2020-02-10,,,,,,,,
2020-02-11,,,,,,,,
2020-02-12,,,,,,,,
2020-02-13,,,,,,,,
2020-02-14,,,,,,,,
2020-02-18,,,,,,,,
2020-02-19,,,,,,,,
2020-02-20,,,,,,,,
2020-02-21,,,,,,,,
2020-02-24,,,,,,,,
2020-02-25,,,,,,,,
2020-02-26,,,,,,,,
2020-02-27,,,,,,,,
2020-02-28,,,,,,,,
2020-03-02,0.0,0.03176692898702832,0.02798124583225865,0.02700571397046204,0.027440910882203386,0.0141148060498601,0.0,0.04145388062847843
2020-03-03,,,,,,,,
2020-03-04,,,,,,,,
2020-03-05,,,,,,,,
2020-03-06,,,,,,,,
2020-03-09,,,,,,,,
2020-03-10,,,,,,,,
2020-03-11,,,,,,,,
2020-03-12,,,,,,,,
2020-03-13,,,,,,,,
2020-03-16,,,,,,,,
2020-03-17,,,,,,,,
2020-03-18,,,,,,,,
2020-03-19,,,,,,,,
2020-03-20,,,,,,,,
2020-03-23,,,,,,,,
2020-03-24,,,,,,,,
2020-03-25,,,,,,,,
2020-03-26,,,,,,,,
2020-03-27,,,,,,,,
2020-03-30,,,,,,,,
2020-03-31,,,,,,,,
2020-04-01,0.0,0.10529914712365573,0.09420332237961293,0.10051203735435452,0.11609173159304477,0.020905804816542646,0.0,0.1555286626942142
2020-04-02,,,,,,,,
2020-04-03,,,,,,,,
2020-04-06,,,,,,,,
2020-04-07,,,,,,,,
2020-04-08,,,,,,,,
2020-04-09,,,,,,,,
2020-04-13,,,,,,,,
2020-04-14,,,,,,,,
2020-04-15,,,,,,,,
2020-04-16,,,,,,,,
2020-04-17,,,,,,,,
2020-04-20,,,,,,,,
2020-04-21,,,,,,,,
2020-04-22,,,,,,,,
2020-04-23,,,,,,,,
2020-04-24,,,,,,,,
2020-04-27,,,,,,,,
2020-04-28,,,,,,,,
2020-04-29,,,,,,,,
2020-04-30,,,,,,,,
2020-05-01,0.0,0.0547975951847067,0.04740669312435307,0.046461359835465746,0.05490580396407885,0.0033311167891626153,0.0,0.05989864615657328
2020-05-04,,,,,,,,
2020-05-05,,,,,,,,
2020-05-06,,,,,,,,
2020-05-07,,,,,,,,
2020-05-08,,,,,,,,
2020-05-11,,,,,,,,
2020-05-12,,,,,,,,
2020-05-13,,,,,,,,
2020-05-14,,,,,,,,
2020-05-15,,,,,,,,
2020-05-18,,,,,,,,
2020-05-19,,,,,,,,
2020-05-20,,,,,,,,
2020-05-21,,,,,,,,
2020-05-22,,,,,,,,
2020-05-26,,,,,,,,
2020-05-27,,,,,,,,
2020-05-28,,,,,,,,
2020-05-29,,,,,,,,
2020-06-01,0.0,0.03354286477887672,0.02914632931009015,0.029024531781933722,0.03283749886052013,0.017274672250763477,0.0,0.04558332423653646
2020-06-02,,,,,,,,
2020-06-03,,,,,,,,
2020-06-04,,,,,,,,
2020-06-05,,,,,,,,
2020-06-08,,,,,,,,
2020-06-09,,,,,,,,
2020-06-10,,,,,,,,
2020-06-11,,,,,,,,
2020-06-12,,,,,,,,
2020-06-15,,,,,,,,
2020-06-16,,,,,,,,
2020-06-17,,,,,,,,
2020-06-18,,,,,,,,
2020-06-19,,,,,,,,
2020-06-22,,,,,,,,
2020-06-23,,,,,,,,
2020-06-24,,,,,,,,
2020-06-25,,,,,,,,
2020-06-26,,,,,,,,
2020-06-29,,,,,,,,
2020-06-30,,,,,,,,
2020-07-01,0.0,0.005667384903203459,0.004953113623350332,0.005216647612830387,0.006938570962158517,0.004456418447723157,0.0,0.009067874037570157
2020-07-02,,,,,,,,
2020-07-06,,,,,,,,
2020-07-07,,,,,,,,
2020-07-08,,,,,,,,
2020-07-09,,,,,,,,
2020-07-10,,,,,,,,
2020-07-13,,,,,,,,
2020-07-14,,,,,,,,
2020-07-15,,,,,,,,
2020-07-16,,,,,,,,
2020-07-17,,,,,,,,
2020-07-20,,,,,,,,
2020-07-21,,,,,,,,
2020-07-22,,,,,,,,
2020-07-23,,,,,,,,
2020-07-24,,,,,,,,
2020-07-27,,,,,,,,
2020-07-28,,,,,,,,
2020-07-29,,,,,,,,
2020-07-30,,,,,,,,
2020-07-31,,,,,,,,
2020-08-03,0.0,0.02039570511221617,0.01777073226176434,0.021989835309498326,0.025911139755281677,0.01535638829381286,0.0,0.021352320334449476
2020-08-04,,,,,,,,
2020-08-05,,,,,,,,
2020-08-06,,,,,,,,
2020-08-07,,,,,,,,
2020-08-10,,,,,,,,
2020-08-11,,,,,,,,
2020-08-12,,,,,,,,
2020-08-13,,,,,,,,
2020-08-14,,,,,,,,
2020-08-17,,,,,,,,
2020-08-18,,,,,,,,
2020-08-19,,,,,,,,
2020-08-20,,,,,,,,
2020-08-21,,,,,,,,
2020-08-24,,,,,,,,
2020-08-25,,,,,,,,
2020-08-26,,,,,,,,
2020-08-27,,,,,,,,
2020-08-28,,,,,,,,
2020-08-31,,,,,,,,
2020-09-01,0.0,0.035551678794755744,0.030879010474186563,0.03255822761218987,0.03135478306929784,0.014688369199597597,0.0,0.035121524870708576
2020-09-02,,,,,,,,
2020-09-03,,,,,,,,
2020-09-04,,,,,,,,
2020-09-08,,,,,,,,
2020-09-09,,,,,,,,
2020-09-10,,,,,,,,
2020-09-11,,,,,,,,
2020-09-14,,,,,,,,
2020-09-15,,,,,,,,
2020-09-16,,,,,,,,
2020-09-17,,,,,,,,
2020-09-18,,,,,,,,
2020-09-21,,,,,,,,
2020-09-22,,,,,,,,
2020-09-23,,,,,,,,
2020-09-24,,,,,,,,
2020-09-25,,,,,,,,
2020-09-28,,,,,,,,
2020-09-29,,,,,,,,
2020-09-30,,,,,,,,
2020-10-01,0.0,0.01954758179366442,0.01717407398946466,0.018793177546469086,0.01881627073180409,0.0012935490034551172,0.0,0.019444299256858526
2020-10-02,,,,,,,,
2020-10-05,,,,,,,,
2020-10-06,,,,,,,,
2020-10-07,,,,,,,,
2020-10-08,,,,,,,,
2020-10-09,,,,,,,,
2020-10-12,,,,,,,,
2020-10-13,,,,,,,,
2020-10-14,,,,,,,,
2020-10-15,,,,,,,,
2020-10-16,,,,,,,,
2020-10-19,,,,,,,,
2020-10-20,,,,,,,,
2020-10-21,,,,,,,,
2020-10-22,,,,,,,,
2020-10-23,,,,,,,,
2020-10-26,,,,,,,,
2020-10-27,,,,,,,,
2020-10-28,,,,,,,,
2020-10-29,,,,,,,,
2020-10-30,,,,,,,,
2020-11-02,0.0,0.0076585916126220895,0.006711976888106631,0.007048356041084468,0.008956571910175484,0.007934303704901282,0.0,0.007211392145683016
2020-11-03,,,,,,,,
2020-11-04,,,,,,,,
2020-11-05,,,,,,,,
2020-11-06,,,,,,,,
2020-11-09,,,,,,,,
2020-11-10,,,,,,,,
2020-11-11,,,,,,,,
2020-11-12,,,,,,,,
2020-11-13,,,,,,,,
2020-11-16,,,,,,,,
2020-11-17,,,,,,,,
2020-11-18,,,,,,,,
2020-11-19,,,,,,,,
2020-11-20,,,,,,,,
2020-11-23,,,,,,,,
2020-11-24,,,,,,,,
2020-11-25,,,,,,,,
2020-11-27,,,,,,,,
2020-11-30,,,,,,,,
2020-12-01,0.0,0.04471218217742802,0.03876208907435988,0.03764044782324883,0.04717989830208537,0.0010714946537010274,0.0,0.051264797612756687
2020-12-02,,,,,,,,
2020-12-03,,,,,,,,
2020-12-04,,,,,,,,
2020-12-07,,,,,,,,
2020-12-08,,,,,,,,
2020-12-09,,,,,,,,
2020-12-10,,,,,,,,
2020-12-11,,,,,,,,
2020-12-14,,,,,,,,
2020-12-15,,,,,,,,
2020-12-16,,,,,,,,
2020-12-17,,,,,,,,
2020-12-18,,,,,,,,
2020-12-21,,,,,,,,
2020-12-22,,,,,,,,
2020-12-23,,,,,,,,
2020-12-24,,,,,,,,
2020-12-28,,,,,,,,
2020-12-29,,,,,,,,
2020-12-30,,,,,,,,
2020-12-31,,,,,,,,
2021-01-04,0.0,0.0036549432181230295,0.003195642005425565,0.006220026275398909,0.018176606721292052,0.0009499195771663367,0.0,0.015242601963818037
2021-01-05,,,,,,,,
2021-01-06,,,,,,,,
2021-01-07,,,,,,,,
2021-01-08,,,,,,,,
2021-01-11,,,,,,,,
2021-01-12,,,,,,,,
2021-01-13,,,,,,,,
2021-01-14,,,,,,,,
2021-01-15,,,,,,,,
2021-01-19,,,,,,,,
2021-01-20,,,,,,,,
2021-01-21,,,,,,,,
2021-01-22,,,,,,,,
2021-01-25,,,,,,,,
2021-01-26,,,,,,,,
2021-01-27,,,,,,,,
2021-01-28,,,,,,,,
2021-01-29,,,,,,,,
2021-02-01,0.0,0.011891872503998252,0.010379673076652477,0.012572086633512657,0.022551405993127986,0.012327673427950343,0.0,0.03185279175074189
2021-02-02,,,,,,,,
2021-02-03,,,,,,,,
2021-02-04,,,,,,,,
2021-02-05,,,,,,,,
2021-02-08,,,,,,,,
2021-02-09,,,,,,,,
2021-02-10,,,,,,,,
2021-02-11,,,,,,,,
2021-02-12,,,,,,,,
2021-02-16,,,,,,,,
2021-02-17,,,,,,,,
2021-02-18,,,,,,,,
2021-02-19,,,,,,,,
2021-02-22,,,,,,,,
2021-02-23,,,,,,,,
2021-02-24,,,,,,,,
2021-02-25,,,,,,,,
2021-02-26,,,,,,,,
2021-03-01,0.0,0.023932511751850946,0.020837055475569136,0.020046770274458323,0.03225122561397154,0.023597591435447936,0.0,0.045850124994804044
2021-03-02,,,,,,,,
2021-03-03,,,,,,,,
2021-03-04,,,,,,,,
2021-03-05,,,,,,,,
2021-03-08,,,,,,,,
2021-03-09,,,,,,,,
2021-03-10,,,,,,,,
2021-03-11,,,,,,,,
2021-03-12,,,,,,,,
2021-03-15,,,,,,,,
2021-03-16,,,,,,,,
2021-03-17,,,,,,,,
2021-03-18,,,,,,,,
2021-03-19,,,,,,,,
2021-03-22,,,,,,,,
2021-03-23,,,,,,,,
2021-03-24,,,,,,,,
2021-03-25,,,,,,,,
2021-03-26,,,,,,,,
2021-03-29,,,,,,,,
2021-03-30,,,,,,,,
2021-03-31,,,,,,,,
2021-04-01,0.0,0.01791124549295472,0.01561407573474567,0.01765169375535833,0.018549773983032054,0.002760123391448377,0.0,0.027912564628676438
2021-04-05,,,,,,,,
2021-04-06,,,,,,,,
2021-04-07,,,,,,,,
2021-04-08,,,,,,,,
2021-04-09,,,,,,,,
2021-04-12,,,,,,,,
2021-04-13,,,,,,,,
2021-04-14,,,,,,,,
2021-04-15,,,,,,,,
2021-04-16,,,,,,,,
2021-04-19,,,,,,,,
2021-04-20,,,,,,,,
2021-04-21,,,,,,,,
2021-04-22,,,,,,,,
2021-04-23,,,,,,,,
2021-04-26,,,,,,,,
2021-04-27,,,,,,,,
2021-04-28,,,,,,,,
2021-04-29,,,,,,,,
2021-04-30,,,,,,,,
2021-05-03,0.0,0.017935165576484554,0.01563485037313113,0.016445231100221672,0.017699939801043334,0.0007698839431643988,0.0,0.01910278393962343
2021-05-04,,,,,,,,
2021-05-05,,,,,,,,
2021-05-06,,,,,,,,
2021-05-07,,,,,,,,
2021-05-10,,,,,,,,
2021-05-11,,,,,,,,
2021-05-12,,,,,,,,
2021-05-13,,,,,,,,
2021-05-14,,,,,,,,
2021-05-17,,,,,,,,
2021-05-18,,,,,,,,
2021-05-19,,,,,,,,
2021-05-20,,,,,,,,
2021-05-21,,,,,,,,
2021-05-24,,,,,,,,
2021-05-25,,,,,,,,
2021-05-26,,,,,,,,
2021-05-27,,,,,,,,
2021-05-28,,,,,,,,
2021-06-01,0.0,0.0006239093603464703,0.0005458497401443118,0.004732781819823849,0.01774354785398385,0.001578362494444386,0.0,0.016286766406184938
2021-06-02,,,,,,,,
2021-06-03,,,,,,,,
2021-06-04,,,,,,,,
2021-06-07,,,,,,,,
2021-06-08,,,,,,,,
2021-06-09,,,,,,,,
2021-06-10,,,,,,,,
2021-06-11,,,,,,,,
2021-06-14,,,,,,,,
2021-06-15,,,,,,,,
2021-06-16,,,,,,,,
2021-06-17,,,,,,,,
2021-06-18,,,,,,,,
2021-06-21,,,,,,,,
2021-06-22,,,,,,,,
2021-06-23,,,,,,,,
2021-06-24,,,,,,,,
2021-06-25,,,,,,,,
2021-06-28,,,,,,,,
2021-06-29,,,,,,,,
2021-06-30,,,,,,,,
2021-07-01,0.0,0.00935050221075017,0.008165782316572374,0.008831723898619833,0.016406002371906033,0.016940415790399125,0.0,0.017466190526006058
2021-07-02,,,,,,,,
2021-07-06,,,,,,,,
2021-07-07,,,,,,,,
2021-07-08,,,,,,,,
2021-07-09,,,,,,,,
2021-07-12,,,,,,,,
2021-07-13,,,,,,,,
2021-07-14,,,,,,,,
2021-07-15,,,,,,,,
2021-07-16,,,,,,,,
2021-07-19,,,,,,,,
2021-07-20,,,,,,,,
2021-07-21,,,,,,,,
2021-07-22,,,,,,,,
2021-07-23,,,,,,,,
2021-07-26,,,,,,,,
2021-07-27,,,,,,,,
2021-07-28,,,,,,,,
2021-07-29,,,,,,,,
2021-07-30,,,,,,,,
2021-08-02,0.0,0.0007963433360147316,0.0006966848356117404,0.003975239531895362,0.0051025938144474885,0.010256184673513285,0.0,0.01242892944928432
2021-08-03,,,,,,,,
2021-08-04,,,,,,,,
2021-08-05,,,,,,,,
2021-08-06,,,,,,,,
2021-08-09,,,,,,,,
2021-08-10,,,,,,,,
2021-08-11,,,,,,,,
2021-08-12,,,,,,,,
2021-08-13,,,,,,,,
2021-08-16,,,,,,,,
2021-08-17,,,,,,,,
2021-08-18,,,,,,,,
2021-08-19,,,,,,,,
2021-08-20,,,,,,,,
2021-08-23,,,,,,,,
2021-08-24,,,,,,,,
2021-08-25,,,,,,,,
2021-08-26,,,,,,,,
2021-08-27,,,,,,,,
2021-08-30,,,,,,,,
2021-08-31,,,,,,,,
2021-09-01,0.0,0.01652168628248967,0.014406886734068744,0.014920163661120527,0.018361224681922857,0.0013557113019872424,0.0,0.02080389370026211
2021-09-02,,,,,,,,
2021-09-03,,,,,,,,
2021-09-07,,,,,,,,
2021-09-08,,,,,,,,
2021-09-09,,,,,,,,
2021-09-10,,,,,,,,
2021-09-13,,,,,,,,
2021-09-14,,,,,,,,
2021-09-15,,,,,,,,
2021-09-16,,,,,,,,
2021-09-17,,,,,,,,
2021-09-20,,,,,,,,
2021-09-21,,,,,,,,
2021-09-22,,,,,,,,
2021-09-23,,,,,,,,
2021-09-24,,,,,,,,
2021-09-27,,,,,,,,
2021-09-28,,,,,,,,
2021-09-29,,,,,,,,
2021-09-30,,,,,,,,
2021-10-01,0.0,0.01499170978335688,0.01315884472318182,0.014526217078196514,0.025603556668007794,0.0051700938769994945,0.0,0.019225377203955004
2021-10-04,,,,,,,,
2021-10-05,,,,,,,,
2021-10-06,,,,,,,,
2021-10-07,,,,,,,,
2021-10-08,,,,,,,,
2021-10-11,,,,,,,,
2021-10-12,,,,,,,,
2021-10-13,,,,,,,,
2021-10-14,,,,,,,,
2021-10-15,,,,,,,,
2021-10-18,,,,,,,,
2021-10-19,,,,,,,,
2021-10-20,,,,,,,,
2021-10-21,,,,,,,,
2021-10-22,,,,,,,,
2021-10-25,,,,,,,,
2021-10-26,,,,,,,,
2021-10-27,,,,,,,,
2021-10-28,,,,,,,,
2021-10-29,,,,,,,,
2021-11-01,0.0,0.029082955676898458,0.025294329164377058,0.025444355829276746,0.026202347850721716,0.008667680763928532,0.0,0.0260393481341537
2021-11-02,,,,,,,,
2021-11-03,,,,,,,,
2021-11-04,,,,,,,,
2021-11-05,,,,,,,,
2021-11-08,,,,,,,,
2021-11-09,,,,,,,,
2021-11-10,,,,,,,,
2021-11-11,,,,,,,,
2021-11-12,,,,,,,,
2021-11-15,,,,,,,,
2021-11-16,,,,,,,,
2021-11-17,,,,,,,,
2021-11-18,,,,,,,,
2021-11-19,,,,,,,,
2021-11-22,,,,,,,,
2021-11-23,,,,,,,,
2021-11-24,,,,,,,,
2021-11-26,,,,,,,,
2021-11-29,,,,,,,,
2021-11-30,,,,,,,,
2021-12-01,0.0,0.012300111166234756,0.010790247529648314,0.012042365393333672,0.020149860771621165,0.013944839913100403,0.0,0.0320686918895788
2021-12-02,,,,,,,,
2021-12-03,,,,,,,,
2021-12-06,,,,,,,,
2021-12-07,,,,,,,,
2021-12-08,,,,,,,,
2021-12-09,,,,,,,,
2021-12-10,,,,,,,,
2021-12-13,,,,,,,,
2021-12-14,,,,,,,,
2021-12-15,,,,,,,,
2021-12-16,,,,,,,,
2021-12-17,,,,,,,,
2021-12-20,,,,,,,,
2021-12-21,,,,,,,,
2021-12-22,,,,,,,,
2021-12-23,,,,,,,,
2021-12-27,,,,,,,,
2021-12-28,,,,,,,,
2021-12-29,,,,,,,,
2021-12-30,,,,,,,,
2021-12-31,,,,,,,,
2022-01-03,0.0,0.03409722780995396,0.0296246331120416,0.03201903542906545,0.035803767904705235,0.01830316663262741,0.0,0.05255725029025279
2022-01-04,,,,,,,,
2022-01-05,,,,,,,,
2022-01-06,,,,,,,,
2022-01-07,,,,,,,,
2022-01-10,,,,,,,,
2022-01-11,,,,,,,,
2022-01-12,,,,,,,,
2022-01-13,,,,,,,,
2022-01-14,,,,,,,,
2022-01-18,,,,,,,,
2022-01-19,,,,,,,,
2022-01-20,,,,,,,,
2022-01-21,,,,,,,,
2022-01-24,,,,,,,,
2022-01-25,,,,,,,,
2022-01-26,,,,,,,,
2022-01-27,,,,,,,,
2022-01-28,,,,,,,,
2022-01-31,,,,,,,,
2022-02-01,0.0,0.01920465477772221,0.016871575594014938,0.018687022015636223,0.03349384554242027,0.0016440044608121871,0.0,0.031107525687882918
2022-02-02,,,,,,,,
2022-02-03,,,,,,,,
2022-02-04,,,,,,,,
2022-02-07,,,,,,,,
2022-02-08,,,,,,,,
2022-02-09,,,,,,,,
2022-02-10,,,,,,,,
2022-02-11,,,,,,,,
2022-02-14,,,,,,,,
2022-02-15,,,,,,,,
2022-02-16,,,,,,,,
2022-02-17,,,,,,,,
2022-02-18,,,,,,,,
2022-02-22,,,,,,,,
2022-02-23,,,,,,,,
2022-02-24,,,,,,,,
2022-02-25,,,,,,,,
2022-02-28,,,,,,,,
2022-03-01,0.0,0.02350651864060721,0.020669425945170933,0.019728381389093424,0.041731701679118466,0.004821529359279666,0.0,0.03675165259626248
2022-03-02,,,,,,,,
2022-03-03,,,,,,,,
2022-03-04,,,,,,,,
2022-03-07,,,,,,,,
2022-03-08,,,,,,,,
2022-03-09,,,,,,,,
2022-03-10,,,,,,,,
2022-03-11,,,,,,,,
2022-03-14,,,,,,,,
2022-03-15,,,,,,,,
2022-03-16,,,,,,,,
2022-03-17,,,,,,,,
2022-03-18,,,,,,,,
2022-03-21,,,,,,,,
2022-03-22,,,,,,,,
2022-03-23,,,,,,,,
2022-03-24,,,,,,,,
2022-03-25,,,,,,,,
2022-03-28,,,,,,,,
2022-03-29,,,,,,,,
2022-03-30,,,,,,,,
2022-03-31,,,,,,,,
2022-04-01,0.0,0.04281885092126405,0.037135226281507075,0.03895876700811285,0.04247990853232663,0.002998342698543418,0.0,0.057953073491208755
2022-04-04,,,,,,,,
2022-04-05,,,,,,,,
2022-04-06,,,,,,,,
2022-04-07,,,,,,,,
2022-04-08,,,,,,,,
2022-04-11,,,,,,,,
2022-04-12,,,,,,,,
2022-04-13,,,,,,,,
2022-04-14,,,,,,,,
2022-04-18,,,,,,,,
2022-04-19,,,,,,,,
2022-04-20,,,,,,,,
2022-04-21,,,,,,,,
2022-04-22,,,,,,,,
2022-04-25,,,,,,,,
2022-04-26,,,,,,,,
2022-04-27,,,,,,,,
2022-04-28,,,,,,,,
2022-04-29,,,,,,,,
2022-05-02,0.0,0.022822708106967474,0.02006527457373881,0.01979910927456055,0.03518051896452439,0.03804011090884039,0.0,0.036804291159301644
2022-05-03,,,,,,,,
2022-05-04,,,,,,,,
2022-05-05,,,,,,,,
2022-05-06,,,,,,,,
2022-05-09,,,,,,,,
2022-05-10,,,,,,,,
2022-05-11,,,,,,,,
2022-05-12,,,,,,,,
2022-05-13,,,,,,,,
2022-05-16,,,,,,,,
2022-05-17,,,,,,,,
2022-05-18,,,,,,,,
2022-05-19,,,,,,,,
2022-05-20,,,,,,,,
2022-05-23,,,,,,,,
2022-05-24,,,,,,,,
2022-05-25,,,,,,,,
2022-05-26,,,,,,,,
2022-05-27,,,,,,,,
2022-05-31,,,,,,,,
2022-06-01,0.0,0.0106012845699767,0.009296656603354957,0.010422222325636043,0.014843090968556842,0.007222582588157609,0.0,0.011200599031038018
2022-06-02,,,,,,,,
2022-06-03,,,,,,,,
2022-06-06,,,,,,,,
2022-06-07,,,,,,,,
2022-06-08,,,,,,,,
2022-06-09,,,,,,,,
2022-06-10,,,,,,,,
2022-06-13,,,,,,,,
2022-06-14,,,,,,,,
2022-06-15,,,,,,,,
2022-06-16,,,,,,,,
2022-06-17,,,,,,,,
2022-06-21,,,,,,,,
2022-06-22,,,,,,,,
2022-06-23,,,,,,,,
2022-06-24,,,,,,,,
2022-06-27,,,,,,,,
2022-06-28,,,,,,,,
2022-06-29,,,,,,,,
2022-06-30,,,,,,,,
2022-07-01,0.0,0.03207554930567513,0.028254916468782757,0.027114801263305708,0.028866251565347195,0.004553299442766568,0.0,0.031756178411047935
2022-07-05,,,,,,,,
2022-07-06,,,,,,,,
2022-07-07,,,,,,,,
2022-07-08,,,,,,,,
2022-07-11,,,,,,,,
2022-07-12,,,,,,,,
2022-07-13,,,,,,,,
2022-07-14,,,,,,,,
2022-07-15,,,,,,,,
2022-07-18,,,,,,,,
2022-07-19,,,,,,,,
2022-07-20,,,,,,,,
2022-07-21,,,,,,,,
2022-07-22,,,,,,,,
2022-07-25,,,,,,,,
2022-07-26,,,,,,,,
2022-07-27,,,,,,,,
2022-07-28,,,,,,,,
2022-07-29,,,,,,,,
2022-08-01,0.0,0.025609764842571804,0.02228962091432392,0.021287915613790728,0.03548756983069124,0.006624955608810024,0.0,0.02624073321827454
2022-08-02,,,,,,,,
2022-08-03,,,,,,,,
2022-08-04,,,,,,,,
2022-08-05,,,,,,,,
2022-08-08,,,,,,,,
2022-08-09,,,,,,,,
2022-08-10,,,,,,,,
2022-08-11,,,,,,,,
2022-08-12,,,,,,,,
2022-08-15,,,,,,,,
2022-08-16,,,,,,,,
2022-08-17,,,,,,,,
2022-08-18,,,,,,,,
2022-08-19,,,,,,,,
2022-08-22,,,,,,,,
2022-08-23,,,,,,,,
2022-08-24,,,,,,,,
2022-08-25,,,,,,,,
2022-08-26,,,,,,,,
2022-08-29,,,,,,,,
2022-08-30,,,,,,,,
2022-08-31,,,,,,,,
2022-09-01,0.0,0.0005539025110729151,0.00048460877510187204,0.0025296064598715824,0.004629171696121663,0.017879626536542643,0.0,0.017354983755345596
2022-09-02,,,,,,,,
2022-09-06,,,,,,,,
2022-09-07,,,,,,,,
2022-09-08,,,,,,,,
2022-09-09,,,,,,,,
2022-09-12,,,,,,,,
2022-09-13,,,,,,,,
2022-09-14,,,,,,,,
2022-09-15,,,,,,,,
2022-09-16,,,,,,,,
2022-09-19,,,,,,,,
2022-09-20,,,,,,,,
2022-09-21,,,,,,,,
2022-09-22,,,,,,,,
2022-09-23,,,,,,,,
2022-09-26,,,,,,,,
2022-09-27,,,,,,,,
2022-09-28,,,,,,,,
2022-09-29,,,,,,,,
2022-09-30,,,,,,,,
2022-10-03,0.0,0.021980282083274995,0.01932122305891322,0.022105487705327328,0.03082013046864337,0.011484410595510005,0.0,0.02768155221222868
2022-10-04,,,,,,,,
2022-10-05,,,,,,,,
2022-10-06,,,,,,,,
2022-10-07,,,,,,,,
2022-10-10,,,,,,,,
2022-10-11,,,,,,,,
2022-10-12,,,,,,,,
2022-10-13,,,,,,,,
2022-10-14,,,,,,,,
2022-10-17,,,,,,,,
2022-10-18,,,,,,,,
2022-10-19,,,,,,,,
2022-10-20,,,,,,,,
2022-10-21,,,,,,,,
2022-10-24,,,,,,,,
2022-10-25,,,,,,,,
2022-10-26,,,,,,,,
2022-10-27,,,,,,,,
2022-10-28,,,,,,,,
2022-10-31,,,,,,,,
2022-11-01,0.0,0.03158959882018432,0.027460178959978737,0.027328199632601222,0.0302925267838756,0.02066413313785587,0.0,0.043147369884775376
2022-11-02,,,,,,,,
2022-11-03,,,,,,,,
2022-11-04,,,,,,,,
2022-11-07,,,,,,,,
2022-11-08,,,,,,,,
2022-11-09,,,,,,,,
2022-11-10,,,,,,,,
2022-11-11,,,,,,,,
2022-11-14,,,,,,,,
2022-11-15,,,,,,,,
2022-11-16,,,,,,,,
2022-11-17,,,,,,,,
2022-11-18,,,,,,,,
2022-11-21,,,,,,,,
2022-11-22,,,,,,,,
2022-11-23,,,,,,,,
2022-11-25,,,,,,,,
2022-11-28,,,,,,,,
2022-11-29,,,,,,,,
2022-11-30,,,,,,,,
2022-12-01,0.0,0.005653745102470646,0.004941206897100364,0.0050756047253723525,0.014360768891532533,0.02233857866318869,0.0,0.019166852250514028
2022-12-02,,,,,,,,
2022-12-05,,,,,,,,
2022-12-06,,,,,,,,
2022-12-07,,,,,,,,
2022-12-08,,,,,,,,
2022-12-09,,,,,,,,
2022-12-12,,,,,,,,
2022-12-13,,,,,,,,
2022-12-14,,,,,,,,
2022-12-15,,,,,,,,
2022-12-16,,,,,,,,
2022-12-19,,,,,,,,
2022-12-20,,,,,,,,
2022-12-21,,,,,,,,
2022-12-22,,,,,,,,
2022-12-23,,,,,,,,
2022-12-27,,,,,,,,
2022-12-28,,,,,,,,
2022-12-29,,,,,,,,
2022-12-30,,,,,,,,
2023-01-03,0.0,0.025449342251109126,0.022386868444088,0.021438084409226763,0.026490105732723975,0.010517524259587952,0.0,0.016947765059962126
2023-01-04,,,,,,,,
2023-01-05,,,,,,,,
2023-01-06,,,,,,,,
2023-01-09,,,,,,,,
2023-01-10,,,,,,,,
2023-01-11,,,,,,,,
2023-01-12,,,,,,,,
2023-01-13,,,,,,,,
2023-01-17,,,,,,,,
2023-01-18,,,,,,,,
2023-01-19,,,,,,,,
2023-01-20,,,,,,,,
2023-01-23,,,,,,,,
2023-01-24,,,,,,,,
2023-01-25,,,,,,,,
2023-01-26,,,,,,,,
2023-01-27,,,,,,,,
2023-01-30,,,,,,,,
2023-01-31,,,,,,,,
2023-02-01,0.0,0.0193116429756986,0.016829976251100658,0.018609517339160168,0.022941085659015835,0.016073373578981212,0.0,0.017542524697862934
2023-02-02,,,,,,,,
2023-02-03,,,,,,,,
2023-02-06,,,,,,,,
2023-02-07,,,,,,,,
2023-02-08,,,,,,,,
2023-02-09,,,,,,,,
2023-02-10,,,,,,,,
2023-02-13,,,,,,,,
2023-02-14,,,,,,,,
2023-02-15,,,,,,,,
2023-02-16,,,,,,,,
2023-02-17,,,,,,,,
2023-02-21,,,,,,,,
2023-02-22,,,,,,,,
2023-02-23,,,,,,,,
2023-02-24,,,,,,,,
2023-02-27,,,,,,,,
2023-02-28,,,,,,,,
2023-03-01,0.0,0.00086653684591533,0.0007583566451706637,0.00678059142819092,0.010676055271703705,0.01201133148670949,0.0,0.016963540801555172
2023-03-02,,,,,,,,
2023-03-03,,,,,,,,
2023-03-06,,,,,,,,
2023-03-07,,,,,,,,
2023-03-08,,,,,,,,
2023-03-09,,,,,,,,
2023-03-10,,,,,,,,
2023-03-13,,,,,,,,
2023-03-14,,,,,,,,
2023-03-15,,,,,,,,
2023-03-16,,,,,,,,
2023-03-17,,,,,,,,
2023-03-20,,,,,,,,
2023-03-21,,,,,,,,
2023-03-22,,,,,,,,
2023-03-23,,,,,,,,
2023-03-24,,,,,,,,
2023-03-27,,,,,,,,
2023-03-28,,,,,,,,
2023-03-29,,,,,,,,
2023-03-30,,,,,,,,
2023-03-31,,,,,,,,
2023-04-03,0.0,0.0032279320660113377,0.0028225424379175594,0.010154486462581058,0.017038781112045966,0.006745260576099092,0.0,0.02255576262769543
2023-04-04,,,,,,,,
2023-04-05,,,,,,,,
2023-04-06,,,,,,,,
2023-04-10,,,,,,,,
2023-04-11,,,,,,,,
2023-04-12,,,,,,,,
2023-04-13,,,,,,,,
2023-04-14,,,,,,,,
2023-04-17,,,,,,,,
2023-04-18,,,,,,,,
2023-04-19,,,,,,,,
2023-04-20,,,,,,,,
2023-04-21,,,,,,,,
2023-04-24,,,,,,,,
2023-04-25,,,,,,,,
2023-04-26,,,,,,,,
2023-04-27,,,,,,,,
2023-04-28,,,,,,,,
2023-05-01,0.0,0.00926914848871623,0.00809487313989095,0.0077644497435296845,0.010741659923366982,0.011073599692908389,0.0,0.015149944394662614
2023-05-02,,,,,,,,
2023-05-03,,,,,,,,
2023-05-04,,,,,,,,
2023-05-05,,,,,,,,
2023-05-08,,,,,,,,
2023-05-09,,,,,,,,
2023-05-10,,,,,,,,
2023-05-11,,,,,,,,
2023-05-12,,,,,,,,
2023-05-15,,,,,,,,
2023-05-16,,,,,,,,
2023-05-17,,,,,,,,
2023-05-18,,,,,,,,
2023-05-19,,,,,,,,
2023-05-22,,,,,,,,
2023-05-23,,,,,,,,
2023-05-24,,,,,,,,
2023-05-25,,,,,,,,
2023-05-26,,,,,,,,
2023-05-30,,,,,,,,
2023-05-31,,,,,,,,
2023-06-01,0.0,0.005207851451540872,0.004551931315492249,0.009297898403056514,0.013910444874281601,0.0012144059842379557,0.0,0.014265433580619404
2023-06-02,,,,,,,,
2023-06-05,,,,,,,,
2023-06-06,,,,,,,,
2023-06-07,,,,,,,,
2023-06-08,,,,,,,,
2023-06-09,,,,,,,,
2023-06-12,,,,,,,,
2023-06-13,,,,,,,,
2023-06-14,,,,,,,,
2023-06-15,,,,,,,,
2023-06-16,,,,,,,,
2023-06-20,,,,,,,,
2023-06-21,,,,,,,,
2023-06-22,,,,,,,,
2023-06-23,,,,,,,,
2023-06-26,,,,,,,,
2023-06-27,,,,,,,,
2023-06-28,,,,,,,,
2023-06-29,,,,,,,,
2023-06-30,,,,,,,,
2023-07-03,0.0,0.02955583391173734,0.025703088792899068,0.02630940752126439,0.03202609986373521,0.006161793371714233,0.0,0.03398934423632831
2023-07-05,,,,,,,,
2023-07-06,,,,,,,,
2023-07-07,,,,,,,,
2023-07-10,,,,,,,,
2023-07-11,,,,,,,,
2023-07-12,,,,,,,,
2023-07-13,,,,,,,,
2023-07-14,,,,,,,,
2023-07-17,,,,,,,,
2023-07-18,,,,,,,,
2023-07-19,,,,,,,,
2023-07-20,,,,,,,,
2023-07-21,,,,,,,,
2023-07-24,,,,,,,,
2023-07-25,,,,,,,,
2023-07-26,,,,,,,,
2023-07-27,,,,,,,,
2023-07-28,,,,,,,,
2023-07-31,,,,,,,,
2023-08-01,0.0,0.01552149073255568,0.013537528843385285,0.013801091276719402,0.018359012880086536,0.01427834045394305,0.0,0.025207164170313923
2023-08-02,,,,,,,,
2023-08-03,,,,,,,,
2023-08-04,,,,,,,,
2023-08-07,,,,,,,,
2023-08-08,,,,,,,,
2023-08-09,,,,,,,,
2023-08-10,,,,,,,,
2023-08-11,,,,,,,,
2023-08-14,,,,,,,,
2023-08-15,,,,,,,,
2023-08-16,,,,,,,,
2023-08-17,,,,,,,,
2023-08-18,,,,,,,,
2023-08-21,,,,,,,,
2023-08-22,,,,,,,,
2023-08-23,,,,,,,,
2023-08-24,,,,,,,,
2023-08-25,,,,,,,,
2023-08-28,,,,,,,,
2023-08-29,,,,,,,,
2023-08-30,,,,,,,,
2023-08-31,,,,,,,,
2023-09-01,0.0,0.004096020397457917,0.003587078836959697,0.0046399550654161095,0.008142053263245063,0.011747615219406515,0.0,0.01145866539421757
2023-09-05,,,,,,,,
2023-09-06,,,,,,,,
2023-09-07,,,,,,,,
2023-09-08,,,,,,,,
2023-09-11,,,,,,,,
2023-09-12,,,,,,,,
2023-09-13,,,,,,,,
2023-09-14,,,,,,,,
2023-09-15,,,,,,,,
2023-09-18,,,,,,,,
2023-09-19,,,,,,,,
2023-09-20,,,,,,,,
2023-09-21,,,,,,,,
2023-09-22,,,,,,,,
2023-09-25,,,,,,,,
2023-09-26,,,,,,,,
2023-09-27,,,,,,,,
2023-09-28,,,,,,,,
2023-09-29,,,,,,,,
2023-10-02,0.0,0.011369916707699924,0.009972298829043698,0.012589714511361112,0.01837959391508982,0.025058176563911426,0.0,0.022057158569654026
2023-10-03,,,,,,,,
2023-10-04,,,,,,,,
2023-10-05,,,,,,,,
2023-10-06,,,,,,,,
2023-10-09,,,,,,,,
2023-10-10,,,,,,,,
2023-10-11,,,,,,,,
2023-10-12,,,,,,,,
2023-10-13,,,,,,,,
2023-10-16,,,,,,,,
2023-10-17,,,,,,,,
2023-10-18,,,,,,,,
2023-10-19,,,,,,,,
2023-10-20,,,,,,,,
2023-10-23,,,,,,,,
2023-10-24,,,,,,,,
2023-10-25,,,,,,,,
2023-10-26,,,,,,,,
2023-10-27,,,,,,,,
2023-10-30,,,,,,,,
2023-10-31,,,,,,,,
2023-11-01,0.0,0.006729012752774607,0.005896151842206751,0.005916602193959087,0.015995783078799744,0.008989357826414208,0.0,0.014287691503140031
2023-11-02,,,,,,,,
2023-11-03,,,,,,,,
2023-11-06,,,,,,,,
2023-11-07,,,,,,,,
2023-11-08,,,,,,,,
2023-11-09,,,,,,,,
2023-11-10,,,,,,,,
2023-11-13,,,,,,,,
2023-11-14,,,,,,,,
2023-11-15,,,,,,,,
2023-11-16,,,,,,,,
2023-11-17,,,,,,,,
2023-11-20,,,,,,,,
2023-11-21,,,,,,,,
2023-11-22,,,,,,,,
2023-11-24,,,,,,,,
2023-11-27,,,,,,,,
2023-11-28,,,,,,,,
2023-11-29,,,,,,,,
2023-11-30,,,,,,,,
2023-12-01,0.0,0.0182447960046795,0.01590374637735179,0.019001225662742625,0.031204261682439106,0.02466967447669475,0.0,0.02924532516440907
2023-12-04,,,,,,,,
2023-12-05,,,,,,,,
2023-12-06,,,,,,,,
2023-12-07,,,,,,,,
2023-12-08,,,,,,,,
2023-12-11,,,,,,,,
2023-12-12,,,,,,,,
2023-12-13,,,,,,,,
2023-12-14,,,,,,,,
2023-12-15,,,,,,,,
2023-12-18,,,,,,,,
2023-12-19,,,,,,,,
2023-12-20,,,,,,,,
2023-12-21,,,,,,,,
2023-12-22,,,,,,,,
2023-12-26,,,,,,,,
2023-12-27,,,,,,,,
2023-12-28,,,,,,,,
2023-12-29,,,,,,,,
2024-01-02,0.0,0.00428644212695541,0.0037472904977836913,0.008386765287287592,0.01761819432303774,0.01747529440655657,0.0,0.02319971714681063
2024-01-03,,,,,,,,
2024-01-04,,,,,,,,
2024-01-05,,,,,,,,
2024-01-08,,,,,,,,
2024-01-09,,,,,,,,
2024-01-10,,,,,,,,
2024-01-11,,,,,,,,
2024-01-12,,,,,,,,
2024-01-16,,,,,,,,
2024-01-17,,,,,,,,
2024-01-18,,,,,,,,
2024-01-19,,,,,,,,
2024-01-22,,,,,,,,
2024-01-23,,,,,,,,
2024-01-24,,,,,,,,
2024-01-25,,,,,,,,
2024-01-26,,,,,,,,
2024-01-29,,,,,,,,
2024-01-30,,,,,,,,
2024-01-31,,,,,,,,
2024-02-01,0.0,0.011944263395023138,0.01042528830616643,0.017959514957148075,0.016891348537676494,0.00407128833478833,0.0,0.017897320834929134
2024-02-02,,,,,,,,
2024-02-05,,,,,,,,
2024-02-06,,,,,,,,
2024-02-07,,,,,,,,
2024-02-08,,,,,,,,
2024-02-09,,,,,,,,
2024-02-12,,,,,,,,
2024-02-13,,,,,,,,
2024-02-14,,,,,,,,
2024-02-15,,,,,,,,
2024-02-16,,,,,,,,
2024-02-20,,,,,,,,
2024-02-21,,,,,,,,
2024-02-22,,,,,,,,
2024-02-23,,,,,,,,
2024-02-26,,,,,,,,
2024-02-27,,,,,,,,
2024-02-28,,,,,,,,
2024-02-29,,,,,,,,
2024-03-01,0.0,0.029441950877815547,0.025604654729176158,0.025938447901052295,0.02366395218165507,0.006663327988024596,0.0,0.02879714906489723
2024-03-04,,,,,,,,
2024-03-05,,,,,,,,
2024-03-06,,,,,,,,
2024-03-07,,,,,,,,
2024-03-08,,,,,,,,
2024-03-11,,,,,,,,
2024-03-12,,,,,,,,
2024-03-13,,,,,,,,
2024-03-14,,,,,,,,
2024-03-15,,,,,,,,
2024-03-18,,,,,,,,
2024-03-19,,,,,,,,
2024-03-20,,,,,,,,
2024-03-21,,,,,,,,
2024-03-22,,,,,,,,
2024-03-25,,,,,,,,
2024-03-26,,,,,,,,
2024-03-27,,,,,,,,
2024-03-28,,,,,,,,
2024-04-01,0.0,0.011328446535343817,0.009889051636602857,0.012083254432871409,0.01828752260277564,0.005445968378244628,0.0,0.022664591605459982
2024-04-02,,,,,,,,
2024-04-03,,,,,,,,
2024-04-04,,,,,,,,
2024-04-05,,,,,,,,
2024-04-08,,,,,,,,
2024-04-09,,,,,,,,
2024-04-10,,,,,,,,
2024-04-11,,,,,,,,
2024-04-12,,,,,,,,
2024-04-15,,,,,,,,
2024-04-16,,,,,,,,
2024-04-17,,,,,,,,
2024-04-18,,,,,,,,
2024-04-19,,,,,,,,
2024-04-22,,,,,,,,
2024-04-23,,,,,,,,
2024-04-24,,,,,,,,
2024-04-25,,,,,,,,
2024-04-26,,,,,,,,
2024-04-29,,,,,,,,
2024-04-30,,,,,,,,
2024-05-01,0.0,0.014276510032934616,0.012529211573553963,0.013826521198578143,0.022370195110816202,0.010907071665970542,0.0,0.018779832211464603
2024-05-02,,,,,,,,
2024-05-03,,,,,,,,
2024-05-06,,,,,,,,
2024-05-07,,,,,,,,
2024-05-08,,,,,,,,
2024-05-09,,,,,,,,
2024-05-10,,,,,,,,
2024-05-13,,,,,,,,
2024-05-14,,,,,,,,
2024-05-15,,,,,,,,
2024-05-16,,,,,,,,
2024-05-17,,,,,,,,
2024-05-20,,,,,,,,
2024-05-21,,,,,,,,
2024-05-22,,,,,,,,
2024-05-23,,,,,,,,
2024-05-24,,,,,,,,
2024-05-28,,,,,,,,
2024-05-29,,,,,,,,
2024-05-30,,,,,,,,
2024-05-31,,,,,,,,
2024-06-03,0.0,0.015497958577871365,0.013517070630486355,0.01295465516876663,0.01771074269591411,0.008372168582618675,0.0,0.012835838939979539
2024-06-04,,,,,,,,
2024-06-05,,,,,,,,
2024-06-06,,,,,,,,
2024-06-07,,,,,,,,
2024-06-10,,,,,,,,
2024-06-11,,,,,,,,
2024-06-12,,,,,,,,
2024-06-13,,,,,,,,
2024-06-14,,,,,,,,
2024-06-17,,,,,,,,
2024-06-18,,,,,,,,
2024-06-20,,,,,,,,
2024-06-21,,,,,,,,
2024-06-24,,,,,,,,
2024-06-25,,,,,,,,
2024-06-26,,,,,,,,
2024-06-27,,,,,,,,
2024-06-28,,,,,,,,
2024-07-01,0.0,0.018278952436628467,0.01593340713389284,0.016604926056307263,0.017188354481695145,0.006771297577891744,0.0,0.01854390770123334
2024-07-02,,,,,,,,
2024-07-03,,,,,,,,
2024-07-05,,,,,,,,
2024-07-08,,,,,,,,
2024-07-09,,,,,,,,
2024-07-10,,,,,,,,
2024-07-11,,,,,,,,
2024-07-12,,,,,,,,
2024-07-15,,,,,,,,
2024-07-16,,,,,,,,
2024-07-17,,,,,,,,
2024-07-18,,,,,,,,
2024-07-19,,,,,,,,
2024-07-22,,,,,,,,
2024-07-23,,,,,,,,
2024-07-24,,,,,,,,
2024-07-25,,,,,,,,
2024-07-26,,,,,,,,
2024-07-29,,,,,,,,
2024-07-30,,,,,,,,
2024-07-31,,,,,,,,
2024-08-01,0.0,0.018629010841824393,0.016363893475966732,0.026365361386975608,0.03170214450322034,0.010679524915029949,0.0,0.03606753542696571
2024-08-02,,,,,,,,
2024-08-05,,,,,,,,
2024-08-06,,,,,,,,
2024-08-07,,,,,,,,
2024-08-08,,,,,,,,
2024-08-09,,,,,,,,
2024-08-12,,,,,,,,
2024-08-13,,,,,,,,
2024-08-14,,,,,,,,
2024-08-15,,,,,,,,
2024-08-16,,,,,,,,
2024-08-19,,,,,,,,
2024-08-20,,,,,,,,
2024-08-21,,,,,,,,
2024-08-22,,,,,,,,
2024-08-23,,,,,,,,
2024-08-26,,,,,,,,
2024-08-27,,,,,,,,
2024-08-28,,,,,,,,
2024-08-29,,,,,,,,
2024-08-30,,,,,,,,
2024-09-03,0.0,0.0002145349988824196,0.000187709734374697,0.004638828038454851,0.008359984649358136,0.006425082477472768,0.0,0.010931444725557612
2024-09-04,,,,,,,,
2024-09-05,,,,,,,,
2024-09-06,,,,,,,,
2024-09-09,,,,,,,,
2024-09-10,,,,,,,,
2024-09-11,,,,,,,,
2024-09-12,,,,,,,,
2024-09-13,,,,,,,,
2024-09-16,,,,,,,,
2024-09-17,,,,,,,,
2024-09-18,,,,,,,,
2024-09-19,,,,,,,,
2024-09-20,,,,,,,,
2024-09-23,,,,,,,,
2024-09-24,,,,,,,,
2024-09-25,,,,,,,,
2024-09-26,,,,,,,,
2024-09-27,,,,,,,,
2024-09-30,,,,,,,,
2024-10-01,0.0,0.009742113140819677,0.008507082963897943,0.008163063484520307,0.011619087522112008,1.1883460667219538e-05,0.0,0.012200924797868462
2024-10-02,,,,,,,,
2024-10-03,,,,,,,,
2024-10-04,,,,,,,,
2024-10-07,,,,,,,,
2024-10-08,,,,,,,,
2024-10-09,,,,,,,,
2024-10-10,,,,,,,,
2024-10-11,,,,,,,,
2024-10-14,,,,,,,,
2024-10-15,,,,,,,,
2024-10-16,,,,,,,,
2024-10-17,,,,,,,,
2024-10-18,,,,,,,,
2024-10-21,,,,,,,,
2024-10-22,,,,,,,,
2024-10-23,,,,,,,,
2024-10-24,,,,,,,,
2024-10-25,,,,,,,,
2024-10-28,,,,,,,,
2024-10-29,,,,,,,,
2024-10-30,,,,,,,,
2024-10-31,,,,,,,,
2024-11-01,0.0,0.017044752698961926,0.014861385976439054,0.017832094681528066,0.01905430438211424,0.01672516567975171,0.0,0.030946349583255473
2024-11-04,,,,,,,,
2024-11-05,,,,,,,,
2024-11-06,,,,,,,,
2024-11-07,,,,,,,,
2024-11-08,,,,,,,,
2024-11-11,,,,,,,,
2024-11-12,,,,,,,,
2024-11-13,,,,,,,,
2024-11-14,,,,,,,,
2024-11-15,,,,,,,,
2024-11-18,,,,,,,,
2024-11-19,,,,,,,,
2024-11-20,,,,,,,,
2024-11-21,,,,,,,,
2024-11-22,,,,,,,,
2024-11-25,,,,,,,,
2024-11-26,,,,,,,,
2024-11-27,,,,,,,,
2024-11-29,,,,,,,,
2024-12-02,0.0,0.018610620210315627,0.016221398872838265,0.01584890687414832,0.026102842779009393,0.010131188455212813,0.0,0.020526374796759644
2024-12-03,,,,,,,,
2024-12-04,,,,,,,,
2024-12-05,,,,,,,,
2024-12-06,,,,,,,,
2024-12-09,,,,,,,,
2024-12-10,,,,,,,,
2024-12-11,,,,,,,,
2024-12-12,,,,,,,,
2024-12-13,,,,,,,,
2024-12-16,,,,,,,,
2024-12-17,,,,,,,,
2024-12-18,,,,,,,,
2024-12-19,,,,,,,,
2024-12-20,,,,,,,,
2024-12-23,,,,,,,,
2024-12-24,,,,,,,,
2024-12-26,,,,,,,,
2024-12-27,,,,,,,,
2024-12-30,,,,,,,,
2024-12-31,,,,,,,,
2025-01-02,0.0,0.006191439130464074,0.0054245062183360705,0.009856858016676674,0.019247264477927618,0.021683724206066284,0.0,0.02699435887890586
2025-01-03,,,,,,,,
2025-01-06,,,,,,,,
2025-01-07,,,,,,,,
2025-01-08,,,,,,,,
2025-01-10,,,,,,,,
2025-01-13,,,,,,,,
2025-01-14,,,,,,,,
2025-01-15,,,,,,,,
2025-01-16,,,,,,,,
2025-01-17,,,,,,,,
2025-01-21,,,,,,,,
2025-01-22,,,,,,,,
2025-01-23,,,,,,,,
2025-01-24,,,,,,,,
2025-01-27,,,,,,,,
2025-01-28,,,,,,,,
2025-01-29,,,,,,,,
2025-01-30,,,,,,,,
2025-01-31,,,,,,,,
2025-02-03,0.0,0.007311537373373557,0.006387864969730524,0.006502943706615527,0.008925926065654647,0.0019793119742577358,0.0,0.008634703586960751
2025-02-04,,,,,,,,
2025-02-05,,,,,,,,
2025-02-06,,,,,,,,
2025-02-07,,,,,,,,
2025-02-10,,,,,,,,
2025-02-11,,,,,,,,
2025-02-12,,,,,,,,
2025-02-13,,,,,,,,
2025-02-14,,,,,,,,
2025-02-18,,,,,,,,
2025-02-19,,,,,,,,
2025-02-20,,,,,,,,
2025-02-21,,,,,,,,
2025-02-24,,,,,,,,
2025-02-25,,,,,,,,
2025-02-26,,,,,,,,
2025-02-27,,,,,,,,
2025-02-28,,,,,,,,
2025-03-03,0.0,0.023050105391993325,0.02026616246397049,0.025461996995612843,0.02495590713553109,0.010714741635305839,0.0,0.029615890487877813
2025-03-04,,,,,,,,
2025-03-05,,,,,,,,
2025-03-06,,,,,,,,
2025-03-07,,,,,,,,
2025-03-10,,,,,,,,
2025-03-11,,,,,,,,
2025-03-12,,,,,,,,
2025-03-13,,,,,,,,
2025-03-14,,,,,,,,
2025-03-17,,,,,,,,
2025-03-18,,,,,,,,
2025-03-19,,,,,,,,
2025-03-20,,,,,,,,
2025-03-21,,,,,,,,
2025-03-24,,,,,,,,
2025-03-25,,,,,,,,
2025-03-26,,,,,,,,
2025-03-27,,,,,,,,
2025-03-28,,,,,,,,
2025-03-31,,,,,,,,
2025-04-01,0.0,0.018796287080108914,0.01651140810485278,0.016066118545887787,0.029172028787936805,0.005722591896011218,0.0,0.023279851280679185
2025-04-02,,,,,,,,
2025-04-03,,,,,,,,
2025-04-04,,,,,,,,
2025-04-07,,,,,,,,
2025-04-08,,,,,,,,
2025-04-09,,,,,,,,
2025-04-10,,,,,,,,
2025-04-11,,,,,,,,
2025-04-14,,,,,,,,
2025-04-15,,,,,,,,
2025-04-16,,,,,,,,
2025-04-17,,,,,,,,
2025-04-21,,,,,,,,
2025-04-22,,,,,,,,
2025-04-23,,,,,,,,
2025-04-24,,,,,,,,
2025-04-25,,,,,,,,
2025-04-28,,,,,,,,
2025-04-29,,,,,,,,
2025-04-30,,,,,,,,
2025-05-01,0.0,0.0014528365073211201,0.0012716168296044892,0.0031700120497466103,0.01700326879839324,0.015020827191438749,0.0,0.01857822711697127
2025-05-02,,,,,,,,
2025-05-05,,,,,,,,
2025-05-06,,,,,,,,
2025-05-07,,,,,,,,
2025-05-08,,,,,,,,
2025-05-09,,,,,,,,
2025-05-12,,,,,,,,
2025-05-13,,,,,,,,
2025-05-14,,,,,,,,
2025-05-15,,,,,,,,
2025-05-16,,,,,,,,
2025-05-19,,,,,,,,
2025-05-20,,,,,,,,
2025-05-21,,,,,,,,
2025-05-22,,,,,,,,
2025-05-23,,,,,,,,
2025-05-27,,,,,,,,
2025-05-28,,,,,,,,
2025-05-29,,,,,,,,
2025-05-30,,,,,,,,
2025-06-02,0.0,0.030282274369631806,0.026330873669086208,0.028471873030460986,0.025538073484179587,0.012694279536366806,0.0,0.034033100305933144
2025-06-03,,,,,,,,
2025-06-04,,,,,,,,
2025-06-05,,,,,,,,
2025-06-06,,,,,,,,
2025-06-09,,,,,,,,
2025-06-10,,,,,,,,
2025-06-11,,,,,,,,
2025-06-12,,,,,,,,
2025-06-13,,,,,,,,
2025-06-16,,,,,,,,
2025-06-17,,,,,,,,
2025-06-18,,,,,,,,
2025-06-20,,,,,,,,
2025-06-23,,,,,,,,
2025-06-24,,,,,,,,
2025-06-25,,,,,,,,
2025-06-26,,,,,,,,
2025-06-27,,,,,,,,
2025-06-30,,,,,,,,
2025-07-01,0.0,0.012944761912476468,0.011296202786835534,0.013346300153139133,0.015280567822625902,0.01034013028389612,0.0,0.013965755284419738
2025-07-02,,,,,,,,
2025-07-03,,,,,,,,
2025-07-07,,,,,,,,
2025-07-08,,,,,,,,
2025-07-09,,,,,,,,
2025-07-10,,,,,,,,
2025-07-11,,,,,,,,
2025-07-14,,,,,,,,
2025-07-15,,,,,,,,
2025-07-16,,,,,,,,
2025-07-17,,,,,,,,
2025-07-18,,,,,,,,
2025-07-21,,,,,,,,
2025-07-22,,,,,,,,
2025-07-23,,,,,,,,
2025-07-24,,,,,,,,
2025-07-25,,,,,,,,
2025-07-28,,,,,,,,
2025-07-29,,,,,,,,
2025-07-30,,,,,,,,
2025-07-31,,,,,,,,
2025-08-01,0.0,0.00021858162668226557,0.0001912676332617914,0.002760289669321133,0.002749709568780211,0.0035838338401976153,0.0,0.004694738926933428
2025-08-04,,,,,,,,
2025-08-05,,,,,,,,
2025-08-06,,,,,,,,
2025-08-07,,,,,,,,
2025-08-08,,,,,,,,
2025-08-11,,,,,,,,
2025-08-12,,,,,,,,
2025-08-13,,,,,,,,
2025-08-14,,,,,,,,
2025-08-15,,,,,,,,
2025-08-18,,,,,,,,
2025-08-19,,,,,,,,
2025-08-20,,,,,,,,
2025-08-21,,,,,,,,
2025-08-22,,,,,,,,
2025-08-25,,,,,,,,
2025-08-26,,,,,,,,
2025-08-27,,,,,,,,
2025-08-28,,,,,,,,
2025-08-29,,,,,,,,
2025-09-02,0.0,0.013161011058252492,0.011484395871582703,0.011003482722335919,0.012233239102943933,0.01168468143849883,0.0,0.019535571141036896
2025-09-03,,,,,,,,
2025-09-04,,,,,,,,
2025-09-05,,,,,,,,
2025-09-08,,,,,,,,
2025-09-09,,,,,,,,
2025-09-10,,,,,,,,
2025-09-11,,,,,,,,
2025-09-12,,,,,,,,
2025-09-15,,,,,,,,
2025-09-16,,,,,,,,
2025-09-17,,,,,,,,
2025-09-18,,,,,,,,
2025-09-19,,,,,,,,
2025-09-22,,,,,,,,
2025-09-23,,,,,,,,
2025-09-24,,,,,,,,
2025-09-25,,,,,,,,
2025-09-26,,,,,,,,
2025-09-29,,,,,,,,
2025-09-30,,,,,,,,
2025-10-01,0.0,0.013709288684860394,0.01196146443902604,0.013419975993005089,0.020567614131679682,0.016241767663449175,0.0,0.018001727500962433
2025-10-02,,,,,,,,
2025-10-03,,,,,,,,
2025-10-06,,,,,,,,
2025-10-07,,,,,,,,
2025-10-08,,,,,,,,
2025-10-09,,,,,,,,
2025-10-10,,,,,,,,
2025-10-13,,,,,,,,
2025-10-14,,,,,,,,
2025-10-15,,,,,,,,
2025-10-16,,,,,,,,
2025-10-17,,,,,,,,
2025-10-20,,,,,,,,
2025-10-21,,,,,,,,
2025-10-22,,,,,,,,
2025-10-23,,,,,,,,
2025-10-24,,,,,,,,
2025-10-27,,,,,,,,
2025-10-28,,,,,,,,
2025-10-29,,,,,,,,
2025-10-30,,,,,,,,
