DATE,BTC_only,BTC_SOL_ETH,MarketCap_All
2021-04-16,0.0,0.0,0.0
2021-04-19,-0.09498552082094902,0.014316175298168865,-0.07773849284057532
2021-04-20,0.013436976092944253,0.027378999309710217,0.024409954255364408
2021-04-21,-0.045454287638402646,0.0005655134801008099,-0.03783881040568993
2021-04-22,-0.03976946598174669,0.07410867091704221,-0.02448232659375471
2021-04-23,-0.012917150838772984,-0.030403045502287562,-0.014028636274200257
2021-04-26,0.057308519320564466,0.12075117941341773,0.0689525486236986
2021-04-27,0.018721407731506323,0.011004167076713589,0.024428664123971267
2021-04-28,-0.003787066282106566,0.025314529239717887,0.003991692902178601
2021-04-29,-0.02315733013830157,-0.028916701000836653,-0.01309951611936122
2021-04-30,0.07833176806484676,0.02567312966729518,0.06481135360789492
2021-05-03,-0.009521751320426763,0.10048859649041275,0.042434421916351495
2021-05-04,-0.06760024652955032,-0.0630253805365274,-0.06584342263666743
2021-05-05,0.07669599321369813,0.07034054247302501,0.08173547712998785
2021-05-06,-0.01789307689659958,-0.0196826604064525,-0.018264673052746483
2021-05-07,0.017020319573156417,0.0028625255420895446,0.013475832846541191
2021-05-10,-0.02609308477509642,0.03541964417721122,0.021849598234654266
2021-05-11,0.01512317249631967,0.03727209455212521,0.02298015151912347
2021-05-12,-0.1332174549686006,-0.0912252796303048,-0.1335755979902269
2021-05-13,0.011508648851976444,-0.014717732808188111,0.011538889896339555
2021-05-14,0.00330563837155351,0.05146115911802651,0.02361908274528468
2021-05-17,-0.12716430201942663,-0.08453511742189312,-0.12544281488313824
2021-05-18,-0.014426855146374762,0.0783261664325654,0.005821375366394488
2021-05-19,-0.13766122609163733,-0.2791314258358365,-0.19907308395556234
2021-05-20,0.10216344466291027,0.1739261646800263,0.11633531818788567
2021-05-21,-0.08528232829817228,-0.11726050542173305,-0.10211320576211469
2021-05-24,0.037563346852005575,-0.03506935677501788,0.03839814982803369
2021-05-25,-0.007847826326095708,-0.0070225395574951,-0.007145685599404539
2021-05-26,0.023227211885217036,0.08958955686408121,0.04089002481225501
2021-05-27,-0.021815700174415587,-0.04426082268424458,-0.03188008635467976
2021-05-28,-0.07126897282320166,-0.10865417572149094,-0.08248122204355979
2021-06-01,0.027657886279355948,0.06213356064943465,0.04846743533404019
2021-06-02,0.02426756732611457,0.04924132022471883,0.03130593730017228
2021-06-03,0.043475133082156336,0.08866202146573121,0.048195452920821946
2021-06-04,-0.05902658087058821,-0.056269142767679914,-0.06075878155293102
2021-06-07,-0.0903578498095493,-0.03114315053404504,-0.07954311963789584
2021-06-08,-0.002624325484799628,0.023940423040584857,-0.0027547946736043993
2021-06-09,0.11569117681725549,0.048822872860189825,0.09275283071111828
2021-06-10,-0.017205016845092902,-0.0295862278518777,-0.026557690085718844
2021-06-11,0.01721406171757489,-0.0583561392646077,-0.0014097084171508234
2021-06-14,0.07724988872736538,0.07629897640193639,0.0755233016028849
2021-06-15,0.004669320789865594,0.03372872769574986,0.00985161186351391
2021-06-16,-0.05096256237308461,-0.05708958073329695,-0.057362655909437565
2021-06-17,-0.00765530850635554,-0.00636248422837582,-0.00465266237346329
2021-06-18,-0.05955451088244701,-0.062229953192932896,-0.058783344406242555
2021-06-21,-0.11486082845287371,-0.18792643774800188,-0.13673748732365276
2021-06-22,0.026169612701372857,0.008671265087281332,0.013876454839816033
2021-06-23,0.0374509295196066,0.0741381587321488,0.05155078968082338
2021-06-24,0.02785663774115754,0.023315465137300206,0.02764808759432502
2021-06-25,-0.08726040120880119,-0.0846559172591349,-0.08695917219534499
2021-06-28,0.08839294990913671,0.1267128741568857,0.09341824402406318
2021-06-29,0.04162825758718758,0.03589328945317405,0.04236911571389168
2021-06-30,-0.023055273214304672,0.02600703273786853,-0.00826289244964662
2021-07-01,-0.04191448950075438,-0.05751821056600581,-0.047827910553954855
2021-07-02,0.00967855812266083,0.0151236895240765,0.009555654051089935
2021-07-06,0.00997574917800259,0.0328834853565485,0.025330451130250564
2021-07-07,-0.011095808977648836,0.017072417846006882,-0.0067191670264840075
2021-07-08,-0.028886355129662422,-0.06966325006678398,-0.042037338998830776
2021-07-09,0.02800225791699651,0.014065190756547663,0.024359295711990248
2021-07-12,-0.019000054436449143,-0.04754522785023818,-0.024201799298293025
2021-07-13,-0.013687548281983153,-0.03859054245525684,-0.02082075979934539
2021-07-14,0.003679352094793753,0.03397782200904542,0.008645248625689383
2021-07-15,-0.031734999531688124,-0.054259642601070635,-0.032641084810097976
2021-07-16,-0.011302175908234458,-0.03241239936262008,-0.015550895484392702
2021-07-19,-0.01921315916604771,-0.04029829463668877,-0.027533026848743702
2021-07-20,-0.03278895069501797,-0.029036471628871685,-0.03244418187271403
2021-07-21,0.07727442675168827,0.10615591397987267,0.0856122943954869
2021-07-22,0.006303573302191001,0.020229176157283257,0.009839751609769243
2021-07-23,0.03925482537500802,0.03970797884266686,0.03871191836348942
2021-07-26,0.11184666245661079,0.05492877868283186,0.09046132278372498
2021-07-27,0.05542428661506338,0.028231963508845492,0.04745810270949424
2021-07-28,0.01494571318484983,0.0029714773975459963,0.016106412212639754
2021-07-29,0.00031292265067750513,0.04631326282348791,0.009965440933006775
2021-07-30,0.055666404612466414,0.0431207161107936,0.04803830205962378
2021-08-02,-0.07182579099729025,0.0006422246031836387,-0.04411179195685777
2021-08-03,-0.026757979365261808,-0.014920500013583471,-0.027783171213713764
2021-08-04,0.041792893187100555,0.06057824695593528,0.04765126243556206
2021-08-05,0.02822946527400849,0.036971015121173956,0.027733213099472298
2021-08-06,0.04763803587748594,0.04214410347642028,0.040751767393272686
2021-08-09,0.08288632521924977,0.05202146082780468,0.08190385095583497
2021-08-10,-0.016830892309838807,0.007413634541311831,-0.007885788340541211
2021-08-11,0.00018877838873909702,0.011728026377361589,0.014143421831819714
2021-08-12,-0.025559436362547427,-0.02627503715383872,-0.02762383402487112
2021-08-13,0.07574073458615982,0.08677885747168701,0.0811128469446254
2021-08-16,-0.03742857633249941,0.10896400708682163,-0.0130701681567853
2021-08-17,-0.028456465011732823,-0.008010894777582434,-0.03246512314388672
2021-08-18,0.002367765389513554,0.06043650679729584,0.010694260037491965
2021-08-19,0.04277544261522093,0.02623767052947379,0.04606647832579469
2021-08-20,0.056115872471717454,0.06224962371286047,0.05169715173402967
2021-08-23,0.004194894887738609,-0.01496401525013169,0.005929297860926663
2021-08-24,-0.037137725293038826,-0.052924533156874065,-0.04467701429440374
2021-08-25,0.02630002081428562,0.01988161173270675,0.027013345652635135
2021-08-26,-0.04122830434622349,0.0004412291583832939,-0.03985108321071107
2021-08-27,0.04508626296557394,0.10825391706096954,0.056438009885885654
2021-08-30,-0.04084260084326652,0.11776068058054046,-0.023035892232990074
2021-08-31,0.0023738850726162664,0.0036475742173667225,0.014420707130714083
2021-09-01,0.03562556399047523,0.04723033063540094,0.047972023369901695
2021-09-02,0.009840830417728652,0.050713918580914674,0.01034699806349404
2021-09-03,0.014143210068944922,0.06971219720659882,0.022613751098979895
2021-09-07,-0.06425231382573349,0.011674947545366798,-0.07219916689882488
2021-09-08,-0.015375366885328479,0.04834146586651311,-0.003946711805023262
2021-09-09,0.00650948573977872,-0.010551379420407847,0.0010058544747142406
2021-09-10,-0.032495484247323625,-0.04583182572366107,-0.03783218199579286
2021-09-13,0.0017637514696116074,-0.02206864566218203,0.0010926481062325522
2021-09-14,0.0473592610325122,-0.00593272412872925,0.03964691880757165
2021-09-15,0.023015462091804384,0.024353119961364245,0.027291710105881606
2021-09-16,-0.008157286726135249,-0.023600807737430007,-0.01089063295883752
2021-09-17,-0.010795386730801604,-0.030331237673478006,-0.01915601718197868
2021-09-20,-0.09358897597906202,-0.10819647071027594,-0.10205181580163303
2021-09-21,-0.050185206746199085,-0.05934337633839637,-0.0521310706760596
2021-09-22,0.07079311406361999,0.13355344787217183,0.08615581116358251
2021-09-23,0.0303064775724482,0.021064536225839925,0.02654731737436844
2021-09-24,-0.04578111561282827,-0.06268454464529583,-0.052180848267685986
2021-09-27,-0.014099511114093799,-0.012338293716497972,-0.014596446037046462
2021-09-28,-0.028440078735911922,-0.03649545539765331,-0.03010611708804123
2021-09-29,0.012911568502261384,0.020732198224858722,0.01881617565711191
2021-09-30,0.05356827518164842,0.04826318263913465,0.0512481443282109
2021-10-01,0.09878873042688929,0.1199916059058026,0.10072219115140912
2021-10-04,0.020698758241741277,0.024623955804533137,0.021364709370321533
2021-10-05,0.04890588911725491,0.024591379832606064,0.04571747383431379
2021-10-06,0.0746704982911468,0.011685213685709073,0.05582632858123682
2021-10-07,-0.02809653406297019,-0.009105579715427026,-0.02176082467731144
2021-10-08,0.0030082765538104184,0.00789106790603733,0.0006760135803898226
2021-10-11,0.06516734609561015,-0.0061674645758537094,0.04732612365149258
2021-10-12,-0.025114999851183484,0.0008754978557135029,-0.01839266296932407
2021-10-13,0.024268618342118353,0.010870901346619943,0.02550728051456108
2021-10-14,-0.001386283921372633,0.019529224046562765,0.005911155532929868
2021-10-15,0.07453440740995654,0.05866256387329494,0.059308983552681216
2021-10-18,0.007015768784613963,-0.01697663776351732,0.0003902497534864491
2021-10-19,0.036047967727284025,0.022953900920809733,0.03153253181627824
2021-10-20,0.026934175102288016,0.07008351672263058,0.036092203122072064
2021-10-21,-0.057319313661295834,-0.005506935852549133,-0.04892798742390081
2021-10-22,-0.024399647264276125,-0.005188641914684711,-0.019037163534041945
2021-10-25,0.03867969945717431,0.05663966803571485,0.043349897977354335
2021-10-26,-0.04244985266320056,-0.03746273274136591,-0.034513837386215496
2021-10-27,-0.03116779376295964,-0.053214334881516834,-0.033227884008711905
2021-10-28,0.03658793903693347,0.062426689105683275,0.04740170926977605
2021-10-29,0.02648913766352501,0.02786139783242869,0.029375142315962055
2021-11-01,-0.01966251984653955,-0.008246344176124243,-0.015315039926848573
2021-11-02,0.036423534468053465,0.05953425700329751,0.03953397697118555
2021-11-03,-0.004054563588107407,0.035329711879446,0.004981440905726275
2021-11-04,-0.024103783966732184,-0.00576827015751491,-0.020024197055112825
2021-11-05,-0.005313959884109654,-0.02163300405389823,-0.004371730066119572
2021-11-08,0.1053755604568023,0.07492682483888213,0.09640064470325815
2021-11-09,-0.008806096371717143,-0.02122268807934735,-0.012505711160972877
2021-11-10,-0.029513867421399498,-0.024336240708502932,-0.02968264116051489
2021-11-11,-0.0006965054346835808,0.007093257396656449,0.005135594802185617
2021-11-12,-0.01222509636324598,-0.016873409615797974,-0.013098826976572608
2021-11-15,-0.009322134464723963,0.0028645625150027776,-0.009121076108189352
2021-11-16,-0.0534414533015094,-0.06881819862454153,-0.05914557322484304
2021-11-17,0.003436857419438999,0.0056896173906104686,0.004019145238942867
2021-11-18,-0.05674983989800575,-0.07744147944235058,-0.06080874708409345
2021-11-19,0.020677857806173483,0.0657589098386473,0.0363273240606814
2021-11-22,-0.031491781625866744,-0.02539054479499847,-0.0346392590239013
2021-11-23,0.022735855747423095,0.037324886604832797,0.03085138210829297
2021-11-24,-0.02238438701660239,-0.02581341876725307,-0.02259337611865697
2021-11-26,-0.04816346213843081,-0.07022545062610497,-0.050522326656448624
2021-11-29,0.07908940298355094,0.08293053303641074,0.0807583707271633
2021-11-30,-0.013858989986877734,0.01723345148444433,-0.0023513889634002583
2021-12-01,0.003936508510805847,0.03206846168624966,0.004287467495711184
2021-12-02,-0.013140205787574133,-0.003796977477758645,-0.012916160238077734
2021-12-03,-0.05098586481791345,-0.07118654608381092,-0.05384460858182638
2021-12-06,-0.05626342862927458,-0.03483188530967396,-0.044673676633714465
2021-12-07,0.002322159783127109,-0.008638909368034908,-0.0019386952288870107
2021-12-08,-0.00385184874717448,0.015511750873195451,0.00738518421890233
2021-12-09,-0.05608726213196946,-0.06586794011326924,-0.056492518271011316
2021-12-10,-0.00899511908452133,-0.04409684453278895,-0.02191231360156143
2021-12-13,-0.010706791620439526,-0.03794023976641059,-0.018903884653892034
2021-12-14,-0.002671253456494771,-0.008105796467147264,-0.00261057205230919
2021-12-15,0.04900151967252708,0.09059014490349515,0.05482340590644896
2021-12-16,-0.025181582897818577,-0.015853793675162153,-0.023299478561942588
2021-12-17,-0.030699007215741703,-0.020259433720131503,-0.026097443745262128
2021-12-20,0.014677518097484077,0.006508499118275779,0.016921718083436454
2021-12-21,0.04386356169401262,0.034002246825367344,0.040387241367462856
2021-12-22,-0.006295931447672265,-0.008035187939765098,-0.005062549672137706
2021-12-23,0.04433669194360079,0.04605285267834791,0.04231486998144862
2021-12-27,-0.0028378931149228848,0.0021411577716601293,-0.006182706790074599
2021-12-28,-0.06025942562091624,-0.07006648809915017,-0.061596765591094726
2021-12-29,-0.02404227880624954,-0.035777645942975944,-0.029350891956059555
2021-12-30,0.01579112126431248,0.017280337272209012,0.017137470044788383
2021-12-31,-0.018476352917798256,-0.013709657050599122,-0.01615450071445279
2022-01-03,0.0032753944721179984,0.008418446964378434,0.00557322870998056
2022-01-04,-0.012065555013512697,-0.005743174121201733,-0.008831791141018175
2022-01-05,-0.050734060615097554,-0.06379854163649534,-0.05472621938124689
2022-01-06,-0.009366159015892994,-0.02552740070189219,-0.012680280573144298
2022-01-07,-0.03714070469187003,-0.06495407148591748,-0.04300417270652135
2022-01-10,0.006337167184753412,-0.010311009368693336,-0.0051821777587837126
2022-01-11,0.021869109453241498,0.03404445213998386,0.030557753526183173
2022-01-12,0.028389418684672707,0.0497021105393749,0.03364450383790829
2022-01-13,-0.030888714484173407,-0.0349787240317303,-0.03122420096740497
2022-01-14,0.011930269358978673,0.010698231429518534,0.01391359628030564
2022-01-18,-0.016799801840264528,-0.03047331996822089,-0.023559558538527314
2022-01-19,-0.014897823244158781,-0.025436998298729252,-0.01694830103438305
2022-01-20,-0.025486340397291918,-0.039104382288293715,-0.028678001178895296
2022-01-21,-0.10381165615712495,-0.12320451847018832,-0.11190981815244716
2022-01-24,0.005403900730230893,-0.0689432045314361,-0.010451460332064455
2022-01-25,0.008175727030871549,0.014485055026177696,0.010069907369085085
2022-01-26,-0.002757016878562668,-0.006761392027633817,-0.0027052700797711715
2022-01-27,0.007763821260712511,-0.010604097509591237,0.0034254298337084155
2022-01-28,0.017397102127313824,0.02881636521384956,0.01956027797343296
2022-01-31,0.01849425227822099,0.0503561298795403,0.022011841667499255
2022-02-01,0.00676006528835682,0.04384384310910727,0.014484443371660882
2022-02-02,-0.046209029430310244,-0.053122819473968796,-0.045862793403170454
2022-02-03,0.005456046132945147,0.0001547920685853743,0.004568030244227916
2022-02-04,0.11697806610007278,0.11215519722772949,0.11175120780849457
2022-02-07,0.05637014053920564,0.05202843140764801,0.06842206489010638
2022-02-08,0.0063448528050995545,-0.010264219790404372,0.002977845240299315
2022-02-09,0.004994545046617338,0.015620486698702196,0.010173191794119463
2022-02-10,-0.01744935921313273,-0.044608626304662224,-0.025717578108718442
2022-02-11,-0.026561982607033352,-0.05416866679160448,-0.035497599455498574
2022-02-14,0.004220447380870684,0.0024077739559305034,0.006949414343378368
2022-02-15,0.04668769779745485,0.07146781234946475,0.054882101742901535
2022-02-16,-0.01375975221649639,-0.018873932867219834,-0.014443717280196
2022-02-17,-0.07788223029977337,-0.07985940153996474,-0.07773206262332677
2022-02-18,-0.012507647384577547,-0.02657265117623453,-0.01351545235348095
2022-02-22,-0.04358997378007068,-0.045691864355956624,-0.04815215078058155
2022-02-23,-0.025843815613623033,-0.021059495291636976,-0.024786197090164608
2022-02-24,0.027778400368163814,0.025738853751632984,0.020360120187443487
2022-02-25,0.022998939789759865,0.04149818014026363,0.03446376587802802
2022-02-28,0.10146869558634264,0.07771154337362463,0.08647937712380038
2022-03-01,0.026888524570001016,0.013431366966699665,0.023603224606594253
2022-03-02,-0.009706302725009275,0.0010007772812052895,-0.00853930144017856
2022-03-03,-0.03351981142193572,-0.04125968730609375,-0.03335994203672976
2022-03-04,-0.07806935036049167,-0.07702266152878101,-0.07586516609771088
2022-03-07,-0.027481661010375413,-0.04756869958111476,-0.027108619809514067
2022-03-08,0.017740259990833396,0.017012092185227035,0.01708361520375834
2022-03-09,0.08378639716414904,0.0718510017174896,0.07569941080871745
2022-03-10,-0.06063095404577146,-0.05498163432286873,-0.05666444198632281
2022-03-11,-0.016291319622939282,-0.02034218498108753,-0.010625542967714674
2022-03-14,0.02247150056592573,0.013495544155199601,0.015924598906010168
2022-03-15,-0.008268101563721042,0.007948122801517465,-0.004578371542064641
2022-03-16,0.04588714481344902,0.05440740772752051,0.046931907557823616
2022-03-17,-0.00467993171076464,0.00355686849086978,-0.0003999956051229381
2022-03-18,0.020750884742987585,0.029979998467144053,0.023491798464563063
2022-03-21,-0.0173000036631763,-0.015132222936768525,-0.012421149632069084
2022-03-22,0.031180014163224357,0.02569220621342394,0.027560885387742706
2022-03-23,0.012610091153007819,0.02717196734251992,0.014446237300342668
2022-03-24,0.024898646221148235,0.04140039368852322,0.025155423172211977
2022-03-25,0.008821397620525806,-0.009068653400819526,0.0031055516237132874
2022-03-28,0.0626686132415537,0.07197282190753973,0.06356858344297867
2022-03-29,0.0071661546110000085,0.025355766228934318,0.00988263564600711
2022-03-30,-0.008491735032190584,0.022817371065388947,-0.0032296904298351192
2022-03-31,-0.03238210822970233,-0.014399941019272111,-0.03150701825259272
2022-04-01,0.016315115388267687,0.0570616358024123,0.025797334859680277
2022-04-04,0.007368607002928185,0.004378992952427385,0.008368720824535547
2022-04-05,-0.02287907280900814,-0.0318817578138445,-0.021423882480648637
2022-04-06,-0.05156849392240015,-0.07690885267154468,-0.058536200870060506
2022-04-07,0.0068764592473054,0.02534919060188634,0.013103522666899403
2022-04-08,-0.02795577079433975,-0.038079947836468286,-0.02819147156945967
2022-04-11,-0.06540351140375789,-0.07483710466477667,-0.06689792082362911
2022-04-12,0.015315083892861292,0.023152864141506635,0.019160774897591715
2022-04-13,0.025906300465151855,0.02409543604835873,0.024971391033115964
2022-04-14,-0.029908006531745857,-0.033823860631540636,-0.027728944043845294
2022-04-18,0.02230343604709617,0.016468526225402957,0.020897679447915873
2022-04-19,0.016571096753378534,0.030010888770883648,0.016979323459510587
2022-04-20,-0.003093074404708074,-0.012811129839652269,-0.006357020382071088
2022-04-21,-0.020471984048854086,-0.028062419558657292,-0.023126638418814793
2022-04-22,-0.019420038833716124,-0.01289795858074616,-0.016038478190813388
2022-04-25,0.01806699784007937,0.013443087453774316,0.014760922231123796
2022-04-26,-0.057858267871623625,-0.059818670708241206,-0.06013233592629108
2022-04-27,0.029478882606909007,0.028495210982049768,0.027762186946427514
2022-04-28,0.013575224570606004,0.009925440785885975,0.013331721527449547
2022-04-29,-0.02926557389929385,-0.037432142695287274,-0.03248623848652532
2022-05-02,-0.0020848604048010477,-0.015941919014673345,-0.0017552193984700093
2022-05-03,-0.020215120218891713,-0.02198047156795835,-0.02054998772347416
2022-05-04,0.051599856624237495,0.06294008133769813,0.05402465620013164
2022-05-05,-0.07867402068901785,-0.07740208849669195,-0.07559734487635028
2022-05-06,-0.014606061408684035,-0.022652922176076506,-0.013974062271441268
2022-05-09,-0.15937352462630372,-0.1840503447708145,-0.1666733414349888
2022-05-10,0.02396125848050934,0.04056942102111605,0.030948209260639237
2022-05-11,-0.06725839173272163,-0.14163013476252118,-0.09219784945298659
2022-05-12,0.003849706798608521,-0.048235153905267114,-0.010994668314601053
2022-05-13,0.008102229834508146,0.03547624399431837,0.02025077995063307
2022-05-16,0.019800307464528766,0.03745351699076882,0.018382323778022513
2022-05-17,0.018850785235190015,0.037233570038782915,0.023349799127589277
2022-05-18,-0.05605711989808215,-0.08705668925486953,-0.06278597884862658
2022-05-19,0.05550304428240649,0.05292564939151556,0.054390493361013315
2022-05-20,-0.036734890846488066,-0.03800587273685063,-0.03403291532192387
2022-05-23,-0.0034872430393092513,-0.0021591448385808176,-0.0004106723588038763
2022-05-24,0.019130468401079792,0.01178660315316482,0.017174225609694282
2022-05-25,-0.003143576713387941,-0.016484804245782803,-0.006192067620705233
2022-05-26,-0.009983529917456768,-0.05424314708040345,-0.024485956598379932
2022-05-27,-0.021855519242507948,-0.03862425378450984,-0.024894984913511164
2022-05-31,0.11054853282162513,0.11731257040037657,0.10965729719310335
2022-06-01,-0.0626953635789117,-0.07698368597290228,-0.06334797072272524
2022-06-02,0.02243049790035867,0.014556936335128334,0.019658579389991715
2022-06-03,-0.025046293583695922,-0.0405313686891795,-0.028096114383133308
2022-06-06,0.056095453060653444,0.07045338192374095,0.05161434204909332
2022-06-07,-0.006859698773187262,-0.03404235911143161,-0.011015962224106168
2022-06-08,-0.03020730515832115,-0.019064057323367356,-0.02517265256005896
2022-06-09,-0.003387708269364409,0.007613821280423538,-0.0017397308900186648
2022-06-10,-0.03414563715680441,-0.058473399310855045,-0.04026060626297412
2022-06-13,-0.2268071899980847,-0.24725573996681882,-0.23226060202703736
2022-06-14,-0.012477914053041661,0.01525460730019046,-0.004464095980991956
2022-06-15,0.01648355417709846,0.06641590945912279,0.026395360153597558
2022-06-16,-0.09707194434960298,-0.12050411435450747,-0.10333645906921218
2022-06-17,0.004407495444594733,0.015897618893531584,0.009784680999233686
2022-06-21,0.011680406403763444,0.07945611801374719,0.02312239517307524
2022-06-22,-0.034937106663198825,-0.05169608546055493,-0.038503190321354075
2022-06-23,0.05497803800296652,0.08973798588921711,0.06096259465959686
2022-06-24,0.006913598955313738,0.06611022225588292,0.027408396287050607
2022-06-27,-0.023369714003117492,-0.052692602417685475,-0.026856671799081022
2022-06-28,-0.02193553187871966,-0.05196215349406108,-0.02961527314910828
2022-06-29,-0.008708372798288955,-0.030667019298783682,-0.015702012038061652
2022-06-30,-0.01588223750298734,-0.01659583094866879,-0.015354841525888285
2022-07-01,-0.02604834458398897,-0.019648963352645876,-0.02430003649280399
2022-07-05,0.04778299348991011,0.06579047463163801,0.05215644433812994
2022-07-06,0.01773793042871108,0.03728545998806343,0.023801667945625438
2022-07-07,0.053013857820514154,0.04472666860410812,0.0477576370339321
2022-07-08,0.004322538045727464,-0.004745385533679536,0.0006530972905260946
2022-07-11,-0.08101564828372909,-0.10340867998758962,-0.084899185812367
2022-07-12,-0.03237979740682706,-0.03583435831969717,-0.0335082345092631
2022-07-13,0.04596171114078618,0.061346724146503995,0.04998883667373999
2022-07-14,0.01770455121291037,0.05028063625591184,0.02794744369451707
2022-07-15,0.012951348577769028,0.01880039975049308,0.015105757538058207
2022-07-18,0.0791579647925611,0.17860456887825826,0.11545236932555536
2022-07-19,0.040191969319375076,0.012115858970480842,0.02608878947060811
2022-07-20,-0.006742410894342465,-0.028530401837616348,-0.012609445874417036
2022-07-21,-0.0028884421706671937,0.021236334354946873,0.0072099336245050605
2022-07-22,-0.01941107679491816,-0.034660113501071455,-0.021448830449081746
2022-07-25,-0.05957643071593133,-0.07139807902464446,-0.06130105873636882
2022-07-26,-0.005708686992848544,-0.007125088976088878,-0.0039728796465500205
2022-07-27,0.0796052030234431,0.11124784791074038,0.08977817920457642
2022-07-28,0.0398306162434614,0.05272981142491484,0.04231447495327334
2022-07-29,-0.0016462880701043625,-0.006760095413195555,0.0006848761270430437
2022-08-01,-0.020602443129997483,-0.028178620941147647,-0.024366478268986413
2022-08-02,-0.014415336683736957,-0.02147306501264723,-0.01324265248113099
2022-08-03,-0.0057275961266136655,-0.014719022155262218,-0.00411442898492187
2022-08-04,-0.009434736504108754,-0.0030837916256182263,-0.005004773197514578
2022-08-05,0.029091011085651708,0.050463724388047915,0.035053644826528396
2022-08-08,0.02233521626611057,0.02881697981241449,0.022658045178572506
2022-08-09,-0.027097097344258803,-0.036913316001132124,-0.02807995447931999
2022-08-10,0.033815983988709775,0.05739245605415122,0.041072165537822336
2022-08-11,0.00041284726535173455,0.009253013166316881,0.0022678681507797283
2022-08-12,0.018586602023192844,0.039255651374719536,0.022070307119863797
2022-08-15,-0.01089405736706095,-0.024034075467678884,-0.013927434414605755
2022-08-16,-0.01051008526370889,-0.013155310347203741,-0.008987784131091248
2022-08-17,-0.022915307961199782,-0.036504890117656785,-0.02402255467808423
2022-08-18,-0.005281958173693924,-0.005584358486638075,-0.006406181228148622
2022-08-19,-0.10059931398792532,-0.10767999527984395,-0.10237535297742495
2022-08-22,0.024972058525402963,0.0066516066086808046,0.023443732244372573
2022-08-23,0.006036741981122917,0.012423657785909148,0.008332035636188007
2022-08-24,-0.006181150878381003,-0.009190765523714006,-0.006108090208581163
2022-08-25,0.009623023027591993,0.014996541164736144,0.012506198553792425
2022-08-26,-0.06207539958496022,-0.09213214988803176,-0.07047708970090794
2022-08-29,0.0018743619331869077,0.018424171843631543,0.007152800920036562
2022-08-30,-0.024691382971281484,-0.024855875701548236,-0.02340808843338904
2022-08-31,0.012777568511970205,0.012065706922695485,0.011774967214564613
2022-09-01,0.0038592451457939436,0.010096413674859805,0.006899599978251514
2022-09-02,-0.007818752974256604,-0.008263832050771747,-0.007325017216519236
2022-09-06,-0.056690859808325444,-0.025761386710536294,-0.04657787847285699
2022-09-07,0.024029314602578067,0.042453687040345134,0.03111222636348021
2022-09-08,0.0020481649337233954,0.011191172144146,0.003580011794953375
2022-09-09,0.10612188190716743,0.06235494679054221,0.08888839999241127
2022-09-12,0.04626957701319534,0.040292225360829326,0.03521143148096706
2022-09-13,-0.09270006906083372,-0.09278083931042891,-0.08792651416360375
2022-09-14,-0.0027402074343571003,0.01703295432917784,0.0053051287681284975
2022-09-15,-0.026672422800232964,-0.05221248029300074,-0.03888380627429244
2022-09-16,0.003622774615297697,-0.016171415083980567,0.0036618285104608184
2022-09-19,-0.011554133658278176,-0.010629904417907787,-0.009236120734916864
2022-09-20,-0.03342895694579007,-0.03674525964522046,-0.026977372262783073
2022-09-21,-0.018177571658806846,-0.029444029976711028,-0.024131185218008944
2022-09-22,0.04669928789927935,0.05227265515943169,0.05959958714700386
2022-09-23,-0.005970680514919002,0.012286745141287359,0.0012176237698870995
2022-09-26,-0.003884765289147052,0.0025093618455325206,-0.008389439701097623
2022-09-27,-0.005832956039052095,-0.01555412207555884,-0.009371882790149777
2022-09-28,0.016544467837213528,0.012625209204121912,0.014907363931877526
2022-09-29,0.007532412719634118,0.01008953814008362,0.011625541074902879
2022-09-30,-0.007217153847336011,-0.01221157104781101,-0.0072044417916764525
2022-10-03,0.009869961793437021,-0.0003822415667694701,0.004033477757374504
2022-10-04,0.036347275524413414,0.033536518884249356,0.03572550216211767
2022-10-05,-0.008660486125089961,-0.005633805983501494,-0.006930998151940981
2022-10-06,-0.01018185214187528,-0.010861599021549151,-0.009082749610436092
2022-10-07,-0.020475303035952908,-0.014978027438800279,-0.015049028497338024
2022-10-10,-0.02073813645041711,-0.027641476316075497,-0.024960693765072595
2022-10-11,-0.00470529894576166,-0.01701281854122716,-0.007045012181997601
2022-10-12,0.005565325579645286,0.01002172601903939,0.006286947648755037
2022-10-13,0.011768739552548091,-0.004300423819112775,0.0063354037500111815
2022-10-14,-0.010176392755898878,-0.006689951786791437,-0.006409730403964753
2022-10-17,0.019029923070783772,0.028395547949887634,0.01882718851155052
2022-10-18,-0.011065647631146036,-0.02009136218585761,-0.013164484428984657
2022-10-19,-0.010079479991405238,-0.02315341746923094,-0.013162271458133867
2022-10-20,-0.004482602172654282,-0.010992174623530748,-0.004977807478165008
2022-10-21,0.006231244583192241,0.006953937310980818,0.007972855349700492
2022-10-24,0.009028754610696632,0.017415974262446232,0.011672415704643502
2022-10-25,0.03878330120960949,0.07206283631658916,0.04641775999136177
2022-10-26,0.03356831063305088,0.04046205193651531,0.03875831299596766
2022-10-27,-0.0233314959115013,-0.026314431018953588,-0.023120050877239673
2022-10-28,0.015257721000682789,0.029526346336858467,0.020540129047410982
2022-10-31,-0.004834980587625104,0.007224175192666493,0.008340413735234531
2022-11-01,-0.0005123007449324701,-0.0019428032460381273,0.0019132001309032365
2022-11-02,-0.015902620594443917,-0.03305472370521911,-0.021477802102479626
2022-11-03,0.0025042468919262983,0.004027651680453603,0.004554025910618487
2022-11-04,0.0463751969796804,0.07165856457598951,0.05625139516654665
2022-11-07,-0.02574398871306105,-0.06555354430825455,-0.03640355136331885
2022-11-08,-0.1000613159494842,-0.14360017949742532,-0.10831553663887106
2022-11-09,-0.14349022466876327,-0.23774071206289005,-0.1589952264469241
2022-11-10,0.10742489862358817,0.1709223524538328,0.12637102478248474
2022-11-11,-0.03141443647663544,-0.0344161214149834,-0.029988131853770472
2022-11-14,-0.02442682832585652,-0.056347416346845924,-0.028681494585216738
2022-11-15,0.016031463998783302,0.014138159539153206,0.014612672503667934
2022-11-16,-0.01274378184094671,-0.016439583920661804,-0.016056393546714842
2022-11-17,0.0010845070736085205,-0.01408456603409347,-0.001686533453268968
2022-11-18,0.0006148167681001571,-0.002180817355848075,0.002507522478773394
2022-11-21,-0.05452780602583007,-0.07710763635865225,-0.060778027588411665
2022-11-22,0.025494274188105903,0.029844653774189434,0.027399864485977643
2022-11-23,0.02600021570334854,0.05825215989546417,0.03437808445372825
2022-11-25,-0.005349876691450595,-0.0016584655185977182,0.0023218028937344037
2022-11-28,-0.01843133077981629,-0.026751555957452378,-0.020796240644408437
2022-11-29,0.014038085481754115,0.020364279397656837,0.01774640923033699
2022-11-30,0.044000289316970864,0.05449581386621016,0.04466123722193971
2022-12-01,-0.011732697360023692,-0.019949224418544187,-0.014893149640551773
2022-12-02,0.007162515027905547,0.01289891409052335,0.007953743063977337
2022-12-05,-0.006661375633558175,-0.00831753664322532,-0.010146700422814625
2022-12-06,0.006755753090715411,0.016624907948997958,0.007771847036391666
2022-12-07,-0.01412428087141393,-0.03329883331130512,-0.01872738346578995
2022-12-08,0.022871839541696026,0.024795196968264044,0.02515193232015167
2022-12-09,-0.005821360340788395,-0.00895859946603772,-0.00788003785735747
2022-12-12,0.004277388934601722,-0.0023246356781573274,0.0012862793025905095
2022-12-13,0.033410801008343594,0.036025726022237636,0.030809116330934305
2022-12-14,0.0019307922256450727,0.00513710416184443,-0.0010250811198667664
2022-12-15,-0.02530276169357326,-0.022103131054691527,-0.026262197926971043
2022-12-16,-0.04131220425223314,-0.08158909410236526,-0.0537244905399743
2022-12-19,-0.01248264799767973,-0.013372221747858903,-0.010570269425765
2022-12-20,0.028384068842582044,0.0334265501168971,0.03140401966840867
2022-12-21,-0.005250676176186131,-0.006880163725057509,-0.006186244876661862
2022-12-22,0.0007615052090579333,-0.0071934268691949965,0.001056352418882911
2022-12-23,-0.001983838015767292,-0.00037613090208510336,-0.0005740254661211752
2022-12-27,-0.004749629071492789,-0.02214476593379011,-0.004403695333354274
2022-12-28,-0.009846255365429935,-0.04575784031709418,-0.015254490465904214
2022-12-29,0.0054232979508828105,0.0025319921711983717,0.0037896889063468997
2022-12-30,-0.002388838052975628,0.004831778316523483,-0.0015774072074854484
2023-01-03,0.004654183671500611,0.10323413743949006,0.01359416392990176
2023-01-04,0.010994150293785143,0.01739510125565391,0.01653843816377587
2023-01-05,-0.0015715814888570545,-0.002550067994377292,-0.003991367964851222
2023-01-06,0.006844106816741524,0.010012521078115011,0.009090126185087755
2023-01-09,0.014428172981383103,0.086403514083083,0.026340964991812932
2023-01-10,0.014522576515372032,0.005817895874726364,0.013051951032145626
2023-01-11,0.028006151020173453,0.024926607642827392,0.030479273354581116
2023-01-12,0.052115795988246116,0.029094476005101733,0.04130798113831147
2023-01-13,0.0551144166026909,0.06071665652747127,0.049025391082970105
2023-01-17,0.06288157138594008,0.13703537894726803,0.06657871317556219
2023-01-18,-0.022339524368837904,-0.052362780267069975,-0.027623095148795906
2023-01-19,0.019238045679950355,0.024080323787441404,0.021663900615547016
2023-01-20,0.07539125404137903,0.11871304704701013,0.07561855146033691
2023-01-23,0.011372050649439691,-0.021482149870100886,0.0048611130970313
2023-01-24,-0.01299194570390838,-0.04270449752930261,-0.021336263303918135
2023-01-25,0.021266153759075035,0.047690244551977345,0.025836996002423618
2023-01-26,-0.003680359408276823,-0.006308030126620845,-0.004938271288998819
2023-01-27,0.0019950339114214177,0.0006550113331948992,0.001918394441758453
2023-01-30,-0.010338084422132243,-0.016401270937931978,-0.012897801533453213
2023-01-31,0.013097316769725253,0.00768143396942822,0.013946720511035737
2023-02-01,0.025259482888651652,0.035315877224187275,0.02616564686773515
2023-02-02,-0.01061797692681965,-0.012958413279264058,-0.008258242820529893
2023-02-03,-0.0009606745041730314,0.009721093378558976,0.003764232593782779
2023-02-06,-0.029391591058276934,-0.046019069160534,-0.03127533027223983
2023-02-07,0.0221519867201867,0.03555842296622491,0.025379865394339562
2023-02-08,-0.013965290320121504,-0.01808381382987323,-0.014366399437495292
2023-02-09,-0.048839963177434664,-0.07598838528539442,-0.05410203184249485
2023-02-10,-0.007693073387383453,-0.01462273066310893,-0.008795843580274632
2023-02-13,0.007247546909874059,0.010727657845451821,0.0018862467830289553
2023-02-14,0.018924303145655852,0.03337436138463534,0.0217912602900745
2023-02-15,0.09392266116037784,0.08757199612850752,0.08761493313712121
2023-02-16,-0.028154173176656916,-0.03776902944871863,-0.029438456636658894
2023-02-17,0.039880964536483265,0.03751416725532919,0.037580158818412146
2023-02-21,-0.005261342635805799,0.014512661426892892,-0.005773587480000453
2023-02-22,-0.01012875204423358,-0.016505810870159787,-0.008888191481767449
2023-02-23,-0.009977804850635041,-0.005562843569562936,-0.008374685971295537
2023-02-24,-0.03129201289670536,-0.03079902712653526,-0.02995843154291311
2023-02-27,0.01399872245208389,0.005234542173599976,0.01256169745673863
2023-02-28,-0.01596393470118429,-0.022177491979025854,-0.016022418218792356
2023-03-01,0.02156606219747892,0.028152528878937932,0.022755432544416365
2023-03-02,-0.007235050302163315,-0.013365326863968185,-0.008734415331045131
2023-03-03,-0.047402129167592455,-0.04056120258934537,-0.04376008260221531
2023-03-06,0.0029995566692972986,-0.011334321610557363,-0.0006963580301480032
2023-03-07,-0.00936203961743054,-0.010509403749039414,-0.0062511696637638225
2023-03-08,-0.022578517406286358,-0.04282649608386957,-0.02087964577745327
2023-03-09,-0.06239311158608574,-0.06172108413023225,-0.059998691398311044
2023-03-10,-0.00863218377905639,0.011390355736474289,-0.005863348058645079
2023-03-13,0.19865460756129938,0.165599602511052,0.17716139183827528
2023-03-14,0.022669294883089997,0.020095191079626318,0.019344430463819062
2023-03-15,-0.014956444322371198,-0.03894075553191845,-0.01972484488682391
2023-03-16,0.027766213062754286,0.021084164709338715,0.027329157151029237
2023-03-17,0.0946457745317153,0.08624010336705457,0.08465374366595069
2023-03-20,0.012518506448092381,0.0013987002051771835,0.003256290769770187
2023-03-21,0.014714466837708162,0.024932954577060018,0.02888382776861209
2023-03-22,-0.030820008681536337,-0.039231330465641756,-0.03641423340409078
2023-03-23,0.037591779025403005,0.03913612107101572,0.03871694474255749
2023-03-24,-0.02967065403073854,-0.043503850948384826,-0.0317965766264201
2023-03-27,-0.012853919870491115,-0.022515676355759906,-0.008892246075497767
2023-03-28,0.004725228944394866,0.020977693504725448,0.013113540493195686
2023-03-29,0.0396180637553154,0.027588673545169806,0.034804129073409795
2023-03-30,-0.0111074503792854,-0.011937357422684869,-0.009571614950323215
2023-03-31,0.01587104296858466,0.02013106466083525,0.015304060491649896
2023-04-03,-0.024167847656920816,-0.021135436433895705,-0.023325608052619295
2023-04-04,0.0135971982612757,0.023562885028378666,0.01628012072710283
2023-04-05,0.000351267384649967,0.007630780468677045,0.0038646066221865727
2023-04-06,-0.004749940528704033,-0.013644101094205552,-0.007953663696305902
2023-04-10,0.05736812781190359,0.030262137250171017,0.04669781862390776
2023-04-11,0.019629666758571807,0.03655818766742702,0.016198504902421362
2023-04-12,-0.003175315803583212,0.018274691563166856,-0.0005103103457504421
2023-04-13,0.00862713483952482,0.024712824986307558,0.015606016093176578
2023-04-14,0.002849851088919886,0.020269685872175813,0.010763040778201116
2023-04-17,-0.03413581854914294,-0.017850318663370168,-0.02580707788129133
2023-04-18,0.032348662229154,0.018862240179439382,0.028119210189254673
2023-04-19,-0.0518092051895368,-0.07321884108994436,-0.05899423793917047
2023-04-20,-0.020008250880993006,-0.01337780322826354,-0.0171750125311686
2023-04-21,-0.034308522518338824,-0.04110010939260633,-0.03560487343526786
2023-04-24,0.009107691673174267,0.00343693819514157,0.00880293565319934
2023-04-25,0.02841955147295394,0.022139866223297888,0.025047571593165063
2023-04-26,0.004066170397882152,-0.008799861415953791,-8.822200708968886e-05
2023-04-27,0.03698050833184263,0.036464523356380285,0.032055007980502204
2023-04-28,-0.00453030993708059,0.011348160916354155,-0.0027554139992130855
2023-05-01,-0.04255903956633822,-0.044965060461045425,-0.03817089705762511
2023-05-02,0.02096603302689748,0.018274718013364666,0.017476593707286936
2023-05-03,0.01135862564681589,0.009147687190821596,0.011293676821759302
2023-05-04,-0.005467695268338013,-0.013797703405756256,-0.007327372645482111
2023-05-05,0.023803407820215394,0.04550398867049221,0.02904418444279777
2023-05-08,-0.06230403452543565,-0.07671518936278299,-0.06527793289113049
2023-05-09,-0.0012817829272580017,-0.0001065791628356294,-0.0009528255189749091
2023-05-10,-0.0013384371045779275,0.0025831602414332355,-0.0006586132474778461
2023-05-11,-0.022481076150133283,-0.02714488135666282,-0.022992489017223727
2023-05-12,-0.007251596524522896,0.010520415712142794,-0.0020936067530720193
2023-05-15,0.014463841307533976,0.008070644183338027,0.011599127655090857
2023-05-16,-0.005738415341494774,-0.005787931845881222,-0.0027383636576996384
2023-05-17,0.013394867282656264,0.010124758664021405,0.011384051756693436
2023-05-18,-0.02067950762275983,-0.021820582633613417,-0.017000607455075034
2023-05-19,0.0021585968530852817,0.002808448658857765,0.0032239732007861566
2023-05-22,-0.0014448261901403026,-0.012333750059430715,-0.0025087131578610533
2023-05-23,0.013945303754316907,0.019823532778342035,0.014768965953710245
2023-05-24,-0.03272302765106416,-0.03408811918427179,-0.0315645141063694
2023-05-25,0.005368887301425707,0.0035468256281787625,0.004208740424447743
2023-05-26,0.009181223884829448,0.009235231952643863,0.010690288160084549
2023-05-30,0.03679209127125116,0.05664283581536167,0.04169259973430628
2023-05-31,-0.01742420455507665,-0.017188488859716022,-0.01633615974778957
2023-06-01,-0.014683709247646393,-0.01204464317435705,-0.013399139155700901
2023-06-02,0.01601855426947596,0.025685598065837256,0.018653480831007485
2023-06-05,-0.05466108649857837,-0.053447152663467556,-0.055179388539065344
2023-06-06,0.05740217163020889,0.037743162632277505,0.05066578940686384
2023-06-07,-0.03277624957004599,-0.04873879357582145,-0.03502786515926848
2023-06-08,0.0061572444403654725,0.009369195695923205,0.006991368520034236
2023-06-09,-0.0010503081775866674,-0.027192372194663306,-0.0022440724150222247
2023-06-12,-0.021822764972172837,-0.06392852436851915,-0.03406626712674732
2023-06-13,0.0006265231396582749,-0.0037751211862050438,0.001470904834164788
2023-06-14,-0.030636253390914137,-0.03914918410049628,-0.03582526230453997
2023-06-15,0.017979087727655774,0.015104011703933162,0.01481362439973144
2023-06-16,0.029365685552642073,0.03202524432249909,0.026868057963598257
2023-06-20,0.07596726653585728,0.0678501492482797,0.06752626661107075
2023-06-21,0.06000562340273241,0.05187699470764473,0.054639543194931584
2023-06-22,-0.0038303689299371557,-0.014766879611484152,-0.006803679814099239
2023-06-23,0.02618280743799839,0.02203447144583004,0.02276134646068062
2023-06-26,-0.013824121536668121,-0.025578949333060597,-0.017141493767867666
2023-06-27,0.013776598074988877,0.016727633338940118,0.013783312191021135
2023-06-28,-0.01961401038928645,-0.02911422713280032,-0.023335269271038017
2023-06-29,0.01193586822467041,0.042719081291991534,0.014948011355515156
2023-06-30,0.0010477918298796851,0.02989483080595634,0.009520074490415587
2023-07-03,0.022285063661402482,0.01743397299850935,0.021218406332095707
2023-07-05,-0.020614468430075417,-0.018799518255784298,-0.021461201820261455
2023-07-06,-0.019821224171432283,-0.004353661509537532,-0.020847262585025228
2023-07-07,0.014474667943441766,0.03970166625170468,0.016231081536765668
2023-07-10,0.00237968644192188,-0.0004836453175419697,0.005398804696710613
2023-07-11,0.006788889103658935,0.015099258037619911,0.006260133153830338
2023-07-12,-0.007488490028050299,-0.005348624040508954,-0.0073977088684326064
2023-07-13,0.035680934374763495,0.10208738932011108,0.08136754490430675
2023-07-14,-0.036280934592069825,-0.010061541499587823,-0.039520251513002425
2023-07-17,-0.006203575638802916,-0.0038997183708374683,-0.004622239879566892
2023-07-18,-0.009597533349379406,-0.02558582709241919,-0.0065637973679617545
2023-07-19,0.0019212301525000086,0.01242909960394245,0.006530797334799221
2023-07-20,-0.0040752996439197275,-0.016602905535160417,-0.006519955416299239
2023-07-21,0.00391811407104159,0.004041640856850437,0.0013872227035698348
2023-07-24,-0.02446870124533107,-0.04835797881485082,-0.03110695654340767
2023-07-25,0.0017299501204297574,8.656788976324492e-05,0.003107492262721001
2023-07-26,0.004365152978824893,0.03553848850815555,0.007525033917360924
2023-07-27,-0.004915119656712652,-0.004583986564207887,-0.004352638835032341
2023-07-28,0.0037163327075591113,-0.0007139787690452204,0.003379626737564756
2023-07-31,-0.003040145211782974,-0.022211653038151535,-0.006856676562340569
2023-08-01,0.015245275282999904,0.011768845306865616,0.014317936167868694
2023-08-02,-0.01764989082843693,-0.023555290064410928,-0.019595137120381634
2023-08-03,0.0009166006009859728,-0.007663527665790815,-0.0017894286356986422
2023-08-04,-0.0035843942133476636,-0.00031808430912105834,-0.004717012699691825
2023-08-07,0.0036625848493898605,0.005037726002278031,0.00200734004408587
2023-08-08,0.020044635853149195,0.028336950984929832,0.020806638726450055
2023-08-09,-0.0068535082702467776,-0.00024372497896840706,-0.0049789529990929005
2023-08-10,-0.004461964714047917,0.0011437142240431353,-0.0043835926469560915
2023-08-11,-0.001083159880198692,-0.0014208005459770412,-0.0015186155107246302
2023-08-14,0.000364943863222722,0.0073704377871532945,0.0009527836103915277
2023-08-15,-0.008096168172365914,-0.02287426818602989,-0.011707104317897898
2023-08-16,-0.016063173634291883,-0.024485840717911378,-0.017864635006630936
2023-08-17,-0.07097917151940503,-0.06212401238591947,-0.0722030930116776
2023-08-18,-0.02306411031148714,-0.01817895825987348,-0.01939411602852681
2023-08-21,0.002863157534845895,0.0002223633589044649,0.002348170589066667
2023-08-22,-0.0035401882238949023,-0.018276792923641816,-0.006730435222700559
2023-08-23,0.015365306423789304,0.03297370756700757,0.019007802961499065
2023-08-24,-0.01018731988472621,-0.017585434961169266,-0.010526135915368107
2023-08-25,-0.004384352975912553,-0.012965251836560054,-0.004142791526124845
2023-08-28,0.002245207591910381,0.0032809402878322125,0.0017031181183739807
2023-08-29,0.062101924766441385,0.05608778643826806,0.0570134957045505
2023-08-30,-0.015512708305083778,-0.02424301845967325,-0.016239509736978297
2023-08-31,-0.05003405789842741,-0.04580454910782328,-0.0460728423882768
2023-09-01,-0.005042060225742162,-0.011858314575907247,-0.007477010352473945
2023-09-05,-0.000803938176699992,0.017073544897720838,0.0023153072508637074
2023-09-06,-0.0010374752516240093,-0.011678718721457315,-0.0020069964585367472
2023-09-07,0.018908652030005024,0.014024154003311029,0.015840681216523045
2023-09-08,-0.012749181613965876,-0.011473092891901238,-0.011089903092910247
2023-09-11,-0.028680997263582975,-0.0585267035520004,-0.03656255521070473
2023-09-12,0.026654161568650192,0.021402285418431255,0.025162803742684092
2023-09-13,0.015289560367112598,0.01697564575427335,0.013907828720210347
2023-09-14,0.011870739692642074,0.015644855884455078,0.011538914483701257
2023-09-15,0.0026006171627044328,0.009586601221410307,0.0052881302722112
2023-09-18,0.005471440805405292,0.009328335148869549,0.004873537585741605
2023-09-19,0.017075246134672373,0.013439753872574123,0.014855048973933638
2023-09-20,-0.002907244655002361,-0.0005948402380786533,-0.0034009757665587337
2023-09-21,-0.02080107760178318,-0.02849460945840987,-0.02191866737477499
2023-09-22,0.0004492514240630463,0.0012782180896060424,0.0016809397349524247
2023-09-25,-0.010575336921370804,-0.005205492511746512,-0.009140922743097857
2023-09-26,-0.0030887894396228743,-0.006578137369535164,-0.00227924546260061
2023-09-27,0.005167086436411283,0.004456267075995335,0.003944834989117352
2023-09-28,0.02537992888096885,0.03434206301354581,0.026326607777348743
2023-09-29,-0.004064392478456247,0.007347698644567524,0.00020186069854788435
2023-10-02,0.023003525488175747,0.05780989987923291,0.019812422557729192
2023-10-03,-0.003661597010505613,-3.0063034851202097e-05,-0.0008938503640064654
2023-10-04,0.013467601347721514,-0.0031177540750748634,0.00777274975628961
2023-10-05,-0.01379463216164356,-0.018413883605953862,-0.01525225325514068
2023-10-06,0.01935684447622399,0.024246220389236628,0.018894334291243098
2023-10-09,-0.012986193394237344,-0.036170200485767134,-0.021054888790526638
2023-10-10,-0.006984500217130374,-0.0051194091420075916,-0.0060457718634313595
2023-10-11,-0.018900326735168282,-0.008276241442559118,-0.015333320206831313
2023-10-12,-0.0043359541366684295,-0.017663499118301784,-0.0074576232676769605
2023-10-13,0.003945769916393171,0.012180195508293856,0.005246524921227458
2023-10-16,0.06168820876318648,0.06374365815450478,0.055375676918685945
2023-10-17,-0.0036367703063566736,-0.008555866337881746,-0.007129754446492442
2023-10-18,-0.0030759792019485754,-0.008920772669518406,-0.0037062035020526407
2023-10-19,0.013818840741083749,0.027216736612101666,0.015591579228087404
2023-10-20,0.033535830870205396,0.04816595569308335,0.03028575248293297
2023-10-23,0.1146545490196853,0.13325566866793248,0.11028675230905427
2023-10-24,0.024641455401344547,-0.008728184255672455,0.017912526178455845
2023-10-25,0.017736456610143225,0.03408992733152716,0.01546487340087932
2023-10-26,-0.010033147199696724,0.0029050629290845453,-0.005408917914490052
2023-10-27,-0.00722692850563722,-0.018164606696368546,-0.009042125628165976
2023-10-30,0.01747466768745065,0.048492453931038515,0.022218401176604008
2023-10-31,0.004794395311462418,0.04222825602811775,0.008974104511379588
2023-11-01,0.022195613001625425,0.043062911198370246,0.022605041139644122
2023-11-02,-0.014081557224218,-0.02316122189514258,-0.014244268514432834
2023-11-03,-0.005893770145759314,-0.0016997008673363956,-0.0018125025180568688
2023-11-06,0.008782794755650691,0.03685680906911304,0.02832974442360503
2023-11-07,0.011593090279608864,0.009352741845281676,0.0034480976864184054
2023-11-08,0.005973294692089848,0.002929979919193526,0.004904102747495642
2023-11-09,0.029107827327892632,0.06801832146949516,0.0390443272539589
2023-11-10,0.016919893031732913,0.08072424092777952,0.016253006400436476
2023-11-13,-0.021750923539860745,-0.04221240595565723,-0.021257391014972926
2023-11-14,-0.026428838121854814,0.014862349491923554,-0.024325901925045357
2023-11-15,0.06592844558740318,0.09285462779982345,0.06304969058058174
2023-11-16,-0.04555929205565723,-0.07633520514145375,-0.04896446237110175
2023-11-17,0.012222842746045792,0.007424542118458,0.010610200832814387
2023-11-20,0.024053366345204497,0.0035532850058979104,0.02061902493647194
2023-11-21,-0.04437779006078846,-0.05756199851828747,-0.04913115745209817
2023-11-22,0.045192824521265385,0.07526773946510956,0.050862420480331405
2023-11-24,0.007692316522342146,-6.607823207183117e-05,0.0065770175229977745
2023-11-27,-0.012357099836046492,-0.024055516039568348,-0.016219717375198228
2023-11-28,0.01548599794884531,0.029805483582357573,0.016034630431339902
2023-11-29,0.0007244373065387055,0.004392843238147481,-0.000857119479310664
2023-11-30,-0.0038497596002547985,0.0022055942784213745,-0.0009015289569962448
2023-12-01,0.025879947957747618,0.016595702805859647,0.02192833258405469
2023-12-04,0.08507247342573732,0.06288556080863983,0.07563894347715094
2023-12-05,0.05003682455553493,0.021845441965665957,0.03877754576324177
2023-12-06,-0.007581629055975703,-0.007134169106622901,-0.007736686507836987
2023-12-07,-0.010372985662227996,0.045699242210907265,0.004110526323419572
2023-12-08,0.02018673414826888,0.04225430497964355,0.021651581506271445
2023-12-11,-0.06617601146228103,-0.06163881372224811,-0.060868591191432175
2023-12-12,0.005004157345118054,-0.010882956384776987,0.002709972554104878
2023-12-13,0.03475299863154757,0.03133839203426425,0.030266305413258587
2023-12-14,0.0031062756659134827,0.03300141647432864,0.008686321450567469
2023-12-15,-0.02543267802098348,-0.037069201731856904,-0.029126717488775045
2023-12-18,0.016546273725272398,0.01489958197224639,0.01165336028831443
2023-12-19,-0.008282083715112742,-0.01488000572173831,-0.007644224106142183
2023-12-20,0.03268761340528448,0.05991051262059499,0.03183892712124248
2023-12-21,0.0049688697318006625,0.061464145776549683,0.014127855678974788
2023-12-22,0.002934864092908329,0.030288403991568513,0.009673833574771029
2023-12-26,-0.0335811464023098,0.041539734484930424,-0.01886854914178826
2023-12-27,0.021694364920222586,-2.9266348009482357e-05,0.027728825468200213
2023-12-28,-0.018760276947869192,-0.02918375782894911,-0.017237248556679297
2023-12-29,-0.012396896798793966,0.008700575739573724,-0.012526424688134363
2024-01-02,0.06790040350001258,0.026534829234315493,0.05071659871554823
2024-01-03,-0.04692812036242189,-0.061235145462439355,-0.0486029791189001
2024-01-04,0.0310805785653252,0.04089402478416981,0.029804076165186322
2024-01-05,-0.00039000677273159923,-0.016501920114830093,-0.0038427732069673537
2024-01-08,0.06357883567763345,0.024022131697241322,0.04713882090658572
2024-01-09,-0.017687130611972357,0.0005796061364129468,-0.013373720682175683
2024-01-10,0.010577584004972662,0.04610110860055339,0.02663898979650381
2024-01-11,-0.005558733892443213,-0.0031581886276270676,-0.0014661018686973337
2024-01-12,-0.07581464687080197,-0.0634295292562157,-0.0667257563944843
2024-01-16,0.007042124492874446,0.03083097686274794,0.014337128245169639
2024-01-17,-0.009553782672285682,0.0024425147171698303,-0.010860279697570197
2024-01-18,-0.034639725632667706,-0.044361927972517035,-0.03164546339962637
2024-01-19,0.008636206442302452,0.0032841904430673807,0.00683927888218494
2024-01-22,-0.050723688211871454,-0.07499890059540892,-0.05299546645816278
2024-01-23,0.008560013431039293,-0.006103561971302018,-0.0008852466060559339
2024-01-24,0.005810521700930993,0.016719313464545804,0.00425212498612515
2024-01-25,-0.0035747525934159974,-0.010180485399935102,-0.0049294332901886895
2024-01-26,0.04715459322091098,0.04347685927092093,0.04244057298651427
2024-01-29,0.03518615720198892,0.05054306018858057,0.03305297346581426
2024-01-30,-0.007753530092743932,0.0011378862425595049,-0.006519105382811086
2024-01-31,-0.00861423582021903,-0.026258666353548787,-0.013380705498021617
2024-02-01,0.011581441842771323,0.009791738112186366,0.010229153088989307
2024-02-02,0.0025556346111748063,0.010297860543912352,0.003494685199286085
2024-02-05,-0.012207500646732261,-0.021843443423231412,-0.011380488190693483
2024-02-06,0.009986338686479135,0.018593831813989548,0.012437126304531754
2024-02-07,0.02863085008118116,0.030829046037151864,0.02672193719682392
2024-02-08,0.022188248784866804,0.012728645172276343,0.017922877001816717
2024-02-09,0.04074103742791024,0.03634612764000433,0.03650858338892893
2024-02-12,0.059622278397866824,0.05846627803975868,0.05567040855979699
2024-02-13,-0.004319233922406296,-0.001714676788557301,-0.0051845370040940475
2024-02-14,0.041900916949929146,0.044097353896974445,0.04210108016638103
2024-02-15,0.0021583350882303787,-0.0029740723355644594,0.007927416977580926
2024-02-16,0.004267512618200575,-0.010319406283915589,0.00219766770151808
2024-02-20,0.0023901723446364542,0.0207121975206237,0.011300703842154425
2024-02-21,-0.00852436412059887,-0.01739629148534172,-0.007336811482648198
2024-02-22,-0.010305082651198116,-0.013297290776773107,-0.008446990183733738
2024-02-23,-0.011168964874795462,-0.01484542636770081,-0.012386545815077032
2024-02-26,0.07471530629852263,0.08695859865804723,0.07503858212602488
2024-02-27,0.04700762695380023,0.019182860183342587,0.039122108295010616
2024-02-28,0.09493531994124749,0.07441832138150106,0.0806261324800599
2024-02-29,-0.020900898468654838,0.007013480669189942,-0.016333072945930227
2024-03-01,0.020298739001094468,0.027186477125337172,0.024230311031078644
2024-03-04,0.09432609800233993,0.05861789904888437,0.08674302056525929
2024-03-05,-0.06628402455760385,-0.04789575359897247,-0.060976442737859626
2024-03-06,0.03613733749494186,0.05046447559358613,0.043459969424607614
2024-03-07,0.012384196927533564,0.04123610952984458,0.02020814309936947
2024-03-08,0.020539401213710118,0.01115136561267005,0.017069058551790972
2024-03-11,0.05598546488085887,0.04156882434256848,0.05882636039574085
2024-03-12,-0.008909905479502322,-0.005155391970643408,-0.01050236821102224
2024-03-13,0.022414410239567584,0.03807473064308531,0.029072564395031586
2024-03-14,-0.0230819028918976,0.00996899406846441,-0.02184768581176777
2024-03-15,-0.027911980219644472,-0.00732940792169734,-0.024248049601817034
2024-03-18,-0.026730242400589965,0.0020162597083159817,-0.032604682803840435
2024-03-19,-0.08343356981432348,-0.10930674288718167,-0.08901871459551436
2024-03-20,0.09692504638897836,0.11350280472571828,0.0986301327266188
2024-03-21,-0.035667063539994937,-0.03894424320164713,-0.026744542397163285
2024-03-22,-0.02615044343853412,-0.03227468696890401,-0.02840559551303279
2024-03-25,0.09689825601354007,0.08612735653085957,0.08991826737037356
2024-03-26,0.0004148646391044508,0.0032911847666732275,-0.00029852987510814444
2024-03-27,-0.007608353371227561,-0.0185402072945563,-0.011277128512733436
2024-03-28,0.018567460837021654,0.0178245756489257,0.01989560186093886
2024-04-01,-0.014740340355551051,-0.0028749960124917484,-0.01470438363796811
2024-04-02,-0.061047985989492126,-0.06173863229676535,-0.06037872939697986
2024-04-03,0.008156830210526378,0.013708605601449264,0.007806564260778082
2024-04-04,0.03831464260916784,0.01222196839237788,0.03200473266913262
2024-04-05,-0.00979732087508789,-0.021438678891593788,-0.010285438579484718
2024-04-08,0.05592350669993551,0.06879856249492255,0.06176107922705509
2024-04-09,-0.03479403115822832,-0.04418506391243038,-0.035215018309863066
2024-04-10,0.0209558550176423,0.01285217612159939,0.020094921038421143
2024-04-11,-0.007469744331340622,-0.00787063151333689,-0.008454172288329453
2024-04-12,-0.04088948430588779,-0.0738507701677178,-0.04986765108811997
2024-04-15,-0.05609952528004958,-0.0643765776340871,-0.05826233047662999
2024-04-16,0.006080330797783695,-0.004296803230921298,0.0015717882284307372
2024-04-17,-0.03972884891052719,-0.03510294897991295,-0.03533572911582239
2024-04-18,0.036491240774986444,0.04484788708920506,0.03503307785580079
2024-04-19,0.005208661031110617,0.0023482723152343787,0.004084185032969145
2024-04-22,0.046897586716164286,0.06249669119044965,0.05324366646248624
2024-04-23,-0.006439574982440521,-0.0048606823551744505,-0.005192663668598052
2024-04-24,-0.03208044676017341,-0.033476800405283,-0.02975187620480879
2024-04-25,0.0031863484195513436,-0.002750864518428653,0.0029349422982258844
2024-04-26,-0.011265004482557628,-0.018615856892005067,-0.01196999804225729
2024-04-29,0.0013457822943943043,0.0073762263759795665,0.002963937789196125
2024-04-30,-0.050191249309274544,-0.06280886871336178,-0.05062272069781648
2024-05-01,-0.03929695449375714,-0.0027263203373737444,-0.02907558085993822
2024-05-02,0.014924669552331515,0.01492797871138074,0.012479576329629483
2024-05-03,0.06370405294167747,0.04852880974285645,0.057138130057820646
2024-05-06,0.00432682447320154,0.018167616582183577,0.004709473907059003
2024-05-07,-0.013095428857576641,-0.020851968702643497,-0.015762149801860748
2024-05-08,-0.018398626419713127,-0.023296776790810214,-0.01633411937325957
2024-05-09,0.030431151767099873,0.04225862008788828,0.028750515417268918
2024-05-10,-0.035799920573900135,-0.04028454149735583,-0.03616137170248601
2024-05-13,0.034686223711685615,0.018471179443214636,0.02829351303201899
2024-05-14,-0.021440843939220078,-0.026880357671598243,-0.022520158434430892
2024-05-15,0.07659609250545496,0.08223733797773658,0.07053193327770302
2024-05-16,-0.01563225228621834,-0.012542284021647698,-0.016961840164743558
2024-05-17,0.02790508695432159,0.048208885997141016,0.03133827416007162
2024-05-20,0.06556595639570117,0.11399054836758715,0.07949455741058165
2024-05-21,-0.018358253231772315,-0.011102953076739919,-0.008239402603043455
2024-05-22,-0.01446030042296953,-0.011642591970785765,-0.01409985898292243
2024-05-23,-0.017255976976508824,-0.0036192522664745264,-0.012219568022632465
2024-05-24,0.008781729788116976,-0.018002105834865834,0.003467281942542755
2024-05-28,-0.003354675185926581,0.011027369656715802,0.002233624570536108
2024-05-29,-0.010514857383667309,-0.011449047797070122,-0.011641302473229365
2024-05-30,0.011644282841287046,-3.765127419119718e-05,0.0066288957469657905
2024-05-31,-0.012778150001160005,-0.005578442452378152,-0.00912457763771668
2024-06-03,0.019459766931002154,0.005302317642782661,0.016460834803232904
2024-06-04,0.025622992224831886,0.026525643005149036,0.026754737732602507
2024-06-05,0.007298724608017615,0.01020169562763762,0.008584824566627569
2024-06-06,-0.004581363662391702,-0.012771893324528327,-0.005625499500171882
2024-06-07,-0.019992012734576292,-0.03301469251411282,-0.025468367845722595
2024-06-10,0.0024472019640708886,-0.007541560823803306,-0.004362961640681728
2024-06-11,-0.03136496113771259,-0.04546003408699195,-0.03464888013619394
2024-06-12,0.013502581655740586,0.02286913493816467,0.016260201279043818
2024-06-13,-0.021757960505889518,-0.032400317483246455,-0.02412595625026126
2024-06-14,-0.011164543099157487,-0.012031139822301973,-0.008883998012458205
2024-06-17,0.007259433191864062,0.006062363090771461,0.009359800966302734
2024-06-18,-0.02029695827328193,-0.02251628955748275,-0.02005571917826654
2024-06-20,-0.004791008124175322,-0.008021420049708627,-0.0033502297737533215
2024-06-21,-0.011298352821403568,-0.0009531913043998586,-0.007813995166129462
2024-06-24,-0.05957896416318087,-0.04242850818417776,-0.053625359297325814
2024-06-25,0.025336630415440098,0.023472902018983,0.02259874426276287
2024-06-26,-0.016072632592061264,-0.007960925663433649,-0.014040241220219518
2024-06-27,0.013048951973404943,0.04196068749067905,0.016923820860549554
2024-06-28,-0.020853310881755127,-0.035584929077681404,-0.02186373804211983
2024-07-01,0.04197344183427565,0.03676074593721146,0.03583136662952646
2024-07-02,-0.013093697885290578,0.009467937286011807,-0.007778619169719891
2024-07-03,-0.02990687070088427,-0.05080680586855524,-0.03359475668152723
2024-07-05,-0.05835662302840394,-0.0660138780342413,-0.06747873669013471
2024-07-08,0.0007539863313177353,0.017217222785652853,0.00564877767266192
2024-07-09,0.02299844211812685,0.017126899743918678,0.020131430214919588
2024-07-10,-0.004598069730555987,0.004006163272714858,-0.0002831277593089432
2024-07-11,-0.006885432015347748,-0.017364565001561583,-0.00530082704705459
2024-07-12,0.009670444019596713,0.01588000428150549,0.013133281600941071
2024-07-15,0.12039295214232815,0.12694258812133885,0.12029244714852338
2024-07-16,0.00349923787055606,-0.0017707459751841181,0.0041430957686035
2024-07-17,-0.01502916014346356,-0.020872985839617497,-0.010003501663857661
2024-07-18,-0.0022571629283559824,0.010564154663770031,-0.005290463395339007
2024-07-19,0.04276873423013616,0.043765119292318744,0.03846534291580461
2024-07-22,0.013117848903254625,0.019087107962100003,0.012384966119041163
2024-07-23,-0.02452573786440093,-0.017208309682737233,-0.01912183406161927
2024-07-24,-0.008426492953570675,-0.0046905173722340265,-0.009428925455200243
2024-07-25,0.00619673448871394,-0.025437618335503398,-0.005882952330286906
2024-07-26,0.032455548053117234,0.04445701749694697,0.03172053695160115
2024-07-29,-0.016081803398328653,-0.002085779678822619,-0.010956605884224424
2024-07-30,-0.009262185475442553,-0.01437364738584701,-0.005774229746775883
2024-07-31,-0.023893373992326716,-0.02744788801931075,-0.02191912455724665
2024-08-01,0.011424614182306447,-0.008039368346327791,0.003001156533633864
2024-08-02,-0.0603210586964007,-0.0724367818788405,-0.062048778868890375
2024-08-05,-0.1208760294403024,-0.15347529586975184,-0.13355603616259482
2024-08-06,0.03783671505322794,0.054792094144735515,0.036862598703476745
2024-08-07,-0.017968550940289485,-0.02025320868577607,-0.011184404864622355
2024-08-08,0.12144256099404904,0.13132482988554517,0.11789117705574759
2024-08-09,-0.013450358103773263,-0.028128849261121358,-0.01938331305972174
2024-08-12,-0.025059047594115813,-0.016442207220126903,-0.013999363313743074
2024-08-13,0.021144992390795814,0.005416725995346816,0.015363157948463435
2024-08-14,-0.0308911115194338,-0.021917635971418714,-0.025965125596719707
2024-08-15,-0.020041310813293856,-0.020870119495074668,-0.020938245541397005
2024-08-16,0.023175912946963972,0.0028630206900501776,0.017598983580209282
2024-08-19,0.010176700222877422,0.020790047242896126,0.017730987641045193
2024-08-20,-0.008079210921579816,-0.013264562974306227,-0.008554668303628277
2024-08-21,0.03664287570061431,0.018965058335697504,0.030171450038851466
2024-08-22,-0.012967304646127387,-0.004409581967428244,-0.008849582617701746
2024-08-23,0.061482671821355694,0.06149611290659385,0.05622526121447646
2024-08-26,-0.018936071727747583,-0.007216550712555225,-0.023257648312910884
2024-08-27,-0.05369739018896713,-0.0668019115561661,-0.0556066731397602
2024-08-28,-0.00800797843742207,-0.0013504436075316706,-0.002367656556643394
2024-08-29,0.006108236397788458,-0.006762510701378344,0.002989894885299549
2024-08-30,-0.004524521990973862,-0.0065881377952006215,-0.003367810041785768
2024-09-03,-0.02856001478996517,-0.04825332480842448,-0.03139272825816031
2024-09-04,0.009411561777028288,0.02278990677314585,0.009210192815124252
2024-09-05,-0.031240343288065464,-0.03213588198269268,-0.03009444380670978
2024-09-06,-0.03938239218868078,-0.04443204857953709,-0.04211380024938516
2024-09-09,0.05692033694302334,0.06615647336288699,0.058109995713142126
2024-09-10,0.011034389872275785,0.009446606892748788,0.009859800477419078
2024-09-11,-0.005300015516934153,-0.01652317572930584,-0.007148766324337696
2024-09-12,0.013669279499548104,0.01707223918023737,0.016062338747882654
2024-09-13,0.04205082955798245,0.03231765769737027,0.038056882750675536
2024-09-16,-0.039272608282607036,-0.05126073294954814,-0.040153739335412664
2024-09-17,0.0363626062794542,0.01889324056561681,0.030125509288232655
2024-09-18,0.02223798894564699,0.017769041997736545,0.01987400019719665
2024-09-19,0.020937291974474137,0.04223946856150107,0.023525074323970996
2024-09-20,0.004012038411551844,0.022707169607773192,0.009142340814442873
2024-09-23,0.0021651807873723783,0.007495291208190924,0.00924817609158235
2024-09-24,0.015350876787186163,0.024801684582626216,0.014012264328136403
2024-09-25,-0.018021597802944544,-0.026155287774974556,-0.020308672348847034
2024-09-26,0.03227389157015215,0.03503479600227433,0.030416101094625336
2024-09-27,0.009353099040706248,0.01568084204242659,0.011953776176307995
2024-09-30,-0.03740901688060061,-0.03473598862231353,-0.03531138329596195
2024-10-01,-0.039357521968435005,-0.04875795025613794,-0.041807072570827275
2024-10-02,-0.0033568819965540397,-0.02376211800558059,-0.013886526211706274
2024-10-03,0.0020882627636800155,-0.009903444128196992,-0.0015221304175370154
2024-10-04,0.021528753876634443,0.03172927106773882,0.02340237029249259
2024-10-07,0.002725801065548872,0.0037707499770052166,0.00290376462226849
2024-10-08,-0.001682150134456939,0.0005114296799884066,0.0010775736335459918
2024-10-09,-0.024944762232405604,-0.02754832677012853,-0.024406134404186042
2024-10-10,-0.005077433013489396,-0.0005600182818430444,-0.0031682354295233806
2024-10-11,0.03601174366854987,0.034884951425147026,0.03262799066892419
2024-10-14,0.057667226762912804,0.07305939602908929,0.05820618268209077
2024-10-15,0.015064992457922255,-0.0036201378229661074,0.008952131277938369
2024-10-16,0.008526251733136814,0.002513848691949594,0.008160735521513862
2024-10-17,-0.0031485616380423354,-0.010266786215194279,-0.004266464120830871
2024-10-18,0.015118035686984,0.019977079823652266,0.015426291205122178
2024-10-21,-0.01536036393511686,0.021394788328266356,-0.007542349405403992
2024-10-22,-9.567341618454961e-05,-0.003446468640838307,-0.003966186579116848
2024-10-23,-0.01379441121005398,-0.010624963382560693,-0.016919597448353807
2024-10-24,0.02602442034118191,0.02478903881215455,0.02325777310738153
2024-10-25,-0.022280180844656217,-0.04461401325270509,-0.028718856114992253
2024-10-28,0.04899798117963772,0.06153342887057267,0.05172213590035235
2024-10-29,0.040234939054175634,0.024697495521497137,0.03574606533166391
2024-10-30,-0.005238593875544151,-0.00823044245124116,-0.005404215902312992
2024-10-31,-0.029366396164960507,-0.03951303621275237,-0.03300814574835764
2024-11-01,-0.010435331387529168,-0.008551359950790371,-0.008457331643624055
2024-11-04,-0.024048669650932553,-0.040329806096258136,-0.028250619215524853
2024-11-05,0.02282879023690776,0.03003247061022929,0.022475766795151397
2024-11-06,0.09053568676993895,0.11198950172889988,0.09314575531493774
2024-11-07,0.003513808689745934,0.0389628565259128,0.014686098499661071
2024-11-08,0.008439738809541852,0.01677062705310073,0.010451499124208397
2024-11-11,0.15880765733523816,0.13656428126298636,0.156396009882388
2024-11-12,-0.008406532091926988,-0.03145096115137702,-0.007585098204977214
2024-11-13,0.029882636380625716,0.008924808987189836,0.018089317025329343
2024-11-14,-0.036802617869275966,-0.03542710406365046,-0.028797568653199046
2024-11-15,0.04373133907381366,0.033723546259909254,0.04431356445842294
2024-11-18,-0.0057471190411420014,0.04269569794228567,0.01992820862052458
2024-11-19,0.019892819836786257,-0.0056406106162933956,0.00881118429185479
2024-11-20,0.02161166598491282,-0.0007410976930377622,0.011858661203355991
2024-11-21,0.044151545428309014,0.07634024533853734,0.058289433617111364
2024-11-22,0.005004201495724558,-0.0018415913062247435,0.018470044877266112
2024-11-25,-0.05955056862531716,-0.043078774973870027,-0.044553321845823946
2024-11-26,-0.011997304040733292,-0.017420963155302394,-0.014781442305547454
2024-11-27,0.04323745271515378,0.06365872403142259,0.05221613653427948
2024-11-29,0.015620598664648044,0.0008602537701740687,0.031136620861004882
2024-12-02,-0.016377937607589543,-0.025548376888939628,0.047833580022672795
2024-12-03,0.0014276215513644441,0.010795452292028829,0.004013903328594859
2024-12-04,0.02881567529768425,0.02205854076166669,0.026404996109391066
2024-12-05,-0.022020788503929523,-0.003031313986095796,-0.01928764188232246
2024-12-06,0.03444474217316973,0.03290821795163357,0.03643918485462949
2024-12-09,-0.024899664585615655,-0.060173044597937264,-0.038481103438995024
2024-12-10,-0.007772430783165363,-0.015773140792550877,-0.008154404187092013
2024-12-11,0.04652269534294651,0.05501282856453327,0.04716945343084178
2024-12-12,-0.011169293200355757,4.767911858216678e-05,-0.007829951146496872
2024-12-13,0.014156490833941326,0.004105338272636372,0.013934701421073559
2024-12-16,0.045047253804540555,0.009894318657537537,0.03470314148845799
2024-12-17,0.001045771070669721,0.0007063391064816571,-0.0013030449860190751
2024-12-18,-0.057462106019896875,-0.06642633763761785,-0.060956939917842345
2024-12-19,-0.025495268879325628,-0.04585578844780058,-0.031609415535355234
2024-12-20,0.002717960528709318,0.006185704460070385,0.005639973727306069
2024-12-23,-0.031401547812117236,-0.023767315435332392,-0.02502641505353942
2024-12-24,0.04213760595334648,0.034205277135008094,0.03674869850418028
2024-12-26,-0.029192259396668696,-0.039519340122959545,-0.03326368233610644
2024-12-27,-0.017022260795415023,-0.013500563297449308,-0.01332643683661594
2024-12-30,-0.01615940859041931,0.008692788301037702,-0.01024716186682928
2024-12-31,0.008484077565384052,-0.0022536409785011147,0.0051585640624161044
2025-01-02,0.037008470150108774,0.05523148275026757,0.0418701754946591
2025-01-03,0.01259772995568298,0.03504747567796285,0.019675991145957195
2025-01-06,0.040472533656703336,0.022511546930958692,0.03292058442726775
2025-01-07,-0.05050430525956884,-0.06977898218790435,-0.056832595324311286
2025-01-08,-0.019388436629511285,-0.0195991555049998,-0.015197450968429282
2025-01-10,-0.0035990912387096063,-0.023695406943552433,-0.007581992039455532
2025-01-13,-0.0019527650463390112,-0.022279395496340837,-0.004368746088553532
2025-01-14,0.021345722040169157,0.024898079976804155,0.024404746890132945
2025-01-15,0.04112999963257802,0.0689523742037963,0.05411503713118182
2025-01-16,-0.0074383335632930425,-0.007702989803238691,-0.009177855146971892
2025-01-17,0.04716598568833419,0.04559008986668478,0.04463866695169871
2025-01-21,0.01612285742854702,0.03917592941313597,0.004251876700289037
2025-01-22,-0.023488299826845638,-0.005559254701775207,-0.01948788076459862
2025-01-23,0.002962783076025932,0.0038016473934285866,0.0037982913732816925
2025-01-24,0.008265785680243276,0.0003459033631181274,0.0039343079060525366
2025-01-27,-0.026061918652707572,-0.047254764778953406,-0.027940944531279377
2025-01-28,-0.007397669160641995,-0.02420143246894968,-0.012072846407183535
2025-01-29,0.023395602825692086,0.012680040683400007,0.019251487461713346
2025-01-30,0.009952379879751616,0.033564626985941315,0.016385376936836504
2025-01-31,-0.022249243050878498,-0.014175124293222208,-0.017076889296270603
2025-02-03,-0.009761255150828485,-0.0654636723468458,-0.03766701891166657
2025-02-04,-0.034846278405663345,-0.04286115864802764,-0.040982006596605225
2025-02-05,-0.012836943218062724,-0.015839368122926856,-0.011579654847513665
2025-02-06,-0.00022924323774897726,-0.022444376687570156,-0.007651394398808797
2025-02-07,-0.0006647556256733633,-0.00446230420417093,-0.001936136457862836
2025-02-10,0.009411347276076176,0.021881046665367165,0.014456485486685766
2025-02-11,-0.017345724709744048,-0.01704071037197885,-0.014215741990786457
2025-02-12,0.02233406885677658,0.022440941765105915,0.029338247339755652
2025-02-13,-0.012892487184132717,-0.01568161693064707,-0.013586850136710682
2025-02-14,0.009160278803397981,0.018508178188348712,0.013055694675770724
2025-02-18,-0.02019734082153346,-0.06421314327070693,-0.027076892663677632
2025-02-19,0.011472343504350668,0.01002547943679244,0.014924494682214684
2025-02-20,0.017574558032841914,0.021612395277872842,0.014355096948398094
2025-02-21,-0.02245807176184722,-0.030311395581746337,-0.025110967791456162
2025-02-24,-0.04897111281063904,-0.08351999772597796,-0.05654603591549856
2025-02-25,-0.029337712021491935,-0.009737493876443293,-0.02032610707027993
2025-02-26,-0.04946290046952739,-0.05918365600551234,-0.050469777801881
2025-02-27,0.004234922709094535,0.003280007074329294,0.001592616397681601
2025-02-28,-0.003910297790814532,0.009450039447471026,-0.008200794314325854
2025-03-03,0.02006167738219733,-0.018808538943823727,0.011797903719447334
2025-03-04,0.013437685575495406,0.015072294499739902,0.014047720989637247
2025-03-05,0.03899657851208138,0.027115028453647883,0.03534081101029396
2025-03-06,-0.007303133084180069,-0.014900199886284438,-0.006596111472597976
2025-03-07,-0.03578249118266519,-0.031217413665787674,-0.035429728141254224
2025-03-10,-0.09465551034480402,-0.12468236852251524,-0.10580572731061255
2025-03-11,0.05513944554449157,0.048515098098787846,0.05183574124849044
2025-03-12,0.010380466895202334,0.005190897656810245,0.010711935519255533
2025-03-13,-0.0317197970748182,-0.027422908964854775,-0.026379472577719
2025-03-14,0.03580259620308812,0.047047349369577995,0.035157276530573656
2025-03-17,0.001269347123127984,-0.00957689583646304,0.004575538073688046
2025-03-18,-0.016142449028442307,-0.011975610430507433,-0.013572271365258626
2025-03-19,0.049997601050550955,0.06510152967178762,0.05254983909361277
2025-03-20,-0.030937253791171848,-0.04219857918113756,-0.03085252512088532
2025-03-21,-0.0014727011460912154,-0.0010397459533124653,-0.002951518951496479
2025-03-24,0.04111778395329413,0.06444732998702918,0.042712883049671246
2025-03-25,-0.0003109860024155253,0.005345345286569048,-0.00038888549568760755
2025-03-26,-0.006525771102047551,-0.026698557634554088,-0.012940761212453467
2025-03-27,0.003178549412391929,0.002568130068762997,0.0032592625542242626
2025-03-28,-0.032393289916566204,-0.0498070010606807,-0.03743106975945676
2025-03-31,-0.02138905788841794,-0.031652095288651094,-0.026151203369484843
2025-04-01,0.0317418810684309,0.03076428943202858,0.03171332868496002
2025-04-02,-0.031507420800550134,-0.05325955472496802,-0.03805215216815894
2025-04-03,0.007481504135517403,0.00437161317029533,0.007746865249385948
2025-04-04,0.00891638201994116,0.018837544106141024,0.010323652980134934
2025-04-07,-0.05496492874072867,-0.10872378806094019,-0.07396171631154724
2025-04-08,-0.03739976334343398,-0.03442176899666849,-0.03793676824989656
2025-04-09,0.0826253916648998,0.11334841523725658,0.09222399816911331
2025-04-10,-0.03569905991466371,-0.05758024572950571,-0.04208661241132028
2025-04-11,0.04745546227457886,0.05208449479842914,0.04335407164911498
2025-04-14,0.013638953601592618,0.03764607079855886,0.018747479849159587
2025-04-15,-0.01033089354397465,-0.01822832903320526,-0.012556723758191057
2025-04-16,0.004360934564412,0.014114449075182334,0.0038391941381723527
2025-04-17,0.01025637449930672,0.013356253054055856,0.008933102755456002
2025-04-21,0.030898557937234727,0.015621296399250806,0.02420153249898993
2025-04-22,0.06767662701452015,0.08779653351628802,0.07264132742742313
2025-04-23,0.0027527134594511615,0.013282648973904854,0.004434184723644652
2025-04-24,0.0026114175645011173,-0.0005654875751143207,-0.0001008958572755736
2025-04-25,0.008267742531563593,0.002157082911622643,0.006369775417597978
2025-04-28,0.002726442533559137,-0.0046487524424561055,0.004933238119118721
2025-04-29,-0.007306486319308192,-0.005854873287706286,-0.00756204683512629
2025-04-30,-0.0008217291810308502,0.0018240155187692064,-0.0019953427023733372
2025-05-01,0.024255266145077448,0.023641259463817565,0.022751046851620327
2025-05-02,0.0043291974532626565,-0.004104773716774535,0.00285090600122917
2025-05-05,-0.022309504244793943,-0.014689967353081368,-0.02054713276783715
2025-05-06,0.02168299794413664,0.006538164622066356,0.016059787949484372
2025-05-07,0.0023743581586117557,0.0011660216352320507,0.0009178242528351532
2025-05-08,0.06399043746457878,0.13149630284919556,0.0886807872985047
2025-05-09,-0.002621130818400874,0.03919220036768989,0.013679648380190645
2025-05-12,-0.0015334284907234652,0.025748712699038556,0.01496062623185046
2025-05-13,0.013197358248725033,0.04993057262745926,0.025424291482454064
2025-05-14,-0.006051642240404331,-0.02475714991847877,-0.012126151954054643
2025-05-15,0.00198211052629782,-0.022731516076520575,-0.008691730682004462
2025-05-16,-0.0024613470244019275,-0.00544600718140642,-0.0029784219973700843
2025-05-19,0.02045516636723188,0.00419774051266586,0.013809294758378554
2025-05-20,0.011220046530480143,0.005677252085886764,0.007286692720965382
2025-05-21,0.027034018449719754,0.022162277823137178,0.0243338337993404
2025-05-22,0.018191448638679386,0.03300154440224623,0.023163733524802055
2025-05-23,-0.03927066820202341,-0.041929689868260844,-0.042700676899826484
2025-05-27,0.015909020407871788,0.03073085794018704,0.023680383547805217
2025-05-28,-0.010939184653144474,-0.008697535711412963,-0.008078499146831786
2025-05-29,-0.020041963379443528,-0.02326291896374466,-0.019747564083556268
2025-05-30,-0.015554336978341743,-0.03897730274495492,-0.024125048006247263
2025-06-02,0.018105642527988408,0.019062367831799598,0.02022036440154551
2025-06-03,-0.004241178746647534,-0.006693946275624807,-0.0034639453575258106
2025-06-04,-0.0066439151364366955,-0.004482371686134856,-0.005361178154987378
2025-06-05,-0.030134359325224014,-0.0538493556999714,-0.0395464255249427
2025-06-06,0.027707252931573167,0.025441575920907455,0.026832937065196294
2025-06-09,0.05655463523176696,0.07575897378836371,0.06131093625377737
2025-06-10,-0.0003342625487466888,0.024344019362456004,0.007962765503811475
2025-06-11,-0.014244955298426398,-0.01749042249386812,-0.014401474079415166
2025-06-12,-0.02537175399916969,-0.04023802895507533,-0.029353552362824442
2025-06-13,0.0015285141831733462,-0.017624718152257413,-0.004920326672948727
2025-06-16,0.006652678081988217,0.0020525007423026764,0.0044954507613548245
2025-06-17,-0.020559056941174547,-0.017682062675203336,-0.019256394625526307
2025-06-18,0.0026979724986506692,-0.0003586736913597788,0.0024204212950369453
2025-06-20,-0.015004544484176097,-0.03428969882268906,-0.020577110226598583
2025-06-23,0.021955092660267406,0.02034073054512131,0.01898416712602602
2025-06-24,0.004431419225533917,0.007553759406372151,0.005741960653905753
2025-06-25,0.012406215749838134,-0.004941791871030943,0.006887971689883532
2025-06-26,-0.003737454466123835,-0.01166570416636803,-0.006215412123212971
2025-06-27,0.0012007263229245613,0.00854543357709936,0.0030976834933551523
2025-06-30,0.00043801417330402437,0.036655578200484706,0.009488297291437853
2025-07-01,-0.01341345201305344,-0.03193847890658019,-0.018344233685731126
2025-07-02,0.02990624847553991,0.044931832418125595,0.035740884832930364
2025-07-03,0.007244728772290765,0.005366745454970179,0.007280849298573644
2025-07-07,-0.012295028529154428,-0.017998913929671678,-0.01225056975562766
2025-07-08,0.006005750382996888,0.018185709734798605,0.010100580620623356
2025-07-09,0.021810695604753683,0.03943275764285592,0.028785337729908322
2025-07-10,0.041864660687494615,0.05091174632683426,0.046247323101575644
2025-07-11,0.013189291760499877,0.002239876297586152,0.013643639904569849
2025-07-14,0.019849988449143874,0.011880028965179479,0.02098823056634136
2025-07-15,-0.01729262210051885,0.012716368805739453,-0.005617376403384666
2025-07-16,0.00816219450392297,0.04859136863327507,0.02384702700754704
2025-07-17,0.004643278306736054,0.017038807592254956,0.018845121750019178
2025-07-18,-0.0107856389702079,0.007603268091060933,-0.003245847332838947
2025-07-21,-0.004776882093994628,0.05539610664956207,0.017584327772612207
2025-07-22,0.02176332622218302,0.021033347076488518,0.016002632905030234
2025-07-23,-0.010337504434577038,-0.04185830071757968,-0.024166826808697528
2025-07-24,-0.0032584822936673197,-0.004672471804637479,-0.0009347707265744409
2025-07-25,-0.006185093838706468,0.00755271776026456,-0.00135265506073734
2025-07-28,0.0024532799270100547,-0.00028188145536167664,0.0049791363235291985
2025-07-29,-1.9742508661990676e-05,-0.001456088340305084,-0.0007923695305458445
2025-07-30,-0.0007713643170961237,-0.004969631839579325,-0.0018605624330226833
2025-07-31,-0.017592832754910526,-0.026060648047405266,-0.020669463686567857
2025-08-01,-0.021062154747402473,-0.045899364697810974,-0.029505102930620475
2025-08-04,0.015458838214843729,0.04059194235735153,0.025063495564431104
2025-08-05,-0.008085706753543476,-0.022944766607178924,-0.014353179454247522
2025-08-06,0.007767158415357134,0.01754500323650099,0.010920372492404296
2025-08-07,0.021463456180234264,0.042760822695180556,0.03343896650874001
2025-08-08,-0.0068782400705657,0.008681649735278185,-0.0006758900005022772
2025-08-11,0.017505707793510794,0.02122992997236106,0.018556658009501792
2025-08-12,0.01214051537658034,0.06619678059079148,0.029867468046264722
2025-08-13,0.026388279596092357,0.038021244988595715,0.027487230707935684
2025-08-14,-0.040411222672351976,-0.04307443454700455,-0.04113195262751124
2025-08-15,-0.008121240187970669,-0.023088202073203057,-0.011563669741700644
2025-08-18,-0.009761968948004074,-0.018282681280895163,-0.0114585090742656
2025-08-19,-0.02942851405644087,-0.04176834276862873,-0.03629197819997931
2025-08-20,0.012794003430595335,0.0486999197994431,0.02670017836564309
2025-08-21,-0.01623902974513103,-0.02737045339543931,-0.020663456299422678
2025-08-22,0.03962900798880531,0.10233744753719964,0.06416097440296342
2025-08-25,-0.05775218963945106,-0.07484164649836289,-0.06654703580230126
2025-08-26,0.015240086898922423,0.039397227980361826,0.025635786833322793
2025-08-27,-0.005193022862549412,0.0028931147767787824,-0.00744792240367087
2025-08-28,0.01189280397942638,0.023662962956106703,0.011726830639410046
2025-08-29,-0.036731759955323295,-0.037490127892488845,-0.035709999259347924
2025-09-02,0.025733128758534063,0.011769262895460653,0.01661251822190657
2025-09-03,0.004699840343410866,0.013214057386083056,0.007897540869403974
2025-09-04,-0.008947195185422974,-0.027347543861642953,-0.014449535951832182
2025-09-05,-0.0006558419928113235,0.0019389121104391727,0.0008802288787590484
2025-09-08,0.012837168331788718,0.021620357240632826,0.016244822226665345
2025-09-09,-0.004826232823193166,0.0033004088225472294,-0.003332413536176082
2025-09-10,0.02174124101370767,0.02082624265585986,0.01935406641977333
2025-09-11,0.013620945043858246,0.02020941168310797,0.016014416743967974
2025-09-12,0.005142859655061782,0.040712124130092286,0.017004459254918558
2025-09-15,-0.005656280781067058,-0.026557833205427706,-0.013565209789155874
2025-09-16,0.012112382641498831,0.006169048911093489,0.010867764594187923
2025-09-17,-0.0032066883445814875,0.017002914427576288,0.004747905186974988
2025-09-18,0.005741425944741252,0.005683864719898901,0.0036008606669302168
2025-09-19,-0.012364506846338497,-0.02545078623458219,-0.015507153652539185
2025-09-22,-0.025416030362690245,-0.05434719372748131,-0.03203931547611516
2025-09-23,-0.006510133275738239,-0.01566819249111273,-0.006105802080537681
2025-09-24,0.011731809832655538,-0.00010903784845883724,0.00966604239557367
2025-09-25,-0.03776048156409062,-0.06584635190125254,-0.04713001982741816
2025-09-26,0.0060847628462730174,0.038171942491044275,0.014224107274734665
2025-09-29,0.04272567545300454,0.041678365648461835,0.04373093208718082
2025-09-30,-0.003009577997342028,-0.013299494027948056,-0.007012068490891532
2025-10-01,0.04026829179914859,0.050481055985493795,0.04083013072916031
2025-10-02,0.017128920845327356,0.036010831021040746,0.023861910130349218
2025-10-03,0.013136036748664148,0.003599215755796914,0.014409291568047378
2025-10-06,0.020332628844412337,0.018753943664525652,0.02090384606598139
2025-10-07,-0.026461574802715604,-0.04295148869980758,-0.026922593250280458
2025-10-08,0.015672809406696242,0.023839916727067756,0.01527567817467368
2025-10-09,-0.013370216251727629,-0.027913311724928613,-0.019351965504785684
2025-10-10,-0.06976852117831744,-0.11177302265815725,-0.08767728205271463
2025-10-13,0.018166518866759906,0.07391259139775941,0.0452635540218016
2025-10-14,-0.01867262888064536,-0.025069067146951785,-0.024198930876422553
2025-10-15,-0.02064646024027994,-0.03178019474004212,-0.025262452793444523
2025-10-16,-0.023443318504017374,-0.03129724679649215,-0.02417579813927484
2025-10-17,-0.015882363518340492,-0.015434796593067235,-0.01866793813611345
2025-10-20,0.03870786330108511,0.03985696876513911,0.04050397766813285
2025-10-21,-0.019098105646452646,-0.02224503215603446,-0.021746832336195787
2025-10-22,-0.007267028792566799,-0.01790238358968943,-0.00914402559084826
2025-10-23,0.022111355667553845,0.03150986952126855,0.02310674908650867
2025-10-24,0.008759859251149305,0.013437195141519975,0.010736684965552135
2025-10-27,0.02778796063308908,0.03391647718754509,0.03138572316653754
2025-10-28,-0.010192524628482968,-0.021701947607767003,-0.015268204912342154
2025-10-29,-0.025681284408657246,-0.01556937516440804,-0.022120158155336633
2025-10-30,-0.01589889571855163,-0.030219328646424848,-0.02032650282307491
